m_age,d_age,bedroom_count_code,m_years_at_addr_code,m_work_hours,d_years_at_addr_code,d_work_hours,usual_resdnt_count_code,total_income_hhld_code,Outlier,ExtremeValue
33,41,3,5,30,2,40,3,13,no,no
18,33.721865,2,1,0,2.823703,0,2,7,no,no
34,37,4,4,0,4,35,3,12,no,no
28,24,4,2,0,0,60,5,14,no,no
30,36,3,2.788198,23,9,50,4,12,no,no
36,36,3,4,1,0,40,4,12,no,no
38,38,4,2,85,1,70,4,13,no,yes
36,36,4,0,35,1,55,4,14,no,no
29,33.721865,3,1,0,2.823703,0,4,4,no,no
35,39,4,0,3,1,60,4,14,no,no
21,21,3,0,0,0,42,3,12,no,no
22,33,3,0,0,1,50,3,10,no,no
29,31,1,1,1,0,46,5,11,no,no
30.699966,34,3,2.788198,0,2,40,3,12,no,no
29,27,3,3,0,3,50,3,14,no,no
28,29,4,1,16,1,40,3,12,no,no
31,30,2,0,0,2,20,3,10,no,no
30,30,4,1,0,6,34.026761,5,13,no,no
36,49,3,3,0,2.823703,0,3,14,no,no
30,36,5,2,0,2,40,8,13,no,no
38,36,3,0,0,0,40,4,7,no,no
29,33,4,5,33,2,41,3,12,no,no
30,33.721865,5,0,0,2.823703,0,7,14,no,no
35,33,4,2,8.619314,2,34.026761,4,13,no,no
34,38,3,5,20,5,70,3,12,no,no
34,39,4,2,0,2,40,4,14,no,no
30,37,4,5,8.619314,7,70,6,14,no,no
37,39,3,1,10,1,40,3,14,no,no
23,22,3,3,35,3,45,3,14,no,no
30,35,4,3,0,10,40,5,10,yes,no
32,39,4,3,6,3,40,5,14,no,no
36,33,2,6,3,4,40,4,9,no,no
30,32,3,1,0,1,50,3,13,no,no
31,34,3,2,40,2,40,4,13,no,no
34,36,3,0,0,0,45,3,14,no,no
21,33.721865,3,0,0,2.823703,0,3,8,no,no
30.699966,36,3,2.788198,0,0,40,3,11,no,no
35,33,3,3,0,3,43,5,12,no,no
27,26,3,2,42,2.823703,40,3,12,yes,no
18,25,4,0,40,1,75,3,10,no,no
25,33,3,2,8.619314,2,50,3,14,no,no
31,37,4,2,0,5,40,4,11,no,no
22,28,3.247138,0,8.619314,0,0,3,7,no,no
36,39,4,2.788198,10,9,0,4,12,no,no
31,31,3,0,0,0,40,5,10,no,no
35,39,3,3,10,2,60,3,13,no,no
18,18,2,0,0,0,0,3,3,no,no
28,29,3,2.788198,0,4,0,6,9,no,no
36,36,3,4,0,4,45,4,13,no,no
31,29,3,2,0,0,45,4,14,no,no
37,40,4,2,30,2,100,4,13,no,no
31,33,3,0,38,7,34.026761,5,13,no,no
36,40,5,2,0,2,60,5,14,no,no
18,33.721865,4,6,0,2.823703,0,8,3,no,no
34,40,2,3,0,3,47,3,13,no,no
37,38,3,2,8,3,50,4,13,no,no
23,33.721865,3,2.788198,0,2.823703,0,5,6,no,no
40,36,3,0,0,0,0,6,9,no,no
30.699966,44,5,2.788198,0,2,40,4,13,no,no
25,23,3,0,0,2.823703,34.026761,4,11,no,no
29,33,5,2,0,2,38,5,13,no,no
18,33.721865,4,22,0,2.823703,0,6,14,yes,no
33,52,3,0,26,1,50,4,12,yes,no
39,34,3,0,0,2,40,4,14,no,no
34,36,4,1,40,0,40,3,13,no,no
32,34,4,5,0,4,50,4,14,no,no
30,29,3,6,0,4,45,5,12,no,no
40,33.721865,3,1,8.619314,2.823703,0,3,14,no,no
36,37,3,2,14,0,45,4,14,no,no
31,34,3,0,0,2,40,4,12,no,no
33,37,3,7,10,3,55,4,13,no,no
34,41,3,0,20,1,40,4,13,no,no
30,32,3,3,0,3,27,4,13,no,no
36,39,3,14,58,13,40,5,11,yes,no
31,33.721865,3,2,0,2.823703,0,6,11,no,no
34,36,3,2,25,2,50,5,14,no,no
32,33.721865,3,4,0,2.823703,0,4,13,no,no
27,35,3,2,40,2,38,3,14,no,no
32,32,3,5,0,8,40,4,13,no,no
26,25,3,2,0,2,50,3,12,no,no
28,31,3,2,0,2,0,4,12,no,no
30.699966,32,2,2.788198,0,3,0,2,2,no,no
36,33,4,1,8.619314,1,50,4,14,no,no
34,32,3,0,0,2,45,4,10,no,no
40,40,3,11,12,7,57,3,12,no,no
24,28,3,0,40,0,60,4,12,no,no
32,32,3,1,0,3,40,5,11,no,no
32,32,3,1,40,2,55,3,14,no,no
28,26,3,1,0,1,48,3,13,no,no
37,28,5,0,0,0,44,6,14,no,no
36,32,5,2,0,0,44,7,13,no,no
31,31,3,0,0,0,34.026761,4,8,no,no
29,29,3,0,0,0,56,6,14,no,no
34,34,2,1,0,2.823703,0,4,7,no,no
37,47,4,3,40,3,0,3,13,no,no
35,34,2,1,32,1,70,3,12,no,no
22,32,4,0,43,2,37,3,11,yes,no
22,25,3,0,33,0,40,3,10,no,no
21,33.721865,3,4,0,2.823703,0,6,11,no,no
32,45,2,0,0,3,0,4,8,no,no
20,33.721865,3,0,0,2.823703,0,2,4,no,no
33,32,3,6,0,4,40,4,14,no,no
31,28,4,5,0,2.823703,0,6,7,no,no
23,25,4,2,8.619314,2,42,4,9,no,no
33,36,3,2,15,2,40,3,12,no,no
31,35,3,2,12,3,40,4,12,no,no
33,32,3,0,15,1,40,4,12,no,no
19,33.721865,4,0,0,2.823703,0,6,14,no,no
29,24,3,3,50,3,48,5,13,yes,no
33,33,4,7,0,14,45,5,13,yes,no
34,31,3,0,0,0,45,4,11,no,no
37,37,4,3,40,2,40,4,14,no,no
25,25,2,0,0,0,0,4,7,no,no
28,33.721865,3,4,43,2.823703,0,9,13,yes,no
27,30,3,4,0,0,46,4,11,no,no
36,37,4,4,0,6,44,4,14,no,no
28,28,3,1,14,1,40,4,12,no,no
39,47,3,5,10,3,34.026761,5,14,no,no
33,35,6,0,20,5,60,4,13,no,no
33,38,3,5,16,0,32,3,12,no,no
25,29,3,2,24,2,40,4,10,no,no
29,30,3,0,20,1,38,4,12,no,no
34,33.721865,2,2,0,2.823703,0,3,11,no,no
24,32,2,1,0,1,40,4,10,no,no
33,33,3,3,0,2.823703,9,4,14,no,no
39,39,5,2,10,2.823703,20,5,6,no,no
26,31,3,9,35,3,45,5,9,no,no
35,30,5,2,40,4,60,4,14,no,no
23,33.721865,3,0,0,2.823703,0,2,8,no,no
23,29,2,2,0,1,40,3,12,no,no
32,45,3,4,0,4,0,5,10,no,no
33,33,3,0,0,0,40,4,14,no,no
32,31,3,5,0,2,70,5,9,no,no
35,33.721865,5,2,0,2.823703,0,7,12,no,no
34,33,4,3,40,3,40,4,14,no,no
32,39,3,3,0,3,34.026761,3,11,no,no
22,33.721865,3,7,0,2.823703,0,3,7,no,no
29,29,4,2,20,0,40,4,14,no,no
34,41,4,1,0,2,60,5,10,no,no
23,25,3,7,0,1,55,4,12,no,no
23,32,3,0,7,2,40,3,13,no,no
26,33.721865,4,0,0,2.823703,0,6,13,no,no
33,31,4,0,8.619314,0,38,5,12,no,no
26,21,4,1,5,1,50,3,11,no,no
27,33,3,4,23,5,40,3,14,no,no
25,33,3,1,0,0,50,5,11,no,no
42,35,3,5,0,5,45,4,13,no,no
26,30,5,0,40,0,35,5,14,no,no
30.699966,34,3,2.788198,0,1,38,3,11,no,no
32,41,4,0,30,1,70,6,13,no,no
33,30,3,2,0,0,40,5,12,no,no
33,36,4,1,3,3,40,3,14,no,no
30,32,2,2,8.619314,3,10,5,12,no,no
33,34,3,0,0,10,40,4,9,yes,no
32,37,4,2,0,4,45,3,13,no,no
41,49,4,21,36,22,44,3,14,yes,yes
29,31,3,0,0,0,40,3,9,no,no
30.699966,27,4,2.788198,0,0,40,3,11,no,no
36,37,3,6,37,2,45,3,13,no,no
32,37,2,1,40,2,50,3,12,no,no
38,39,3,2,58,0,0,5,12,yes,no
37,47,5,0,45,3,40,4,12,yes,no
35,41,3,0,0,0,0,4,2,no,no
38,28,3,8,8.619314,4,40,6,12,no,no
30.699966,45,4,2.788198,0,1,40,3,10,no,no
37,44,3,7,0,7,40,4,14,no,no
28,33,3,2,18,2,40,3,13,no,no
23,24,1,0,0,0,2,3,6,no,no
25,33.721865,2,2.788198,0,2.823703,0,6,11,no,no
31,33.721865,3,0,0,2.823703,0,3,5,no,no
37,33.721865,4,4,37,2.823703,0,2,10,no,no
31,30,3,4,0,2,45,3,14,no,no
43,35,3,7,62,5,43,5,12,yes,no
30,29,3,3,0,3,30,4,7,no,no
35,35,4,6,0,0,50,5,14,no,no
30,37,4,8,0,5,40,4,14,no,no
36,32,3,0,8.619314,0,64,5,11,no,no
35,34,3,2,5,2,50,4,12,no,no
22,24,3,0,0,0,40,4,9,no,no
33,28,4,1,0,3,45,3,12,no,no
35,33.721865,3,0,0,2.823703,0,4,14,no,no
31,33,2,2,0,3,40,4,10,no,no
29,44,5,21,0,5,40,12,14,yes,no
37,32,3,0,0,0,45,3,14,no,no
33,38,4,0,40,5,45,3,13,no,no
24,25,3,3,0,3,70,3,13,no,no
34,34,4,7,0,7,40,6,12,no,no
33,33.721865,3,6,0,2.823703,0,2,9,no,no
36,35,4,1,0,1,45,3,14,no,no
27,31,4,0,8.619314,0,48,4,12,no,no
32,36,3,5,0,3,40,5,12,no,no
34,34,2,0,0,0,38,3,10,no,no
29,31,2,2,0,5,30,4,10,no,no
31,35,3,3,0,3,45,4,12,no,no
33,30,3,0,0,17,40,5,12,no,yes
42,40,3,12,10,12,40,4,14,yes,no
26,33.721865,3,2,0,2.823703,0,8,14,no,no
31,31,3,6,0,6,40,4,12,no,no
31,32,2,3,0,2,45,4,11,no,no
28,33,3,0,40,2,40,5,14,no,no
27,32,3,3,0,3,40,4,14,no,no
46,41,5,0,0,5,8,4,13,no,no
32,38,2,1,0,2,40,4,10,no,no
40,33.721865,3,9,0,2.823703,0,2,9,no,no
34,32,3,4,8.619314,6,50,5,13,no,no
31,34,4,2,0,4,58,3,13,no,no
26,35,3,1,0,18,25,5,9,no,yes
36,34,3,9,0,6,50,4,14,no,no
33,32,3,3,40,3,60,4,14,no,no
25,39,3,5,0,33,0,9,14,no,yes
30.699966,25,3,2.788198,0,0,0,2,12,no,no
20,29,3.247138,0,60,0,45,3,12,yes,no
33,33,3,2,13,2,40,4,13,no,no
34,34,3,5,8.619314,5,40,6,13,no,no
36,37,3,0,40,0,50,5,13,no,no
41,41,4,4,14,2,30,5,12,no,no
29,33.721865,1,2,0,2.823703,0,3,5,no,no
41,51,4,1,0,1,50,5,14,no,no
23,25,3,5,0,1,40,6,12,no,no
40,31,4,0,40,0,70,6,10,no,no
27,37,4,4,50,4,90,4,12,yes,no
26,28,3,0,2,3,70,3,14,no,no
24,26,3,3,0,3,40,4,9,no,no
30,33,3,6,0,4,55,4,14,no,no
21,33.721865,4,9,0,2.823703,0,4,14,no,no
32,44,4,5,0,0,38,6,11,no,no
33,35,4,0,3,1,60,3,13,no,no
26,24,3,2,0,2,45,6,10,no,no
32,33,3,0,40,0,58,4,10,no,no
38,40,3,1,0,0,0,9,10,no,no
38,34,4,6,8.619314,5,60,4,13,no,no
32,33.721865,3,2,0,2.823703,0,5,5,no,no
31,28,3.247138,5,8.619314,0,0,3,14,no,no
33,34,5,2,0,2,70,4,12,no,no
32,36,5,4,38,0,40,6,12,no,no
41,36,3,0,12,2,50,4,13,no,no
37,37,3,2.788198,0,3,34.026761,4,14,no,no
18,33.721865,4,1,0,2.823703,0,4,10,no,no
30.699966,31,3,2.788198,0,3,48,7,11,no,no
20,33.721865,1,1,0,2.823703,0,2,5,no,no
28,33.721865,3,4,30,2.823703,0,5,6,no,no
20,29,4,2,0,4,40,3,13,no,no
30,34,3,15,8.619314,10,46,6,14,yes,no
38,39,4,8,35,8,60,3,14,no,no
38,32,2,0,50,2,34.026761,3,12,yes,no
33,36,3,0,42,0,40,3,13,yes,no
33,36,3,4,30,3,40,4,14,no,no
30,29,3,0,0,0,40,4,13,no,no
34,37,3,3,0,1,40,3,12,no,no
26,33.721865,3,5,8.619314,2.823703,0,3,8,no,no
35,39,3,0,0,2.823703,0,4,10,no,no
29,33.721865,4,3,0,2.823703,0,4,11,no,no
61,48,3,14,40,21,0,8,14,yes,yes
22,27,4,1,60,1,60,7,12,yes,no
42,46,3,9,0,1,34.026761,10,10,no,no
33,27,4,1,8,1,56,4,13,no,no
21,22,4,12,0,4,40,5,12,no,no
32,36,3,1,0,0,40,5,11,no,no
23,29,3,0,30,0,40,5,12,no,no
25,35,3.247138,4,0,4,45,3,12,no,no
16,34,3,0,0,0,0,4,12,no,no
35,36,4,10,0,10,0,4,11,yes,no
33,38,3,5,0,2,40,5,13,no,no
35,37,4,0,0,0,13,6,8,no,no
28,23,5,0,0,0,45,7,13,no,no
19,33.721865,3,0,0,2.823703,0,6,14,no,no
19,33.721865,3,0,0,2.823703,0,4,4,no,no
31,34,3,1,0,2,40,3,13,no,no
30,34,3,2,40,0,40,3,14,no,no
24,33.721865,2,0,0,2.823703,0,6,11,no,no
35,36,2,1,8.619314,0,40,4,14,no,no
30,33,2,1,0,2,40,3,12,no,no
35,42,3,3,0,3,34.026761,4,11,no,no
33,32,3,5,0,5,50,4,12,no,no
32,42,4,0,8.619314,0,0,4,13,no,no
27,30,3,1,0,30,40,5,14,no,yes
31,27,5,0,20,0,40,7,14,no,no
30,28,4,0,0,2,40,6,9,no,no
33,29,3,2,0,6,46,4,11,no,no
33,32,4,1,0,1,50,4,12,no,no
30,34,3,2.788198,0,6,40,4,10,no,no
39,50,5,2.788198,8.619314,3,53,5,12,no,no
36,33.721865,3,4,25,2.823703,0,5,7,no,no
27,33.721865,2,0,8.619314,2.823703,0,3,7,no,no
26,33.721865,3,4,0,2.823703,0,4,5,no,no
30,35,5,3,10,3,40,3,12,no,no
24,26,3,5,35,10,60,5,12,yes,no
33,29,3,0,0,0,40,5,13,no,no
34,42,2,0,0,0,40,3,14,no,no
37,36,4,0,10,4,40,5,14,no,no
30,34,4,0,8.619314,0,40,4,9,no,no
36,33,2,0,0,0,45,3,10,no,no
32,31,3,1,0,4,34.026761,7,6,no,no
27,33.721865,3,2.788198,0,2.823703,0,5,6,no,no
24,29,3,5,9,0,55,4,13,no,no
27,32,2,0,20,0,40,3,14,no,no
30,35,4,0,10,2.823703,55,4,12,no,no
31,31,4,5,22,5,60,4,12,no,no
27,31,3,2,0,6,41,4,12,no,no
25,33.721865,4,0,8.619314,2.823703,0,2,6,no,no
26,33,3,0,0,0,56,4,12,no,no
32,33.721865,3,0,0,2.823703,0,7,7,no,no
34,39,4,0,0,2.823703,0,3,8,no,no
29,31,3,3,32,10,45,6,10,yes,no
36,39,4,2,0,5,48,4,11,no,no
34,31,3,0,35,0,45,4,13,no,no
24,33.721865,5,1,0,2.823703,0,6,9,no,no
32,29,3,2,18,2.823703,0,4,11,no,no
35,37,3,2,0,2,40,4,14,no,no
37,53,3,3,0,3,50,3,14,yes,no
30,33.721865,3,1,25,2.823703,0,4,8,no,no
28,31,3,1,0,1,50,3,12,no,no
38,34,4,7,50,8,43,3,13,yes,no
35,38,2,3,0,1,60,5,12,no,no
35,37,4,0,0,0,45,5,14,no,no
26,30,3,1,30,2,40,3,12,no,no
36,36,3,1,0,1,40,4,14,no,no
35,32,4,5,0,6,40,4,14,no,no
33,28,5,1,8.619314,3,50,4,12,no,no
31,26,6,1,40,1,34.026761,4,10,no,no
24,25,2,0,0,2,34.026761,3,12,no,no
31,28,3,1,2,0,46,3,12,no,no
36,35,4,0,0,0,34.026761,4,11,no,no
32,29,3,5,62,5,80,3,12,yes,no
32,42,4,5,15,4,10,6,13,no,no
34,36,4,10,30,2,40,3,11,no,no
29,34,2,5,40,5,40,5,13,no,no
34,37,3,5,60,5,40,3,13,yes,no
17,24,2,0,0,0,0,4,3,no,no
35,38,3,5,20,0,34.026761,3,13,no,no
38,42,3,4,0,3,40,4,11,no,no
35,34,4,0,0,0,55,7,7,no,no
23,24,3,0,24,0,45,3,11,no,no
35,37,3,6,0,7,32,3,7,no,no
32,33.721865,3,8,0,2.823703,0,5,9,no,no
29,33,3,12,0,12,44,3,12,yes,no
40,33,3,3,15,4,50,3,13,no,no
28,31,3,0,0,0,60,3,11,no,no
33,37,4,1,5,2.823703,48,3,13,no,no
35,33.721865,4,0,14,2.823703,0,7,13,no,no
35,31,2,0,0,0,45,3,11,no,no
25,28,3,0,0,0,50,4,12,no,no
22,21,3,0,0,19,90,6,14,no,yes
31,33.721865,4,0,0,2.823703,0,4,5,no,no
35,41,4,2,0,5,40,4,14,no,no
28,34,3,4,40,3,34.026761,3,13,no,no
36,37,3,15,0,3,55,6,12,no,no
31,35,3,0,0,0,60,3,12,no,no
20,21,3,21,0,4,48,7,14,yes,no
21,26,3,1,0,1,58,3,10,no,no
35,38,5,0,1,0,40,4,14,no,no
31,33,3,2,0,2,40,5,12,no,no
26,27,3,3,12,0,40,3,14,no,no
29,34,3,2,0,2,30,3,12,no,no
21,33.721865,3,1,0,2.823703,0,6,13,no,no
37,43,3,4,0,4,40,4,13,no,no
25,33.721865,3,0,0,2.823703,0,3,7,no,no
24,24,3,0,0,0,47,3,12,no,no
21,33.721865,3,2,6,2.823703,0,2,8,no,no
27,37,4,2,12,0,40,5,12,no,no
32,35,3,4,0,9,43,4,12,no,no
18,25,3.247138,0,0,2.823703,0,6,5,no,no
29,27,3,1,0,1,40,4,13,no,no
34,39,3,8,0,8,40,3,14,no,no
29,31,3,2,7,2,52,4,11,no,no
36,40,3,6,0,5,40,3,14,no,no
33,30,3,3,24,5,21,4,13,no,no
23,26,3,0,0,0,40,3,7,no,no
32,36,5,2,40,4,70,6,14,no,no
34,33.721865,2,2,0,2.823703,0,2,7,no,no
25,32,4,0,0,1,45,4,14,no,no
32,44,3,5,0,5,45,5,13,no,no
35,37,3,8,0,15,40,13,14,yes,no
31,31,3,1,40,1,30,3,14,no,no
29,29,5,3,8.619314,1,45,4,13,no,no
33,34,4,5,40,5,46,4,14,no,no
22,23,3,0,0,0,40,3,10,no,no
26,33.721865,3,0,0,2.823703,0,4,10,no,no
32,33,3,3,0,2,45,4,11,no,no
31,34,3,0,0,2,45,3,14,no,no
19,33.721865,4,0,8,2.823703,0,4,13,no,no
31,41,3,2,16,2,40,3,14,no,no
35,36,4,0,0,0,45,4,14,no,no
35,36,2,1,36,1,40,4,14,no,no
41,24,3,0,0,1,50,7,13,no,no
36,32,4,3,0,3,45,3,13,no,no
33,36,4,3,0,3,55,4,14,no,no
26,24,4,0,40,0,40,4,12,no,no
28,33,2,2.788198,0,4,0,3,2,no,no
25,32,3,0,0,0,90,3,12,no,no
41,42,3,2,0,2,48,6,12,no,no
33,38,3,5,0,6,50,4,13,no,no
34,31,3,1,0,1,50,4,13,no,no
28,39,3,2,0,2,40,3,14,no,no
29,33,3,4,2,3,42,4,14,no,no
33,33,3,0,0,0,40,4,13,no,no
25,33.721865,4,2.788198,0,2.823703,0,4,6,no,no
36,35,4,7,9,2,45,5,13,no,no
33,32,4,2,25,2,40,4,12,no,no
23,23,3,0,0,0,40,3,11,no,no
29,30,3,5,0,1,45,6,12,no,no
31,37,4,1,0,1,41,4,14,no,no
36,33.721865,4,5,0,2.823703,0,4,5,no,no
21,33.721865,3,0,0,2.823703,0,3,7,no,no
28,25,3,0,0,0,55,4,13,no,no
31,31,3,3,32,0,40,3,13,no,no
36,41,5,7,0,9,48,7,12,no,no
30,28,3,5,10,6,40,3,10,no,no
28,33.721865,4,0,0,2.823703,0,5,12,no,no
37,33.721865,3.247138,2,8.619314,2.823703,0,7,12,no,no
22,22,2,2,35,0,47,3,7,no,no
38,34,3,8,10,5,40,5,14,no,no
36,27,3,2,0,0,0,4,9,no,no
35,40,4,3,40,0,40,4,12,no,no
36,32,3,3,0,3,50,4,14,no,no
33,33,3,2,0,0,38,3,14,no,no
29,31,3,6,0,6,49,4,10,no,no
35,34,4,2,0,3,40,4,13,no,no
27,38,3,4,0,6,48,4,10,no,no
30,31,3,2,23,4,45,4,12,no,no
36,42,3,2,0,2,42,4,10,no,no
24,32,3,4,0,6,36,4,12,no,no
34,31,3,3,0,2,40,4,12,no,no
33,35,3,1,40,0,50,3,14,no,no
35,44,3,1,20,2,40,5,13,no,no
29,33,4,3,0,3,45,3,14,no,no
28,29,3,8,0,5,40,5,13,no,no
23,33.721865,2,0,0,2.823703,0,3,5,no,no
38,33.721865,3,4,40,2.823703,0,3,12,no,no
29,33.721865,2,5,0,2.823703,0,6,3,no,no
35,34,3,5,8.619314,5,0,4,12,no,no
24,35,3,0,0,4,50,3,12,no,no
22,33.721865,4,0,0,2.823703,0,2,5,no,no
26,27,2,0,0,3,43,4,12,no,no
35,33.721865,3,3,8.619314,2.823703,0,4,4,no,no
26,33.721865,2,2,0,2.823703,0,4,8,no,no
33,33,4,2,0,1,55,4,13,no,no
41,41,4,13,0,9,40,4,14,no,no
37,34,3,2.788198,10,2.823703,48,4,13,no,no
24,37,4,1,0,2,55,4,10,no,no
20,25,3,0,20,0,40,5,11,no,no
34,38,4,0,0,0,50,4,12,no,no
30,33,4,0,3,2,50,4,13,no,no
26,33.721865,3,0,0,2.823703,0,4,14,no,no
25,34,3,0,14,0,40,3,13,no,no
29,31,2,0,0,0,45,4,13,no,no
29,30,2,2,40,3,45,4,11,no,no
25,35,3,2,0,2,50,7,14,no,no
35,33.721865,3,1,8.619314,2.823703,0,5,8,no,no
31,38,3,0,15,0,40,4,12,no,no
33,38,3,2,26,2,45,4,12,no,no
41,33.721865,4,10,0,2.823703,0,6,13,no,no
29,29,4,0,0,1,40,3,12,no,no
30,31,3,6,0,9,51,3,13,no,no
35,37,3,2,30,3,50,5,13,no,no
28,27,2,1,0,1,35,3,13,no,no
26,33.721865,2,2,0,2.823703,0,2,3,no,no
24,33.721865,3,3,5,2.823703,0,4,10,no,no
34,39,3,6,0,6,34.026761,4,10,no,no
34,37,4,3,38,2,50,4,13,no,no
38,36,4,2,0,3,40,5,14,no,no
16,33.721865,3,3,0,2.823703,0,9,12,no,no
29,33,3,3,27,6,40,3,13,no,no
33,43,3,6,0,6,40,4,13,no,no
36,39,3,2.788198,0,8,55,5,11,no,no
21,33.721865,4,7,0,2.823703,0,6,11,no,no
26,31,5,1,40,1,40,5,14,no,no
29,36,3,4,0,0,40,4,12,no,no
28,33.721865,3,3,8.619314,2.823703,0,4,8,no,no
34,34,3,3,0,5,44,4,12,no,no
32,41,4,5,24,0,40,7,12,no,no
34,41,3,4,14,4,40,4,7,no,no
31,35,3,7,40,7,38,4,13,no,no
19,24,6,0,40,0,39,9,14,no,no
31,31,4,0,60,0,60,5,12,yes,no
29,36,4,4,60,1,40,4,13,yes,no
29,27,4,4,15,4,45,6,9,no,no
41,44,4,1,30,2,50,3,13,no,no
34,31,3,3,0,2,50,4,13,no,no
28,28,2,3,0,2.823703,60,3,14,no,no
36,39,3,2,0,2,50,3,12,no,no
35,37,3,3,22,3,50,3,14,no,no
29,36,3,4,8.619314,4,60,4,9,no,no
30,32,3,2,0,0,40,3,14,no,no
33,36,3,6,0,3,48,5,13,no,no
36,34,3,4,0,1,40,4,11,no,no
35,42,3,3,6,3,60,4,14,no,no
22,38,3,0,19,2.823703,70,3,14,no,no
24,24,4,2,8.619314,2,80,4,12,no,no
21,33.721865,3,0,0,2.823703,0,3,8,no,no
36,38,3,4,0,8,40,4,10,no,no
35,38,2,1,8.619314,0,34.026761,3,13,no,no
37,41,3,0,0,2.823703,0,6,4,no,no
31,27,3,3,20,2,55,3,14,no,no
19,30,5,0,0,0,40,6,13,no,no
31,30,3,3,20,4,40,4,12,no,no
22,31,2,1,0,0,0,3,7,no,no
30.699966,44,2,2.788198,0,2.823703,0,6,1,no,no
36,38,3,2,40,8,0,6,13,no,no
27,29,2,2,0,2,48,3,12,no,no
31,38,3,0,0,0,34.026761,4,9,no,no
31,30,3,0,0,0,44,5,13,no,no
31,37,3,4,0,4,58,4,11,no,no
19,33.721865,3.247138,20,0,2.823703,0,3,14,yes,no
32,27,4,5,62,3,70,6,13,yes,no
26,33.721865,5,0,0,2.823703,0,4,14,no,no
31,31,3,0,0,2,45,4,12,no,no
34,34,4,1,0,0,22,8,12,no,no
24,19,3,4,0,2.823703,0,8,14,no,no
22,24,3,0,0,0,45,5,12,no,no
33,33,2,0,0,1,40,3,10,no,no
30,33.721865,3,2,0,2.823703,0,3,7,no,no
22,22,4,4,35,0,34,6,13,no,no
33,45,4,0,50,0,45,4,12,yes,no
28,33,3,0,0,2,60,4,11,no,no
36,43,3,1,0,3,43,3,14,no,no
33,36,3,1,0,1,55,4,13,no,no
39,37,4,0,0,0,48,5,12,no,no
19,33.721865,2,0,0,2.823703,0,3,10,no,no
32,34,3,2.788198,0,2,0,5,11,no,no
42,33.721865,4,3,40,2.823703,0,3,12,no,no
28,32,3,1,0,1,50,3,12,no,no
31,31,2,2,8,2,37,3,13,no,no
34,34,3,1,0,0,40,5,10,no,no
33,37,3,2,45,2,60,3,12,yes,no
18,33.721865,3,18,0,2.823703,0,6,14,yes,no
29,37,4,3,0,0,10,8,10,no,no
38,44,4,2,0,1,53,5,14,no,no
26,33.721865,3,0,0,2.823703,0,11,11,no,no
21,25,4,0,30,0,0,4,11,no,no
21,33.721865,4,0,32,2.823703,0,4,14,no,no
24,25,3,0,0,0,60,8,12,no,no
32,37,3,4,15,3,45,5,13,no,no
27,33.721865,4,0,8.619314,2.823703,0,5,7,no,no
26,29,4,0,0,0,40,3,13,no,no
34,33.721865,4,8,0,2.823703,0,5,5,no,no
29,36,3,9,0,9,0,4,7,no,no
32,36,3,1,0,2,45,5,14,no,no
21,21,3,0,0,0,0,3,8,no,no
24,33.721865,3,10,0,2.823703,0,6,7,no,no
32,32,3,0,0,2.823703,0,4,14,no,no
23,33.721865,2,0,0,2.823703,0,2,4,no,no
28,33,3,1,0,2,40,3,13,no,no
48,33.721865,3,0,0,2.823703,0,6,11,no,no
30,32,3,2.788198,25,0,34.026761,3,11,no,no
27,28,5,0,0,1,50,4,9,no,no
36,35,3,4,0,2,34.026761,4,14,no,no
35,34,3,4,0,9,40,4,12,no,no
25,33.721865,3,3,0,2.823703,0,5,8,no,no
33,35,5,6,40,1,55,4,12,no,no
32,32,4,2,25,2,60,5,13,no,no
37,36,2,8,0,2.823703,0,7,7,no,no
34,39,3,6,15,6,50,4,14,no,no
32,32,4,2,0,2,40,3,12,no,no
31,33,2,0,0,0,0,5,5,no,no
31,38,3,1,30,2,55,3,12,no,no
39,39,5,12,4,12,60,8,13,yes,no
26,25,3,1,0,2.823703,40,5,7,no,no
22,33.721865,3,13,0,2.823703,0,5,10,no,no
32,33,2,0,0,1,0,4,4,no,no
28,27,3,3,0,0,55,3,14,no,no
35,32,3,3,0,3,48,8,12,no,no
34,33,4,2,40,0,39,4,14,no,no
17,33.721865,2,0,9,2.823703,0,2,3,no,no
20,22,2,0,0,1,30,3,9,no,no
34,34,3,1,10,0,50,4,14,no,no
31,29,3,0,40,0,45,4,11,no,no
36,29,3,3,0,0,40,4,14,no,no
32,29,3,1,6,2,55,3,14,no,no
38,32,3,1,0,1,60,3,13,no,no
23,21,3,0,20,1,0,4,9,no,no
25,25,6,1,8.619314,0,34.026761,3,9,no,no
35,36,4,0,0,1,54,3,13,no,no
38,32,3,9,0,0,0,10,13,no,no
30.699966,29,2,2.788198,0,0,50,5,13,no,no
30,36,4,2,0,1,34.026761,3,10,no,no
27,30,4,0,5,3,60,3,13,no,no
37,45,5,0,0,1,50,10,14,no,no
23,33.721865,5,24,0,2.823703,0,6,14,yes,no
38,40,3,0,0,0,0,5,11,no,no
23,29,3,2,0,2,50,4,9,no,no
24,28,3,3,0,5,40,6,13,no,no
37,43,3,2.788198,20,3,40,4,14,no,no
32,33,4,3,40,3,60,4,14,no,no
25,31,3,5,40,3,40,6,12,no,no
29,27,3,4,0,0,43,4,12,no,no
26,33.721865,4,1,0,2.823703,0,3,9,no,no
28,37,2,0,0,0,34.026761,4,11,no,no
26,33.721865,3,1,0,2.823703,0,3,6,no,no
35,37,3,2,40,5,34.026761,3,13,no,no
28,33.721865,3,1,0,2.823703,0,4,7,no,no
22,32,4,5,30,5,80,3,12,no,no
32,35,4,1,0,1,45,3,14,no,no
33,36,2,2.788198,0,0,40,3,12,no,no
32,22,2,0,4,0,40,4,10,no,no
34,29,3,3,11,3,35,3,13,no,no
35,37,3,3,0,4,40,5,9,no,no
31,35,4,1,0,0,40,4,13,no,no
35,29,4,0,15,0,40,4,14,no,no
41,43,4,2,0,2,50,7,13,no,no
31,35,3,1,0,1,34.026761,3,13,no,no
34,29,3,3,50,3,52,3,13,yes,no
29,25,4,1,8.619314,1,50,4,11,no,no
34,38,3,2,26,0,38,4,14,no,no
42,47,5,17,25,21,44,6,11,yes,yes
28,31,4,2,0,3,55,4,12,no,no
28,26,3.247138,0,40,1,34.026761,3,9,no,no
31,32,6,2,30,3,40,4,14,no,no
23,31,3,1,0,5,84,4,11,no,no
32,37,2,3,45,3,45,4,13,yes,no
27,33.721865,3.247138,0,0,2.823703,0,4,7,no,no
38,33.721865,4,2.788198,0,2.823703,0,2,4,no,no
34,36,3,0,0,0,45,4,13,no,no
28,34,3,0,0,0,50,4,11,no,no
35,38,4,1,0,1,38,4,12,no,no
34,33,3,1,0,3,40,5,12,no,no
19,33.721865,3,0,0,2.823703,0,4,4,no,no
35,39,3,0,0,0,60,4,13,no,no
39,36,3,5,65,16,49,4,12,yes,yes
27,32,3,0,48,2,48,4,13,yes,no
35,38,3,2,0,7,48,4,13,no,no
31,34,3,4,15,4,44,4,13,no,no
38,33.721865,4,2,0,2.823703,0,4,6,no,no
25,29,4,4,0,2.823703,4,5,13,no,no
21,33.721865,3.247138,2.788198,0,2.823703,0,4,5,no,no
28,35,3,2,0,1,0,3,9,no,no
33,33,3,2,0,0,45,4,14,no,no
32,36,2,1,6,1,40,3,10,no,no
25,29,3,5,0,1,34.026761,6,8,no,no
33,35,3,0,15,0,80,3,12,no,no
42,33,5,8,40,8,40,8,14,no,no
39,37,3,5,0,8,42,3,14,no,no
31,38,5,1,30,1,34.026761,3,14,no,no
38,33.721865,4,2.788198,0,2.823703,0,2,9,no,no
33,33,4,7,0,6,0,4,13,no,no
25,28,3,1,0,1,70,4,13,no,no
34,29,4,4,0,4,50,5,11,no,no
21,33.721865,3,2,0,2.823703,0,4,14,no,no
41,33.721865,2,0,0,2.823703,0,2,4,no,no
34,38,3,5,0,5,45,3,12,no,no
33,39,5,4,15,2.823703,34.026761,5,13,no,no
32,32,3,3,0,5,38,4,12,no,no
20,25,4,17,0,2.823703,40,7,14,yes,no
27,31,4,1,4,0,70,5,12,no,no
25,33.721865,2,0,38,2.823703,0,2,7,no,no
29,32,4,0,0,3,40,3,9,no,no
30.699966,34,5,2.788198,0,0,14,5,13,no,no
28,28,3,4,0,0,45,3,9,no,no
31,30,3,4,40,0,40,6,13,no,no
32,32,3,8,0,14,34.026761,6,11,yes,no
35,40,3,2,0,2,0,4,10,no,no
33,34,4,0,8,6,34.026761,5,14,no,no
37,42,3,0,63,0,45,3,12,yes,no
27,33.721865,3,1,0,2.823703,0,5,12,no,no
35,30,3,0,0,0,6,3,2,no,no
27,29,4,1,8.619314,1,58,5,12,no,no
32,29,4,0,0,0,55,3,14,no,no
31,37,3,1,0,2,0,4,7,no,no
25,34,4,2,30,2,0,8,8,no,no
37,36,4,3,0,3,55,4,12,no,no
35,35,3,0,0,3,0,4,12,no,no
21,33.721865,5,0,0,2.823703,0,8,13,no,no
21,27,3,2,0,0,40,5,11,no,no
26,41,4,7,21,4,40,4,14,no,no
33,33.721865,4,1,0,2.823703,0,5,9,no,no
37,33,4,2,30,4,34.026761,6,10,no,no
25,33.721865,2,1,0,2.823703,0,4,7,no,no
36,36,3,6,0,5,44,3,14,no,no
26,25,4,0,2,0,42,3,12,no,no
38,52,5,21,8.619314,21,44,4,13,yes,yes
31,39,3,3,0,1,0,7,11,no,no
16,33.721865,3,2,0,2.823703,0,9,13,no,no
23,37,2,1,0,0,46,3,11,no,no
29,29,3,2,0,2,65,4,12,no,no
32,37,3,3,8,0,45,3,12,no,no
32,33,4,1,25,1,40,4,12,no,no
32,28,3,1,0,2.823703,34.026761,3,7,no,no
38,33,3,2,0,2.823703,0,4,1,no,no
25,33.721865,2,2,0,2.823703,0,6,7,no,no
31,34,4,6,4,0,48,3,11,no,no
24,31,3,1,0,0,50,4,12,no,no
20,33.721865,3,5,0,2.823703,0,4,11,no,no
31,27,3,0,0,2,50,4,13,no,no
41,43,3,0,0,0,45,4,14,no,no
30,29,4,0,25,0,75,3,14,no,no
21,33.721865,2,1,0,2.823703,0,3,7,no,no
29,28,5,4,0,3,38,6,12,no,no
29,29,3,3,0,2,40,3,12,no,no
30,33,3,2,37,3,50,4,14,no,no
26,28,4,0,14,2,62,4,12,no,no
36,38,5,9,0,18,72,9,12,no,yes
30.699966,34,2,2.788198,0,0,50,5,7,no,no
20,33.721865,3,2,0,2.823703,0,3,8,no,no
24,26,3,0,8.619314,0,40,3,12,no,no
29,33,3,3,21,0,55,3,12,no,no
29,33,3,2,0,3,45,3,13,no,no
28,30,3,0,0,0,45,4,12,no,no
32,39,4,3,0,1,40,4,12,no,no
34,35,3,3,0,4,50,5,14,no,no
24,37,3,1,0,2,40,3,13,no,no
29,29,3,1,15,0,50,3,13,no,no
33,27,3,1,0,0,0,4,7,no,no
33,38,3,5,35,8,45,3,14,no,no
33,37,3,8,0,8,50,4,12,no,no
33,36,3,2,0,4,42,4,13,no,no
34,35,2,2,0,2,30,3,14,no,no
26,33.721865,3,0,8.619314,2.823703,0,3,7,no,no
31,42,4,6,0,6,68,5,14,no,no
28,31,5,0,16,0,50,4,13,no,no
23,23,3,0,0,0,48,5,10,no,no
31,37,3,2,45,2,46,4,13,yes,no
28,33.721865,3,2,0,2.823703,0,4,3,no,no
28,33,4,7,0,7,45,5,14,no,no
34,39,3,0,0,0,60,4,12,no,no
35,36,3,2,8.619314,6,24,3,14,no,no
34,35,5,1,5,3,38,4,14,no,no
19,33.721865,5,0,0,2.823703,0,4,12,no,no
23,21,2,0,8.619314,0,0,3,9,no,no
30,32,3,3,0,5,36,3,12,no,no
33,37,3,2,0,2,65,3,12,no,no
32,33,3,2,30,1,55,6,12,no,no
32,36,3,0,40,1,40,4,14,no,no
27,33.721865,6,6,0,2.823703,0,10,14,no,no
36,43,4,0,20,0,35,4,13,no,no
38,42,5,7,10,18,60,5,13,no,yes
27,34,3,3,16,2,30,3,11,no,no
29,33.721865,2,0,24,2.823703,0,3,4,no,no
31,30,3,0,0,0,80,5,13,no,no
35,47,3,1,0,11,70,3,12,yes,no
19,20,2,2,0,2,40,4,11,no,no
33,35,3,2,38,2.823703,50,4,14,no,no
27,21,1,0,20,0,40,3,11,no,no
27,31,2,2,10,2,50,4,13,no,no
34,29,3,1,0,1,45,4,12,no,no
32,34,3,5,17,0,34.026761,3,13,no,no
34,33.721865,5,2,0,2.823703,0,3,5,no,no
25,38,3,0,0,0,28,3,4,no,no
26,34,3,2,2,2,45,4,12,no,no
30,33.721865,3,21,0,2.823703,0,4,8,yes,no
39,39,3,2,22,4,40,5,14,no,no
28,30,3,0,14,0,40,3,12,no,no
34,35,3,1,0,1,40,3,13,no,no
38,30,3,0,40,13,40,6,13,yes,no
31,31,3,0,0,2,40,4,12,no,no
18,33.721865,3,0,0,2.823703,0,4,12,no,no
28,27,3,4,0,4,40,4,11,no,no
39,50,2,7,8.619314,8,0,5,2,no,no
34,32,3,2,10,4,40,3,14,no,no
28,38,4,3,0,3,0,7,6,no,no
20,23,3,0,0,0,40,10,14,no,no
31,34,3,5,0,2,60,5,10,no,no
33,28,3,3,14,0,0,4,11,no,no
29,26,3,5,0,3,45,4,13,no,no
40,35,4,1,0,0,45,4,12,no,no
22,33.721865,3,0,0,2.823703,0,4,3,no,no
32,31,3,2,6,0,43,7,12,no,no
34,43,4,5,4,6,30,5,14,no,no
32,33,3,4,0,4,37,3,13,no,no
33,36,3,0,40,1,40,3,14,no,no
35,36,2,6,0,6,0,4,13,no,no
27,25,3,1,0,0,40,3,12,no,no
31,30,3,3,50,3,45,3,14,yes,no
26,33.721865,3,1,0,2.823703,0,9,11,no,no
31,36,3,5,23,9,34.026761,3,14,no,no
31,33,3,3,0,3,45,4,12,no,no
24,26,3,2,0,2.823703,0,8,12,no,no
25,29,4,3,20,2.823703,34.026761,3,11,no,no
42,33.721865,4,0,0,2.823703,0,5,7,no,no
22,33.721865,3,3,0,2.823703,0,7,13,no,no
39,35,4,8,40,9,55,4,12,no,no
36,36,3,0,0,0,60,4,12,no,no
33,32,3,7,50,7,60,5,8,yes,no
21,33.721865,3,0,0,2.823703,0,7,14,no,no
36,45,4,2,24,2,45,4,13,no,no
23,33.721865,3,2,40,2.823703,0,5,9,no,no
34,32,2,6,0,2,52,4,12,no,no
24,33.721865,3,1,15,2.823703,0,4,8,no,no
25,33.721865,5,0,0,2.823703,0,7,14,no,no
22,29,4,2.788198,0,2.823703,52,5,14,no,no
38,37,3,1,0,3,42,5,9,no,no
33,35,3,1,0,0,40,3,13,no,no
36,41,3,8,21,5,65,4,13,no,no
40,38,3,3,40,2,45,3,13,no,no
33,33.721865,3,2,0,2.823703,0,3,7,no,no
23,22,2,2,0,0,40,4,12,no,no
27,30,5,4,0,2,34.026761,8,13,no,no
21,26,4,0,0,2.823703,0,8,11,no,no
31,42,6,9,24,15,50,5,12,yes,no
25,33.721865,3,1,0,2.823703,0,3,3,no,no
26,32,3,3,0,2,0,5,9,no,no
24,33.721865,3,2.788198,0,2.823703,0,7,6,no,no
41,46,4,3,0,0,40,4,14,no,no
30,32,3,4,0,3,45,3,14,no,no
33,36,3,2,10,3,45,4,13,no,no
30.699966,25,5,2.788198,0,0,34.026761,6,14,no,no
30,33,3,2,0,2,40,3,14,no,no
33,36,4,2,8,1,40,3,13,no,no
31,36,3,1,0,3,60,5,12,no,no
33,36,5,2,0,0,40,6,14,no,no
30,38,3,3,0,3,50,4,12,no,no
30,36,4,4,0,2,45,5,13,no,no
33,40,5,5,0,7,45,5,13,no,no
34,32,3,6,16,6,45,7,12,no,no
32,34,3,3,8,3,49,4,11,no,no
37,36,4,10,8.619314,9,8,4,12,no,no
31,40,4,2,0,2,30,3,13,no,no
30,37,2,3,0,3,40,3,7,no,no
26,34,3,0,0,0,34.026761,4,11,no,no
29,29,4,2,0,3,40,6,12,no,no
21,24,3,2.788198,0,0,50,4,12,no,no
30.699966,29,2,2.788198,0,27,0,7,6,no,yes
33,43,4,8,0,8,40,6,13,no,no
30,41,5,2.788198,25,10,34.026761,3,12,yes,no
40,35,5,0,45,0,70,4,14,yes,no
34,34,5,3,0,2,60,3,14,no,no
26,32,3,0,0,2,40,4,12,no,no
28,33.721865,4,0,0,2.823703,0,4,14,no,no
35,43,4,3,0,3,45,5,13,no,no
39,32,3,1,48,0,0,5,7,yes,no
31,29,4,0,14,1,65,5,13,no,no
31,30,3,1,0,5,45,5,13,no,no
28,32,4,1,0,2.823703,0,3,7,no,no
28,34,3,0,0,0,47,4,10,no,no
35,37,3,3,38,3,40,3,13,no,no
34,31,3,4,0,1,50,3,13,no,no
37,30,4,4,40,5,41,4,13,no,no
28,32,3,4,0,3,40,3,14,no,no
32,31,4,7,0,7,55,3,14,no,no
20,26,3,0,0,0,0,3,7,no,no
23,33.721865,3,1,0,2.823703,0,5,6,no,no
36,42,3,10,0,11,70,5,10,yes,no
22,33.721865,3,0,0,2.823703,0,4,3,no,no
24,33.721865,5,3,0,2.823703,0,8,14,no,no
29,40,3,2,24,3,40,4,13,no,no
31,34,4,2,8.619314,3,44,3,12,no,no
30,32,3,0,0,2,40,5,10,no,no
36,38,4,10,0,10,34.026761,5,14,yes,no
40,42,4,2.788198,0,14,51,5,14,yes,no
31,27,3,0,30,7,41,6,14,no,no
37,37,3,8,0,4,40,5,14,no,no
43,33.721865,3,0,0,2.823703,0,4,12,no,no
29,27,3,3,0,2,50,4,14,no,no
35,34,4,1,0,1,40,4,14,no,no
33,39,3,30,25,6,72,5,13,no,yes
28,30,2,0,16,0,40,3,10,no,no
32,38,4,5,8,3,45,3,12,no,no
27,29,3,0,0,0,45,4,12,no,no
22,36,4,4,21,0,40,4,12,no,no
33,37,3,6,0,9,50,4,13,no,no
34,27,2,0,0,1,40,3,13,no,no
25,32,3,0,0,0,43,7,14,no,no
39,34,3,39,0,17,0,11,7,no,yes
33,36,3,3,15,5,50,4,12,no,no
35,33.721865,3,0,8.619314,2.823703,0,3,8,no,no
35,33,3,1,10,2,50,4,12,no,no
25,24,3,0,0,0,40,5,14,no,no
27,40,3,33,8.619314,18,0,10,13,no,yes
37,37,4,0,0,0,48,5,12,no,no
33,37,2,0,25,0,20,5,12,no,no
34,37,3,2.788198,0,1,34.026761,4,14,no,no
33,32,5,3,0,2,34.026761,5,12,no,no
27,33.721865,3,2,0,2.823703,0,5,14,no,no
32,34,3,5,27,5,70,3,14,no,no
32,38,3,0,0,2,45,4,14,no,no
35,37,3,2,0,2,34.026761,5,11,no,no
29,32,4,5,0,4,60,5,14,no,no
38,33.721865,2,1,0,2.823703,0,6,5,no,no
22,33.721865,3,2,0,2.823703,0,4,6,no,no
25,24,3,0,0,5,40,3,12,no,no
28,19,3,0,40,0,40,4,14,no,no
25,26,3,0,0,0,34.026761,3,12,no,no
59,49,4,2.788198,0,23,50,3,11,no,yes
30,29,4,0,5,0,70,4,12,no,no
27,27,3,2,0,2,48,3,12,no,no
31,31,3,2.788198,0,2,40,3,12,no,no
34,42,3,5,0,1,30,4,12,no,no
32,36,3,6,0,6,42,3,14,no,no
20,33.721865,3,4,0,2.823703,0,2,7,no,no
27,33,4,0,0,0,0,4,3,no,no
26,32,3,0,0,0,40,4,14,no,no
35,36,4,2,0,2.823703,40,3,12,no,no
28,33.721865,5,1,0,2.823703,0,5,11,no,no
39,40,3,3,38,0,42,5,12,no,no
36,33.721865,2,3,0,2.823703,0,6,10,no,no
21,23,3,2.788198,0,2.823703,0,6,13,no,no
36,36,4,4,0,4,48,4,13,no,no
36,42,4,2,0,0,40,4,13,no,no
22,28,3,0,40,1,60,3,13,no,no
34,34,4,0,8.619314,0,39,4,14,no,no
30.699966,35,2,2.788198,0,0,38,3,9,no,no
36,35,4,3,0,2,42,4,13,no,no
33,41,4,0,55,2,55,5,14,yes,no
20,33.721865,4,0,0,2.823703,0,8,13,no,no
27,33,3,1,0,2,40,6,13,no,no
30,34,2,3,25,3,40,4,12,no,no
39,42,4,5,5,5,50,4,14,no,no
32,34,3,2,0,1,40,3,14,no,no
26,29,4,4,40,3,40,5,14,no,no
33,33,4,0,0,2,40,5,12,no,no
30,21,4,2,0,2,34.026761,5,14,no,no
23,33,3,1,0,1,42,4,11,no,no
33,41,3,0,40,0,50,4,13,no,no
34,30,3,2,0,3,55,4,11,no,no
32,33,3,0,0,2,0,5,7,no,no
51,53,3,27,34,30,60,7,13,yes,yes
21,33.721865,2,0,0,2.823703,0,2,7,no,no
41,37,4,0,0,0,48,5,12,no,no
31,33,4,2,0,2,45,4,10,no,no
29,30,4,2,0,5,46,3,13,no,no
20,21,2,0,0,1,0,3,11,no,no
23,33.721865,3,2.788198,0,2.823703,0,16,14,yes,no
30,39,4,4,20,1,40,3,14,no,no
22,33.721865,2,0,0,2.823703,0,2,7,no,no
25,29,4,1,0,3,40,6,13,no,no
30.699966,39,2,2.788198,0,2.823703,40,5,8,no,no
35,33.721865,2,0,0,2.823703,0,2,9,no,no
25,33.721865,2,0,0,2.823703,0,3,6,no,no
38,34,3,1,38,2,45,4,14,no,no
24,21,2,0,0,1,40,4,4,no,no
18,33.721865,3,1,0,2.823703,0,5,14,no,no
31,30,2,1,8,4,50,4,14,no,no
40,38,4,0,0,0,40,4,12,no,no
26,42,3,0,20,2.823703,40,3,9,no,no
25,33.721865,4,1,0,2.823703,0,7,5,no,no
34,34,3,1,12,2,50,4,14,no,no
23,33.721865,3,0,0,2.823703,0,3,7,no,no
40,28,3,16,40,2.823703,0,6,13,no,no
20,33.721865,3,0,0,2.823703,0,8,11,no,no
38,33.721865,2,10,30,2.823703,0,2,7,no,no
30,32,4,4,0,2.823703,0,3,7,no,no
37,31,4,0,45,0,45,3,13,yes,no
33,31,3,0,45,5,70,3,14,yes,no
33,32,3,0,5,0,40,4,14,no,no
30,36,4,0,8.619314,3,40,4,14,no,no
32,36,4,6,0,3,45,5,12,no,no
32,34,4,3,12,3,40,5,12,no,no
25,35,3,6,5,6,38,4,13,no,no
30,38,4,1,0,0,60,3,14,no,no
19,33.721865,3,2.788198,0,2.823703,0,4,5,no,no
27,30,3,0,0,0,40,4,8,no,no
18,33.721865,2,0,0,2.823703,0,5,9,no,no
38,42,2,1,0,3,40,5,13,no,no
27,25,4,0,0,0,44,6,14,no,no
43,33.721865,3,2,0,2.823703,0,5,7,no,no
30.699966,30,4,2.788198,0,0,40,5,11,no,no
22,33.721865,5,18,8,2.823703,0,5,10,yes,no
32,23,3,0,0,0,34.026761,3,9,no,no
35,36,4,0,0,1,54,4,13,no,no
24,33,3,0,0,2,34.026761,4,9,no,no
41,37,3,1,8,2,50,4,13,no,no
31,37,3,3,0,0,40,3,13,no,no
39,36,3,2.788198,0,5,40,3,10,no,no
38,43,4,0,0,0,40,3,14,no,no
34,32,4,6,0,8,38,4,14,no,no
38,34,5,0,0,0,44,4,12,no,no
31,24,4,1,0,0,45,6,10,no,no
31,33.721865,4,2,40,2.823703,0,6,11,no,no
36,39,3,5,10,9,40,4,13,no,no
33,35,2,0,0,4,45,3,12,no,no
29,33.721865,3,6,0,2.823703,0,7,9,no,no
28,32,2,1,40,1,37,3,12,no,no
37,37,4,3,0,3,38,4,14,no,no
41,48,3,6,130,6,98,5,13,no,yes
29,33,3,0,0,0,40,4,12,no,no
30,31,3,2,60,4,50,3,10,yes,no
19,33.721865,5,0,0,2.823703,0,7,1,no,no
29,29,3,2,40,1,40,3,14,no,no
22,33.721865,2,1,0,2.823703,0,3,7,no,no
27,30,3,2,0,0,55,3,14,no,no
30,27,3,2,0,0,44,4,8,no,no
35,39,3,2,40,2.823703,34.026761,6,14,no,no
27,24,3,2,0,2,40,3,12,no,no
30,29,3,3,0,0,0,4,11,no,no
20,33.721865,1,0,0,2.823703,0,2,6,no,no
32,31,3,5,22,5,50,5,13,no,no
19,26,3,0,0,0,0,3,6,no,no
30,34,3,5,30,6,0,4,12,no,no
34,42,4,6,15,6,50,5,13,no,no
30.699966,37,3,2.788198,0,0,34.026761,9,14,no,no
20,33.721865,3,0,0,2.823703,0,4,13,no,no
30,28,4,0,0,0,45,6,14,no,no
30,33.721865,4,8,0,2.823703,0,3,11,no,no
31,33,3,7,0,7,40,5,14,no,no
33,36,4,0,0,0,40,5,13,no,no
28,21,3,0,0,2.823703,50,8,10,no,no
33,31,3,6,0,6,50,4,12,no,no
33,36,4,4,0,6,48,6,14,no,no
22,33.721865,3,3,0,2.823703,0,4,13,no,no
26,36,4,3,0,4,70,4,13,no,no
21,33.721865,2,0,0,2.823703,0,5,12,no,no
29,32,2,0,10,0,45,3,12,no,no
17,33.721865,4,9,0,2.823703,0,7,12,no,no
30,36,3,2,20,2,39,4,13,no,no
39,44,3,0,40,0,50,4,12,no,no
32,42,3,2,15,2,42,4,13,no,no
22,30,3,0,37,0,45,4,12,no,no
26,32,3,2,40,0,0,3,8,no,no
31,33.721865,3,0,0,2.823703,0,3,5,no,no
30,30,6,5,0,15,40,8,14,yes,no
70,33.721865,4,2.788198,0,2.823703,0,3,6,yes,no
31,37,3,2,32,3,46,4,12,no,no
25,23,2,0,0,0,60,5,8,no,no
35,43,4,2.788198,35,4,50,5,12,no,no
22,24,3,1,0,0,50,5,13,no,no
36,38,4,3,0,2,50,6,13,no,no
30,33,2,3,0,3,49,3,13,no,no
28,33.721865,3,6,0,2.823703,0,6,14,no,no
32,29,3,0,0,3,53,5,13,no,no
32,33,3,1,0,1,60,4,13,no,no
34,40,5,2,0,2,45,6,13,no,no
24,30,2,0,0,1,50,3,9,no,no
30,28,3,1,8.619314,2.823703,37,4,13,no,no
33,38,3,1,0,6,20,4,12,no,no
39,39,3,3,38,5,50,4,13,no,no
37,36,3,2.788198,12,1,34.026761,3,14,no,no
31,30,3,8,0,4,50,3,11,no,no
34,32,4,0,0,0,50,3,11,no,no
39,36,3,3,0,25,56,4,14,no,yes
29,31,3,3,20,2,75,3,12,no,no
18,33.721865,3,10,0,2.823703,0,5,8,no,no
35,33,3,0,28,1,50,5,14,no,no
34,36,2,0,40,0,0,3,13,no,no
34,36,3,5,0,5,34.026761,4,12,no,no
30,37,3,0,0,0,38,4,9,no,no
28,33.721865,2,5,0,2.823703,0,7,2,no,no
32,37,4,3,0,3,40,5,12,no,no
35,34,3,3,0,3,50,5,12,no,no
32,35,3,3,35,3,55,3,12,no,no
31,32,3,3,0,3,40,5,14,no,no
35,34,3,3,40,0,40,3,14,no,no
21,33.721865,3,0,0,2.823703,0,2,7,no,no
28,33,3,2,9,2,40,3,12,no,no
26,31,3,0,0,1,50,3,12,no,no
32,26,3,2,0,2,38,3,13,no,no
17,19,4,7,0,0,40,7,14,no,no
32,35,3,3,6,2,50,3,12,no,no
31,35,3,2,16,2,40,4,14,no,no
26,33.721865,3,0,0,2.823703,0,2,8,no,no
29,31,3,2.788198,8.619314,2,48,3,14,no,no
18,33.721865,5,18,0,2.823703,0,3,7,yes,no
27,35,3,0,30,0,40,4,12,no,no
27,30,2,2,0,2,60,3,14,no,no
37,41,4,3,40,6,90,5,14,no,no
28,25,3,0,0,2,48,3,9,no,no
29,33.721865,3,1,0,2.823703,0,5,7,no,no
30,34,3,2.788198,0,6,45,4,12,no,no
37,42,4,2,0,2.823703,60,5,11,no,no
30,38,3,0,12,0,45,4,14,no,no
25,27,2,1,40,2,50,3,11,no,no
34,32,3,1,0,0,42,3,13,no,no
41,39,3,5,20,5,40,4,13,no,no
34,36,4,1,0,3,40,4,13,no,no
35,33.721865,4,0,0,2.823703,0,6,7,no,no
20,33,2,0,0,0,45,3,10,no,no
28,27,3,1,0,2.823703,34.026761,4,10,no,no
27,36,3,11,0,7,70,5,10,no,no
32,32,3,6,0,1,40,3,13,no,no
35,35,5,2,0,4,45,5,13,no,no
39,33,6,9,0,5,50,4,14,no,no
30,35,2,0,24,0,80,3,12,no,no
31,37,4,4,15,3,34.026761,4,14,no,no
25,33.721865,5,5,0,2.823703,0,2,5,no,no
33,51,3,3,0,3,55,7,10,no,no
28,37,2,0,0,0,50,3,12,no,no
43,44,4,2,45,2.823703,0,4,14,yes,no
28,29,3,0,0,0,40,3,13,no,no
19,33.721865,3,21,0,2.823703,0,5,7,yes,no
32,37,3,3,0,2,0,3,13,no,no
30,31,3,5,8.619314,3,34.026761,3,13,no,no
25,33.721865,3,1,0,2.823703,0,5,3,no,no
21,22,5,0,0,3,0,8,13,no,no
31,28,3,0,0,0,50,4,13,no,no
24,33.721865,3,3,0,2.823703,0,4,5,no,no
27,33,2,3,9,2,45,3,13,no,no
38,36,4,13,0,2.823703,0,4,8,no,no
41,36,3,8,0,8,50,5,14,no,no
28,38,4,5,8.619314,5,120,3,14,no,no
27,30,3,0,0,0,60,5,11,no,no
36,38,4,2,8.619314,5,34.026761,4,14,no,no
20,33.721865,4,0,10,2.823703,0,8,11,no,no
27,35,3,2,0,2.823703,0,6,11,no,no
29,29,4,0,0,0,40,4,12,no,no
28,33.721865,6,0,0,2.823703,0,6,14,no,no
27,31,3,2,0,0,40,5,14,no,no
26,28,4,0,0,0,50,5,14,no,no
30,32,2,6,0,2,44,4,11,no,no
39,32,4,0,8,0,46,4,11,no,no
22,25,3,0,8.619314,2,55,3,12,no,no
22,36,4,1,0,7,34.026761,5,10,no,no
35,36,4,4,0,0,50,6,14,no,no
26,30,3,0,0,1,40,5,13,no,no
32,33.721865,3,1,0,2.823703,0,4,3,no,no
35,40,3,1,0,2,56,5,13,no,no
25,28,3,1,0,0,45,4,13,no,no
30.699966,21,3,2.788198,0,0,60,3,11,no,no
28,33.721865,3,27,0,2.823703,0,9,14,yes,no
39,39,4,2,0,1,45,4,14,no,no
25,26,3,1,0,1,50,3,13,no,no
35,37,4,2,20,2,45,5,14,no,no
37,32,4,1,0,1,37,4,13,no,no
25,26,2,0,40,4,0,3,11,no,no
33,33,3,1,20,1,55,4,13,no,no
32,33,3,0,0,2,45,4,13,no,no
33,29,3,1,0,0,40,5,10,no,no
31,39,2,8,0,6,100,4,14,no,no
33,32,4,1,40,1,48,4,13,no,no
23,33.721865,2,0,0,2.823703,0,3,4,no,no
24,23,2,0,11,1,40,3,13,no,no
31,33.721865,3,0,51,2.823703,0,4,12,yes,no
19,20,3,0,0,2.823703,0,5,4,no,no
35,41,3,2,0,0,50,4,14,no,no
32,39,3,3,0,4,40,4,10,no,no
41,33.721865,3,4,8.619314,2.823703,0,6,11,no,no
31,30,5,0,5,0,38,5,13,no,no
34,34,4,0,60,2,50,4,12,yes,no
26,27,2,0,0,0,40,3,6,no,no
32,34,3,3,8.619314,0,45,4,13,no,no
29,34,3,2,0,2,50,4,13,no,no
30,34,3,0,0,0,50,3,14,no,no
35,36,2,6,32,2,34.026761,3,13,no,no
27,33.721865,3,2.788198,8.619314,2.823703,0,3,4,no,no
29,33,3,3,0,2,38,3,12,no,no
30,31,2,5,0,3,50,3,14,no,no
33,42,3,6,20,3,50,4,12,no,no
35,43,4,4,0,4,40,3,14,no,no
25,30,3,0,25,0,50,3,6,no,no
35,33.721865,4,1,0,2.823703,0,5,4,no,no
22,21,2,0,0,2,0,4,13,no,no
27,30,3,3,0,3,50,5,11,no,no
35,41,3,5,0,4,48,3,11,no,no
34,32,3,10,8.619314,12,45,10,12,yes,no
34,34,4,1,0,5,34.026761,4,13,no,no
35,33,4,0,0,0,40,4,12,no,no
34,36,3,6,0,2,50,3,14,no,no
35,34,5,2,0,2,40,4,14,no,no
38,39,3,2,3,2,45,3,12,no,no
37,36,2,5,20,5,40,5,14,no,no
21,20,3,2.788198,20,0,40,3,11,no,no
28,29,4,5,40,2,53,5,14,no,no
29,27,2,2,34,0,45,4,13,no,no
20,33.721865,3,20,30,2.823703,0,6,12,yes,no
21,21,3,0,0,0,40,3,8,no,no
35,33,3,0,40,3,48,3,13,no,no
34,33.721865,2,2.788198,0,2.823703,0,2,5,no,no
32,31,3,4,0,4,50,4,11,no,no
29,29,3,1,30,0,30,5,12,no,no
34,33,4,0,0,2,40,7,13,no,no
27,30,4,27,0,10,60,8,14,yes,no
34,40,4,0,30,4,50,3,13,no,no
40,41,4,11,0,11,45,4,14,yes,no
37,43,3,0,0,1,40,3,12,no,no
22,33,3.247138,2.788198,0,14,0,12,7,yes,no
18,33.721865,2,0,0,2.823703,0,3,9,no,no
31,33,2,3,0,1,37,3,13,no,no
32,29,2,2,0,0,0,4,7,no,no
21,27,2,0,0,0,40,4,12,no,no
31,29,4,1,40,1,40,3,14,no,no
30,44,2,7,5,9,60,4,12,no,no
31,32,3,0,0,0,40,3,13,no,no
29,35,2,2,0,2,55,3,11,no,no
28,22,4,2.788198,40,0,0,8,9,no,no
32,38,3,3,40,9,34.026761,4,13,no,no
45,37,3,0,0,4,45,5,13,no,no
34,31,3,0,0,0,55,4,14,no,no
23,24,4,0,0,0,34.026761,5,11,no,no
32,33.721865,5,5,0,2.823703,0,3,7,no,no
35,43,3,7,0,7,50,5,13,no,no
34,36,4,2,15,0,50,5,14,no,no
34,33.721865,4,7,0,2.823703,0,3,13,no,no
23,20,2,2,20,2,40,3,8,no,no
31,31,3,6,0,4,45,6,10,no,no
29,34,4,0,20,0,50,4,14,no,no
37,40,3,10,30,10,40,3,14,yes,no
37,42,3,3,4,3,44,4,12,no,no
36,27,4,13,8,5,60,6,12,no,no
36,33,4,1,0,4,46,4,14,no,no
34,36,4,0,24,0,50,3,14,no,no
30,33.721865,4,1,20,2.823703,0,2,9,no,no
20,26,2,0,0,0,0,3,6,no,no
29,29,3,0,16,2,38,3,13,no,no
32,34,4,2,0,1,55,4,13,no,no
41,44,3,2.788198,0,5,10,5,12,no,no
37,33,3,1,0,4,45,6,12,no,no
19,33.721865,3,0,0,2.823703,0,3,7,no,no
29,34,1,0,40,0,34,3,12,no,no
38,42,3,0,0,0,0,5,11,no,no
36,30,4,0,15,4,40,4,14,no,no
23,34,3,0,20,0,50,4,8,no,no
29,35,3,0,50,0,40,3,14,yes,no
35,37,4,7,10,7,40,3,13,no,no
39,36,3,9,50,8,50,4,13,yes,no
36,37,3,1,40,2,40,3,14,no,no
30,38,2,3,70,3,50,4,14,yes,no
34,33.721865,3,19,0,2.823703,0,4,9,yes,no
36,37,4,6,4,10,44,4,10,yes,no
36,33.721865,2,0,0,2.823703,0,4,7,no,no
33,35,3,0,0,0,0,10,8,no,no
39,41,2,0,24,1,45,3,13,no,no
28,31,3,3,0,7,40,4,13,no,no
20,34,1,0,0,0,0,3,5,no,no
31,25,3,1,0,0,60,4,13,no,no
23,26,3,0,0,0,45,3,11,no,no
31,47,3,0,0,0,40,4,12,no,no
29,33.721865,2,0,0,2.823703,0,3,4,no,no
42,33.721865,3,0,0,2.823703,0,4,9,no,no
35,36,3,0,0,0,40,4,13,no,no
27,39,2,0,0,1,0,4,12,no,no
36,30,4,3,0,0,65,4,12,no,no
19,29,2,0,40,0,40,3,11,no,no
32,37,3,0,0,0,45,5,12,no,no
36,37,4,9,0,9,55,5,13,no,no
38,39,3,11,0,11,40,8,11,yes,no
26,26,3,0,0,0,50,4,11,no,no
29,43,2,1,0,2,40,4,13,no,no
38,40,3,2.788198,0,5,40,3,12,no,no
26,32,2,3,25,0,40,3,10,no,no
20,21,2,0,0,2.823703,0,4,11,no,no
37,41,3,0,0,0,0,3,6,no,no
39,38,3,1,0,1,50,4,14,no,no
31,31,3,6,0,6,50,6,9,no,no
29,33.721865,2,0,36,2.823703,0,2,6,no,no
34,34,3,2,12,2,50,3,14,no,no
38,34,3,0,0,0,0,4,11,no,no
23,33.721865,3,4,0,2.823703,0,4,8,no,no
33,30,3,6,47,12,45,4,12,yes,no
34,33,4,5,0,0,34.026761,5,13,no,no
32,35,3,0,2,1,63,4,12,no,no
34,33,3,1,5,3,50,3,14,no,no
34,35,3,3,8.619314,3,34.026761,5,13,no,no
29,27,2,1,0,2,48,4,12,no,no
32,35,3,0,0,4,47,5,14,no,no
25,26,4,4,8.619314,3,70,4,13,no,no
39,30,4,0,0,0,40,4,11,no,no
34,33,3,5,45,4,70,4,14,yes,no
33,33,4,0,8.619314,0,30,3,14,no,no
23,24,4,1,0,2.823703,34.026761,5,13,no,no
15,29,4,0,0,0,0,8,12,no,no
31,32,6,2,24,3,50,4,13,no,no
32,33.721865,3,2,0,2.823703,0,3,5,no,no
33,33.721865,3,5,0,2.823703,0,5,6,no,no
28,31,3,4,0,7,50,4,13,no,no
31,29,3,0,20,0,38,5,13,no,no
27,32,3,0,0,3,63,3,12,no,no
34,36,3,2,45,5,50,3,9,yes,no
35,40,4,1,10,1,40,4,13,no,no
31,44,3,0,40,5,45,4,14,no,no
37,37,3,5,0,5,34.026761,4,14,no,no
32,37,4,2,0,4,44,3,13,no,no
30.699966,52,3.247138,2.788198,0,2,0,10,14,yes,no
30,31,4,2,0,2,40,7,12,no,no
37,39,2,2,7,2,40,3,14,no,no
38,35,3,6,6,1,36,4,12,no,no
31,28,4,2,0,2,50,3,12,no,no
22,33.721865,4,0,0,2.823703,0,5,14,no,no
33,33,4,6,0,6,52,5,12,no,no
21,22,3,0,24,1,34.026761,3,12,no,no
34,33.721865,3,2.788198,0,2.823703,0,3,4,no,no
30,24,3,1,0,0,45,8,13,no,no
21,33,3,4,8.619314,4,40,3,12,no,no
29,31,3,0,0,0,80,5,9,no,no
23,33.721865,3.247138,6,8.619314,2.823703,0,5,9,no,no
20,23,3,0,40,0,0,3,7,no,no
28,32,2,2,40,2,40,3,12,no,no
23,22,3,0,0,0,64,3,10,no,no
26,27,3,0,0,0,40,4,13,no,no
31,27,3,4,0,1,50,3,12,no,no
39,47,4,7,0,7,40,5,14,no,no
38,33.721865,4,2,0,2.823703,0,8,9,no,no
28,31,5,1,8.619314,0,40,5,14,no,no
26,42,3,0,2,0,40,3,9,no,no
38,36,3,0,0,3,40,4,13,no,no
36,35,3,2.788198,0,3,40,3,14,no,no
32,41,2,4,0,9,40,4,12,no,no
36,34,2,2.788198,20,0,0,5,9,no,no
25,33.721865,4,29,0,2.823703,0,3,14,no,yes
34,34,3,3,0,3,40,3,14,no,no
21,33.721865,3,0,0,2.823703,0,3,4,no,no
40,38,3,10,8.619314,2,80,6,11,no,no
34,33,2,1,28,1,40,4,13,no,no
26,27,3,0,0,0,40,3,12,no,no
23,24,4,0,0,0,35,5,10,no,no
27,26,3,1,0,1,40,4,8,no,no
33,38,3,2,0,1,50,3,13,no,no
36,41,4,1,25,3,40,3,13,no,no
35,39,4,5,0,6,40,4,14,no,no
22,27,3,4,0,1,0,5,12,no,no
29,33.721865,3,1,0,2.823703,0,4,12,no,no
17,23,3,0,0,0,0,6,12,no,no
41,38,3,0,0,6,40,3,12,no,no
20,33.721865,2,2.788198,0,2.823703,0,2,8,no,no
26,24,3,5,0,3,40,13,14,yes,no
19,30,3,0,0,0,55,5,11,no,no
18,18,2,0,0,1,45,3,11,no,no
34,44,4,1,0,4,60,4,13,no,no
29,24,3,6,0,0,70,3,12,no,no
25,33.721865,3,2.788198,0,2.823703,0,3,8,no,no
29,37,4,0,0,0,38,4,11,no,no
35,41,3.247138,0,8.619314,0,0,5,13,no,no
37,37,3,2,0,2,34.026761,4,14,no,no
26,29,3,0,20,0,45,5,13,no,no
61,33.721865,3,8,0,2.823703,0,11,6,yes,no
34,38,4,0,0,2,43,4,13,no,no
20,33.721865,3,0,0,2.823703,0,3,12,no,no
29,32,3,3,23,2.823703,40,3,13,no,no
24,33.721865,3,0,24,2.823703,0,9,14,no,no
37,31,4,0,8.619314,3,34.026761,7,13,no,no
22,27,3,0,0,0,44,3,9,no,no
42,42,3,2,0,2,45,4,11,no,no
26,34,4,4,0,1,40,3,12,no,no
22,33.721865,3,3,0,2.823703,0,5,14,no,no
32,32,3,6,0,5,40,3,13,no,no
25,33.721865,3,1,6,2.823703,0,4,7,no,no
39,35,3,2.788198,0,4,70,6,12,no,no
36,33.721865,3,0,0,2.823703,0,4,7,no,no
39,33.721865,4,2.788198,0,2.823703,0,4,13,no,no
26,24,5,1,0,6,34.026761,12,12,yes,no
36,34,3,2,0,7,46,4,10,no,no
33,40,3,4,20,2.823703,60,4,12,no,no
30,35,4,0,8.619314,2,34.026761,7,12,no,no
28,33.721865,3,2.788198,4,2.823703,0,3,3,no,no
27,29,4,12,37,7,0,7,13,no,no
30,32,3,2,0,2,40,4,12,no,no
27,33.721865,3,0,0,2.823703,0,5,7,no,no
36,35,4,3,10,3,60,4,13,no,no
30,29,3,1,8,1,50,3,13,no,no
25,33.721865,3,2.788198,120,2.823703,0,4,4,no,yes
29,33.721865,2,0,8.619314,2.823703,0,2,5,no,no
32,33,6,4,8,10,62,4,12,yes,no
28,35,3,3,30,1,38,3,14,no,no
33,27,3,2,0,0,65,5,10,no,no
22,31,3,0,0,0,40,3,10,no,no
33,34,4,4,56,4,45,4,14,yes,no
35,38,3,3,24,3,45,4,13,no,no
34,33.721865,3,0,15,2.823703,0,6,7,no,no
32,30,2,1,9,1,34.026761,4,14,no,no
32,29,2,0,0,0,40,4,10,no,no
24,30,2,0,0,0,0,4,7,no,no
23,33.721865,3,0,0,2.823703,0,3,10,no,no
20,40,4,4,24,2.823703,0,9,6,no,no
30,33.721865,3.247138,4,0,2.823703,0,5,6,no,no
31,27,5,6,15,7,42,5,12,no,no
29,33,3,0,0,0,40,6,12,no,no
35,34,4,0,0,0,50,3,14,no,no
24,38,3,4,0,7,50,5,14,no,no
25,30,2,0,40,1,34.026761,3,12,no,no
31,31,3,0,40,4,40,5,14,no,no
34,33,2,1,0,1,35,3,14,no,no
24,33.721865,3,2,0,2.823703,0,4,7,no,no
24,28,3,0,0,0,40,3,14,no,no
37,33,2,0,0,0,15,4,12,no,no
28,35,4,0,0,3,40,8,13,no,no
31,32,5,7,6,7,34.026761,4,7,no,no
33,36,4,2,40,0,45,3,14,no,no
32,37,3,1,0,1,40,5,12,no,no
38,42,6,9,0,11,40,11,13,yes,no
33,32,3,5,0,5,50,3,13,no,no
26,33.721865,3,0,0,2.823703,0,7,6,no,no
35,33.721865,5,2.788198,10,2.823703,0,3,7,no,no
31,37,3,3,0,2,45,3,14,no,no
32,34,4,3,3,2,45,3,12,no,no
34,33,2,1,20,1,60,3,13,no,no
38,33.721865,3,2.788198,0,2.823703,0,4,5,no,no
39,39,4,2,0,2,40,4,10,no,no
24,25,4,2,0,3,80,4,8,no,no
31,35,4,2,0,0,55,3,12,no,no
16,33.721865,3,16,0,2.823703,0,4,13,no,no
22,33.721865,3,2,0,2.823703,0,4,2,no,no
24,26,5,1,0,3,40,7,14,no,no
30,41,2,1,45,2,40,3,12,yes,no
23,33.721865,3,0,0,2.823703,0,5,14,no,no
33,31,3,2,0,0,40,3,12,no,no
33,31,3,7,0,7,40,3,14,no,no
30.699966,49,3,2.788198,0,4,48,2,13,no,no
19,33.721865,3,2.788198,0,2.823703,0,5,3,no,no
34,27,3,2,23,2,40,3,12,no,no
31,36,3,2,0,2,40,3,13,no,no
29,32,3,1,0,1,45,3,13,no,no
34,35,3,0,0,0,34.026761,4,12,no,no
17,33.721865,3,0,0,2.823703,0,2,11,no,no
23,33.721865,4,0,0,2.823703,0,6,14,no,no
28,33.721865,3,0,0,2.823703,0,4,4,no,no
35,37,4,2.788198,0,14,34.026761,5,11,yes,no
23,33.721865,3,0,0,2.823703,0,5,12,no,no
30,32,4,0,0,0,45,5,14,no,no
23,28,3,0,0,0,35,3,12,no,no
31,33,4,1,20,2,58,4,12,no,no
36,38,3,6,0,1,60,4,12,no,no
25,31,2,2,0,2.823703,0,5,3,no,no
23,33.721865,3.247138,0,0,2.823703,0,2,3,no,no
32,34,3,6,0,2,70,4,10,no,no
29,31,2,2,40,2,34.026761,5,12,no,no
47,42,3,2.788198,0,21,8,9,14,no,yes
42,53,3,2,0,2.823703,40,4,11,yes,no
34,35,3,2,3,3,44,5,10,no,no
25,25,3,0,0,2.823703,0,4,11,no,no
40,29,4,4,0,2,40,4,9,no,no
37,33,3,2.788198,0,11,45,3,13,yes,no
35,35,4,0,0,1,40,3,12,no,no
36,36,3,2,32,0,43,3,13,no,no
24,33.721865,5,0,0,2.823703,0,5,10,no,no
44,37,4,1,0,0,52,5,12,no,no
24,19,2,0,0,0,36,3,9,no,no
34,38,4,5,0,5,40,4,12,no,no
37,33.721865,3,0,0,2.823703,0,3,7,no,no
26,31,3,9,40,3,40,4,11,no,no
19,33.721865,2,0,0,2.823703,0,2,7,no,no
37,47,4,3,0,2,34.026761,3,13,no,no
30,31,3,4,0,2.823703,34.026761,3,14,no,no
33,38,4,0,30,0,45,5,14,no,no
32,46,3,2,5,2,40,8,12,no,no
34,39,3,0,8.619314,0,40,4,14,no,no
27,25,3,3,13,1,45,3,11,no,no
37,50,2,2,10,17,45,4,14,no,yes
22,33.721865,3,1,0,2.823703,0,3,12,no,no
29,29,3,0,0,2,40,3,14,no,no
30,33,4,2.788198,0,3,34.026761,5,13,no,no
37,32,3,11,0,11,40,6,12,yes,no
27,30,3,4,0,2.823703,0,4,12,no,no
25,30,4,2,5,0,40,5,13,no,no
36,35,3,0,7,0,25,3,12,no,no
38,43,4,1,0,4,40,4,13,no,no
34,36,3,2,10,2,60,4,13,no,no
20,33.721865,6,22,0,2.823703,0,7,14,yes,no
34,36,4,1,0,2,48,4,11,no,no
35,40,4,3,0,2,50,3,13,no,no
22,23,3,1,0,0,34.026761,3,7,no,no
33,33,3,1,15,2,42,4,13,no,no
32,33.721865,3,3,40,2.823703,0,3,9,no,no
31,33,3,2,12,2,38,3,11,no,no
33,38,4,2,15,2,60,6,14,no,no
32,39,3.247138,5,0,8,50,4,12,no,no
26,31,3,0,0,1,34.026761,3,12,no,no
18,33.721865,3,18,0,2.823703,0,9,14,yes,no
28,24,2,2,0,1,0,4,8,no,no
40,33.721865,3,2,0,2.823703,0,2,12,no,no
36,36,3,2,0,2,50,3,14,no,no
19,33.721865,3,14,0,2.823703,0,5,13,no,no
19,36,3,2.788198,0,1,0,4,14,no,no
29,38,5,0,0,2,45,8,14,no,no
17,33.721865,3,2,0,2.823703,0,7,12,no,no
20,33.721865,3,0,0,2.823703,0,4,7,no,no
19,33.721865,3,19,0,2.823703,0,5,8,yes,no
36,43,4,5,0,10,50,6,12,yes,no
32,32,5,4,50,2,55,8,14,yes,no
29,34,3,3,8,6,40,4,13,no,no
25,27,3,1,0,2,48,4,10,no,no
28,32,3,3,0,3,55,4,12,no,no
27,27,4,0,0,2.823703,40,3,13,no,no
36,32,4,3,0,2.823703,40,5,10,no,no
33,32,3,0,0,1,40,3,13,no,no
32,38,4,10,70,38,70,4,9,yes,yes
42,47,4,2,40,0,0,4,14,no,no
33,34,3,1,15,1,40,3,12,no,no
35,35,3,2.788198,0,14,44,5,14,yes,no
35,33.721865,2,1,0,2.823703,0,4,5,no,no
34,36,4,9,20,9,48,6,13,no,no
27,33.721865,3,1,0,2.823703,0,4,13,no,no
22,25,4,1,37,1,50,3,12,no,no
33,35,3,2,16,2,40,4,13,no,no
30,36,3,2,5,2,50,4,12,no,no
41,42,3,12,0,14,64,4,12,yes,no
35,41,3,6,0,5,34.026761,7,13,no,no
20,33.721865,3,0,0,2.823703,0,4,8,no,no
31,30,3.247138,1,25,2,40,4,11,no,no
43,48,3,6,15,6,45,3,12,no,no
35,41,4,15,0,11,65,5,14,yes,no
34,31,3,1,20,0,40,4,14,no,no
26,38,3,0,8.619314,0,0,3,9,no,no
35,34,3,10,0,3,34.026761,4,14,no,no
33,33,2,0,8.619314,0,57,3,14,no,no
48,50,5,14,24,4,45,7,13,no,no
25,30,4,0,0,0,40,3,10,no,no
28,36,4,4,80,1,90,4,12,no,yes
35,37,3,3,38,3,40,6,13,no,no
31,33,4,2,0,1,40,3,14,no,no
33,31,4,1,0,1,55,3,10,no,no
28,26,2,0,0,0,50,4,12,no,no
26,33,3,0,0,0,44,5,13,no,no
20,27,2,0,0,0,45,4,9,no,no
26,33.721865,6,0,0,2.823703,0,6,7,no,no
27,27,3,0,0,0,50,5,13,no,no
26,33.721865,4,10,0,2.823703,0,9,11,no,no
24,22,3,0,0,0,45,3,9,no,no
31,31,2,3,0,0,40,3,12,no,no
34,40,2,7,0,6,0,9,6,no,no
35,40,4,0,0,0,40,5,12,no,no
18,33.721865,3,3,0,2.823703,0,2,11,no,no
27,27,3,0,40,0,40,5,12,no,no
36,32,3,0,0,1,40,5,14,no,no
30,33,3,5,25,4,60,3,11,no,no
38,38,3,1,43,6,43,12,14,yes,no
30,34,3,3,0,1,50,4,12,no,no
33,29,3,2,0,2,50,4,12,no,no
20,25,3,2.788198,0,2,40,3,10,no,no
19,33.721865,3,0,0,2.823703,0,2,6,no,no
37,33.721865,2,1,8.619314,2.823703,0,4,7,no,no
32,33,3,0,0,0,40,5,10,no,no
35,40,3,7,0,13,42,5,12,yes,no
63,43,4,2.788198,0,30,34.026761,9,14,yes,yes
30,34,4,5,10,2,50,4,14,no,no
33,35,3,3,0,3,40,4,14,no,no
32,33,3,1,5,1,42,4,10,no,no
24,33.721865,4,7,0,2.823703,0,5,14,no,no
37,32,3,4,0,0,50,3,14,no,no
26,33.721865,3,0,0,2.823703,0,4,14,no,no
35,34,4,0,0,0,38,5,13,no,no
28,31,4,0,40,0,84,4,13,no,no
32,34,3,3,0,0,30,8,10,no,no
31,43,6,0,30,0,48,4,14,no,no
32,33.721865,3,2,0,2.823703,0,4,7,no,no
20,27,5,1,0,1,40,7,14,no,no
20,33.721865,4,1,40,2.823703,0,4,10,no,no
30,33.721865,3,0,0,2.823703,0,2,11,no,no
25,29,3,6,0,2.823703,24,4,10,no,no
28,31,3,0,40,1,8,3,12,no,no
29,39,2,0,8,0,32,4,11,no,no
23,33.721865,3,18,0,2.823703,0,7,13,yes,no
34,34,4,4,0,4,55,5,13,no,no
24,33.721865,2,0,5,2.823703,0,3,8,no,no
32,29,3,0,0,0,42,3,14,no,no
38,35,3,2.788198,35,8,38,4,13,no,no
27,35,3,2,20,2,50,3,13,no,no
31,32,3,2,0,2,55,3,14,no,no
36,32,3,6,0,1,40,4,12,no,no
34,35,3,2,8.619314,2,40,4,12,no,no
39,42,4,5,6,5,40,4,12,no,no
36,35,2,0,0,0,45,3,13,no,no
51,42,3,2,0,0,0,6,5,no,no
33,31,3,1,40,1,45,3,14,no,no
31,29,3,2,0,0,34.026761,4,12,no,no
34,49,4,5,50,5,65,5,14,yes,no
39,40,4,5,48,2.823703,25,3,14,yes,no
37,43,3,4,16,7,40,5,12,no,no
33,38,4,1,0,3,50,3,13,no,no
36,43,3,4,0,18,40,4,12,no,yes
31,34,2,2,0,2,42,3,11,no,no
36,39,4,5,0,3,45,4,13,no,no
33,36,4,2,0,2,40,5,13,no,no
20,40,2,2,0,2,0,6,6,no,no
31,33.721865,3,4,0,2.823703,0,4,7,no,no
27,25,3,3,0,2.823703,40,3,12,no,no
41,32,2,1,0,1,20,6,7,no,no
32,33,4,5,1,5,40,4,14,no,no
24,32,4,0,40,0,0,4,14,no,no
31,33,3,5,24,3,40,3,13,no,no
19,27,4,0,0,0,40,8,13,no,no
29,29,2,2,0,2,40,4,12,no,no
32,32,4,4,8.619314,4,45,5,14,no,no
16,33.721865,3,15,0,2.823703,0,5,13,no,no
22,33.721865,4,8,40,2.823703,0,8,13,no,no
43,33.721865,2,2,0,2.823703,0,3,6,no,no
32,32,3,2,0,2,62,4,13,no,no
40,36,5,2.788198,0,4,0,7,14,no,no
34,30,4,2,0,2,45,5,11,no,no
19,33.721865,3,0,25,2.823703,0,5,12,no,no
32,32,3,1,0,3,60,3,13,no,no
26,25,4,0,0,0,45,3,12,no,no
30,33.721865,3,2.788198,0,2.823703,0,6,7,no,no
22,21,3,5,0,6,64,3,10,no,no
38,42,4,4,0,6,55,5,14,no,no
24,27,4,4,10,4,45,4,13,no,no
23,24,2,3,0,1,50,4,11,no,no
23,24,3,1,0,0,34.026761,4,12,no,no
17,26,4,0,0,0,50,6,14,no,no
30.699966,32,3,2.788198,0,0,50,2,13,no,no
31,31,4,15,8.619314,3,40,9,10,no,no
34,40,5,2,4,0,65,5,13,no,no
31,34,3,3,0,2,50,5,8,no,no
34,33.721865,3,2,0,2.823703,0,6,5,no,no
21,28,4,12,0,4,40,5,14,no,no
39,34,3,1,0,1,40,3,13,no,no
25,33,3,5,0,2.823703,0,4,13,no,no
36,41,3,7,42,7,45,8,14,yes,no
24,33.721865,3,20,0,2.823703,0,9,13,yes,no
34,33,4,5,8.619314,3,0,4,14,no,no
21,33.721865,3,0,38,2.823703,0,3,14,no,no
23,33.721865,4,5,8.619314,2.823703,0,9,14,no,no
36,34,4,4,40,7,40,6,12,no,no
25,22,3,20,30,0,40,4,14,yes,no
36,34,4,2.788198,0,17,49,5,12,no,yes
31,24,3,0,8.619314,0,40,4,12,no,no
27,33.721865,3,3,0,2.823703,0,6,5,no,no
41,33.721865,3,3,6,2.823703,0,4,12,no,no
32,32,3,7,0,8,44,3,9,no,no
22,23,2,2,8.619314,2,34.026761,3,11,no,no
26,26,4,3,0,3,43,5,14,no,no
26,26,1,0,0,0,40,7,12,no,no
20,24,3,0,8.619314,0,45,4,10,no,no
26,30,3,2,0,2,40,4,13,no,no
27,31,3,6,0,3,40,4,13,no,no
29,37,4,2,0,2,50,4,13,no,no
35,37,2,2,0,2,40,3,10,no,no
28,38,3,2.788198,0,6,40,3,12,no,no
37,35,3,7,0,9,34.026761,5,12,no,no
28,33.721865,3,0,0,2.823703,0,5,14,no,no
31,34,4,7,37,2,40,4,6,no,no
34,31,3,3,0,2,40,4,11,no,no
32,33.721865,2,0,0,2.823703,0,3,6,no,no
29,28,3,0,10,0,42,3,13,no,no
30,38,2,3,0,0,40,3,13,no,no
38,38,4,0,0,3,40,4,14,no,no
36,37,3,2,0,2,30,3,13,no,no
31,35,3,1,20,1,34.026761,3,13,no,no
30,41,2,0,0,5,78,3,9,no,no
31,38,3,3,0,2,40,3,13,no,no
26,28,3,2,0,2,60,4,12,no,no
32,38,5,0,0,2.823703,34.026761,5,14,no,no
27,34,2,1,40,6,47,4,12,no,no
29,32,3,0,0,7,50,4,13,no,no
35,37,3,3,8.619314,3,48,3,10,no,no
38,43,4,0,15,4,36,5,14,no,no
31,36,4,3,0,5,42,4,14,no,no
36,43,3,6,0,4,40,4,13,no,no
33,37,3,2,0,4,42,4,13,no,no
26,41,4,5,0,6,40,4,14,no,no
35,38,5,1,30,0,40,4,14,no,no
30,36,3,1,0,0,45,4,11,no,no
34,36,2,0,0,0,40,3,11,no,no
27,31,4,2,35,2.823703,0,8,14,no,no
29,32,4,4,12,4,40,4,14,no,no
34,40,3,6,16,2,55,4,13,no,no
17,24,4,2,0,0,55,3,10,no,no
34,25,3,3,0,2,45,3,13,no,no
25,33.721865,1,0,0,2.823703,0,4,7,no,no
32,33,5,2,0,1,40,4,14,no,no
27,33.721865,4,0,0,2.823703,0,6,12,no,no
29,33.721865,3,0,0,2.823703,0,6,11,no,no
30,39,2,0,0,1,40,3,13,no,no
38,43,2,2.788198,30,2.823703,34.026761,3,6,no,no
21,33.721865,4,0,0,2.823703,0,4,12,no,no
30,37,2,0,0,0,30,3,11,no,no
29,35,4,0,0,2.823703,40,5,10,no,no
29,33.721865,4,2.788198,45,2.823703,0,2,7,yes,no
33,32,3,2,20,2,50,4,11,no,no
31,36,4,3,37,3,40,3,14,no,no
20,33.721865,3,0,0,2.823703,0,3,10,no,no
32,32,4,2,0,1,45,4,12,no,no
32,39,4,3,0,3,60,4,12,no,no
34,43,3,2,0,2,40,3,10,no,no
29,30,3,2,0,2,34.026761,3,13,no,no
32,32,4,4,30,1,40,3,14,no,no
21,33.721865,3.247138,0,0,2.823703,0,2,6,no,no
32,32,4,1,8.619314,3,50,4,14,no,no
28,28,3,1,28,1,50,3,12,no,no
34,33.721865,3,0,0,2.823703,0,4,8,no,no
29,30,4,0,0,0,47,5,13,no,no
34,36,3,2.788198,0,1,50,4,12,no,no
30,30,3,6,30,2.823703,40,3,14,no,no
34,34,2,4,0,4,40,4,8,no,no
43,40,3,2,0,2,34.026761,5,11,no,no
33,34,3,6,16,6,40,3,13,no,no
37,34,3,4,0,2,43,5,10,no,no
32,33,3,3,0,3,50,4,13,no,no
34,30,3,0,0,0,42,4,11,no,no
26,35,2,0,0,0,50,3,11,no,no
33,29,3,2,20,2,40,5,12,no,no
34,45,3,3,0,0,45,5,12,no,no
22,20,2,0,0,1,45,3,10,no,no
31,26,3,4,25,2,40,4,13,no,no
40,58,4,0,60,2,32,5,14,yes,no
39,33.721865,2,0,0,2.823703,0,3,4,no,no
31,34,3,4,0,4,45,3,14,no,no
34,36,4,6,0,6,48,3,12,no,no
29,27,4,2,0,0,55,5,8,no,no
31,33.721865,3,0,0,2.823703,0,5,6,no,no
25,27,3,2,0,1,40,4,13,no,no
33,32,4,0,0,0,45,3,12,no,no
30,45,4,1,0,1,40,8,12,no,no
42,33.721865,3,3,15,2.823703,0,4,5,no,no
31,31,3,0,0,0,40,3,13,no,no
31,40,3,1,25,3,53,3,13,no,no
24,32,3,0,9,0,45,4,12,no,no
25,33.721865,3,20,0,2.823703,0,7,12,yes,no
30,29,4,1,0,1,50,4,13,no,no
19,33.721865,2,0,0,2.823703,0,2,7,no,no
32,33.721865,4,0,10,2.823703,0,5,12,no,no
33,34,5,3,36,2.823703,45,4,14,no,no
36,34,4,2,0,2,40,4,14,no,no
36,35,3,2,0,2,40,4,14,no,no
37,30,4,1,0,5,40,5,12,no,no
24,24,2,4,0,4,40,3,8,no,no
22,33.721865,3,0,0,2.823703,0,5,6,no,no
23,32,2,0,0,0,40,3,10,no,no
28,33,4,4,20,4,40,4,14,no,no
31,32,3,6,34,4,50,4,12,no,no
36,33.721865,2,2,0,2.823703,0,2,5,no,no
21,21,3,5,0,1,8,6,11,no,no
25,27,3,0,0,0,52,3,11,no,no
33,34,3,4,11,6,50,4,14,no,no
33,33.721865,3,0,0,2.823703,0,2,3,no,no
24,33.721865,2,1,0,2.823703,0,3,5,no,no
31,33,3,5,0,6,60,4,12,no,no
38,35,3,8,24,8,40,4,14,no,no
22,27,2,2,0,2,0,4,11,no,no
36,38,5,0,0,0,53,7,14,no,no
34,33.721865,2,0,0,2.823703,0,4,9,no,no
32,36,3,3,50,3,50,5,13,yes,no
33,34,3,1,28,2,47,3,12,no,no
25,39,3,0,0,2,40,20,14,no,yes
33,41,4,6,0,6,40,6,14,no,no
28,29,4,4,2,1,45,3,12,no,no
29,39,2,2,0,1,70,4,12,no,no
24,33.721865,3,18,0,2.823703,0,5,9,yes,no
32,33,2,2,0,4,34.026761,4,11,no,no
37,37,5,8,0,8,34.026761,8,10,no,no
27,33.721865,4,0,0,2.823703,0,8,14,no,no
35,45,4,2,0,2,40,7,14,no,no
42,39,3,5,0,9,40,4,11,no,no
38,27,3,4,0,1,0,5,11,no,no
29,30,2,1,8.619314,0,50,4,14,no,no
35,32,5,1,8.619314,1,50,4,12,no,no
25,32,3,0,0,0,45,3,13,no,no
38,34,3,5,0,4,0,5,10,no,no
25,30,4,0,0,0,35,5,14,no,no
31,38,3,8,0,4,42,3,12,no,no
32,36,3,3,0,3,45,5,11,no,no
33,33.721865,3.247138,5,0,2.823703,0,2,12,no,no
36,37,3,0,0,0,40,4,13,no,no
22,26,2,2,0,2,40,5,11,no,no
37,43,4,2,0,6,40,3,13,no,no
29,32,3,2.788198,0,25,45,3,11,no,yes
24,33.721865,3,0,0,2.823703,0,4,5,no,no
20,33.721865,2,0,0,2.823703,0,2,10,no,no
35,33.721865,3,0,0,2.823703,0,4,6,no,no
25,29,4,4,10,2,50,4,12,no,no
25,38,3,3,0,1,80,5,1,no,no
29,29,3,1,40,0,50,5,12,no,no
30,33.721865,2,0,0,2.823703,0,4,4,no,no
19,33.721865,4,9,0,2.823703,0,7,14,no,no
32,34,4,2,0,2,34.026761,4,8,no,no
19,33.721865,2,0,0,2.823703,0,2,9,no,no
27,29,3,0,0,2,46,4,13,no,no
36,35,3,0,20,3,40,3,13,no,no
32,34,2,0,40,2,40,4,13,no,no
27,33,3,0,7,1,0,4,7,no,no
34,29,3,2,0,0,40,4,13,no,no
30,35,3,0,0,0,40,3,11,no,no
35,38,3,5,0,6,45,8,10,no,no
31,36,3,2,3,4,45,3,13,no,no
33,35,4,1,0,2,45,4,14,no,no
32,36,4,8,0,1,46,4,12,no,no
28,38,3,2,0,3,0,5,9,no,no
36,38,3,6,10,5,34.026761,4,12,no,no
31,19,4,0,8.619314,0,60,7,12,no,no
31,34,3,2,6,1,40,6,12,no,no
32,30,3,1,0,0,45,5,11,no,no
33,44,2,7,2,9,50,4,12,no,no
20,33.721865,4,2,0,2.823703,0,6,13,no,no
37,36,3,3,0,3,53,4,14,no,no
20,25,3,0,40,1,60,4,9,no,no
30,32,3,1,0,0,45,3,14,no,no
20,19,5,0,40,2,0,8,14,no,no
31,36,4,0,0,1,45,5,12,no,no
26,25,3,0,0,0,4,5,4,no,no
33,33.721865,2,0,0,2.823703,0,4,9,no,no
26,26,3,5,40,5,40,4,13,no,no
33,33,4,0,6,4,44,5,10,no,no
36,33.721865,4,4,0,2.823703,0,5,12,no,no
26,33.721865,3,0,0,2.823703,0,3,12,no,no
37,42,3,4,45,7,0,7,14,yes,no
30.699966,20,2,2.788198,0,2.823703,0,4,7,no,no
31,33,4,1,0,0,45,5,12,no,no
38,44,4,1,8.619314,0,60,5,12,no,no
37,33,4,16,0,11,34.026761,5,13,yes,no
32,38,3,6,0,1,42,3,12,no,no
34,37,5,0,0,3,34.026761,5,11,no,no
28,31,2,0,0,2,45,3,13,no,no
34,42,3,3,40,2,40,4,11,no,no
38,39,3,5,0,5,50,4,14,no,no
35,36,4,3,0,3,45,3,14,no,no
32,33,4,1,25,0,40,5,14,no,no
27,24,3,0,0,0,44,3,14,no,no
35,28,4,0,0,0,55,4,14,no,no
19,33.721865,6,6,0,2.823703,0,8,14,no,no
17,33.721865,5,1,0,2.823703,0,5,13,no,no
33,36,3,4,0,4,37,4,14,no,no
39,35,3,6,0,7,40,3,10,no,no
38,44,5,2.788198,37,1,50,6,14,no,no
24,26,3,0,0,0,45,5,13,no,no
32,49,2,3,0,3,40,4,12,no,no
26,33,3,2,5,1,50,3,12,no,no
19,21,2,0,40,0,45,3,13,no,no
30,32,3,3,0,3,50,3,12,no,no
39,33.721865,3,4,8.619314,2.823703,0,5,4,no,no
36,37,2,1,0,6,34.026761,3,12,no,no
35,35,3,4,0,2,40,4,13,no,no
32,33,3,4,0,2.823703,50,5,14,no,no
20,33.721865,3,16,0,2.823703,0,5,14,no,no
19,33.721865,5,0,0,2.823703,0,6,13,no,no
29,23,3,6,0,6,50,3,12,no,no
26,43,3,1,40,0,40,3,14,no,no
32,36,4,2,0,2,47,6,13,no,no
19,33.721865,3,11,0,2.823703,0,4,5,no,no
27,36,3,1,8.619314,1,50,3,14,no,no
23,21,2,0,18,0,45,3,10,no,no
24,29,4,0,0,0,60,4,12,no,no
48,52,4,2,40,2,40,5,14,yes,no
34,40,4,0,8.619314,0,45,4,14,no,no
33,35,3,1,0,1,40,3,13,no,no
35,33,3,2,0,3,45,4,13,no,no
27,30,3,0,5,2,50,3,14,no,no
39,36,4,0,0,0,55,3,14,no,no
36,33.721865,2,0,20,2.823703,0,9,6,no,no
25,33.721865,4,0,0,2.823703,0,2,5,no,no
22,25,3,0,0,0,40,4,13,no,no
40,48,3,2,8,2,40,4,12,no,no
24,26,3,0,40,0,45,9,12,no,no
34,36,3,1,0,0,50,3,14,no,no
27,27,3,0,0,0,40,3,12,no,no
21,33.721865,2,0,0,2.823703,0,2,7,no,no
34,37,3,0,0,5,50,3,14,no,no
31,36,3,4,40,2,40,4,14,no,no
26,33.721865,3,0,24,2.823703,0,3,8,no,no
33,33,3,3,0,3,50,3,14,no,no
43,45,2,2,0,2,25,4,6,no,no
32,38,3,9,32,14,50,3,14,yes,no
33,36,3,1,0,1,45,4,14,no,no
28,29,3,3,0,3,60,4,12,no,no
20,18,5,0,12,19,37,6,12,no,yes
36,45,3,2,8,2,40,5,12,no,no
39,39,3,2.788198,8.619314,4,38,3,14,no,no
30,24,4,0,0,0,40,4,12,no,no
42,38,3,5,0,4,45,4,13,no,no
34,38,3,1,0,2.823703,0,3,13,no,no
36,35,6,6,20,2,45,6,14,no,no
32,31,3,6,15,6,40,4,14,no,no
22,21,3,0,0,2.823703,0,4,11,no,no
34,33.721865,3,11,0,2.823703,0,3,12,no,no
36,30,3,0,0,0,65,5,13,no,no
34,35,4,2.788198,8.619314,0,80,6,14,no,no
32,38,3,0,0,0,40,3,9,no,no
31,33,4,1,0,0,40,4,10,no,no
32,35,3,0,1,0,40,5,13,no,no
38,37,3,5,0,4,42,5,14,no,no
25,33.721865,3,2,0,2.823703,0,4,10,no,no
35,30,3,1,0,0,38,6,12,no,no
30,38,4,0,6,0,60,4,14,no,no
29,33.721865,3,3,0,2.823703,0,3,5,no,no
21,33.721865,3,0,0,2.823703,0,3,5,no,no
32,39,3,2,0,5,38,5,12,no,no
35,38,2,0,35,0,45,3,14,no,no
34,32,4,4,60,6,60,3,14,yes,no
23,25,3,0,8.619314,0,50,4,9,no,no
35,33.721865,3,2.788198,0,2.823703,0,5,6,no,no
28,39,4,3,8.619314,0,50,7,10,no,no
33,33.721865,3,0,0,2.823703,0,4,9,no,no
31,33,3,5,16,5,38,3,13,no,no
18,33.721865,4,3,0,2.823703,0,7,14,no,no
33,41,3,11,30,11,40,5,12,yes,no
30,37,3,2,20,2,40,3,11,no,no
30,29,4,0,0,0,45,4,12,no,no
21,33.721865,2,0,0,2.823703,0,3,5,no,no
26,33.721865,3,24,0,2.823703,0,7,12,yes,no
39,35,2,1,0,1,40,3,13,no,no
30,33,4,2.788198,0,2.823703,48,5,10,no,no
33,35,3,5,0,6,45,4,11,no,no
25,28,3,0,0,0,40,3,14,no,no
33,31,3,1,0,3,40,3,12,no,no
33,33,3,0,0,2,46,5,10,no,no
33,35,3,8,0,8,40,4,13,no,no
32,34,4,1,0,1,40,3,13,no,no
28,25,3,0,0,2,40,4,13,no,no
35,36,3,2,12,2,42,4,11,no,no
31,45,4,1,40,2,40,4,12,no,no
28,34,3,0,0,0,50,4,11,no,no
24,33.721865,3,16,0,2.823703,0,5,14,no,no
31,29,3,0,0,0,45,5,14,no,no
36,35,4,0,0,0,40,4,13,no,no
22,23,2,2,30,2,45,4,12,no,no
37,32,3,2,0,2,37,3,11,no,no
32,36,3,0,0,0,40,4,13,no,no
39,34,3,5,10,2,34.026761,4,14,no,no
28,30,4,4,58,3,50,3,11,yes,no
31,30,3,4,0,4,38,3,14,no,no
31,31,3.247138,0,24,0,55,3,13,no,no
22,23,2,1,0,0,0,3,7,no,no
32,40,2,2,12,2,38,5,9,no,no
33,34,4,0,0,0,50,4,12,no,no
35,37,3.247138,2.788198,0,6,40,8,11,no,no
27,30,3,0,0,0,40,4,11,no,no
32,34,4,3,4,0,50,4,14,no,no
36,38,3,1,45,1,40,4,14,yes,no
39,33.721865,3,6,0,2.823703,0,4,4,no,no
27,30,3,0,40,2,40,3,13,no,no
27,33.721865,3,3,18,2.823703,0,6,12,no,no
33,34,3,3,8.619314,4,42,5,14,no,no
34,29,4,0,0,0,50,3,13,no,no
37,39,4,2,0,1,40,5,14,no,no
34,27,4,1,0,1,46,5,14,no,no
39,37,5,3,0,3,60,6,13,no,no
26,35,3,1,40,1,60,3,14,no,no
20,33.721865,3,4,0,2.823703,0,3,4,no,no
30,35,4,0,0,0,50,4,13,no,no
33,34,4,4,0,2,50,4,13,no,no
26,29,5,3,8.619314,1,45,3,13,no,no
32,34,3,0,0,0,50,4,12,no,no
40,42,4,3,20,1,50,5,12,no,no
25,32,1,0,0,1,44,3,10,no,no
35,34,3,0,40,4,40,4,13,no,no
21,33.721865,2,0,0,2.823703,0,4,7,no,no
30,32,3,5,0,6,43,3,13,no,no
28,24,3,2,0,2,0,6,7,no,no
37,39,4,4,0,2,45,4,12,no,no
26,24,2,0,0,0,0,3,7,no,no
36,38,5,0,0,0,40,7,13,no,no
31,27,2,0,0,2.823703,0,3,12,no,no
27,27,3,1,0,0,40,3,13,no,no
18,33.721865,2,20,0,2.823703,0,4,5,yes,no
34,39,4,2,9,2,40,4,13,no,no
28,26,3,4,0,0,0,6,14,no,no
28,37,3,2.788198,0,2.823703,45,3,12,no,no
29,41,3,0,0,2,45,3,14,no,no
34,32,3,3,0,3,40,3,12,no,no
30,31,4,2,0,2,40,4,12,no,no
32,34,3,2,0,2,48,3,12,no,no
28,31,3,0,0,0,40,3,12,no,no
30,31,3,1,8.619314,0,44,4,14,no,no
30.699966,29,4,2.788198,0,2.823703,0,8,8,no,no
38,36,3,0,0,0,40,4,10,no,no
30,30,3,2,40,0,40,3,12,no,no
29,44,3,5,98,34,98,4,12,no,yes
22,33.721865,2,7,0,2.823703,0,3,5,no,no
31,34,4,1,0,2,45,3,14,no,no
34,36,6,0,6,2,60,4,14,no,no
30,31,3,0,0,0,38,4,11,no,no
31,30,3,3,0,3,40,4,13,no,no
38,35,3,2,0,0,0,4,10,no,no
19,33.721865,3,0,40,2.823703,0,5,9,no,no
18,33.721865,3,0,0,2.823703,0,4,9,no,no
29,32,4,3,0,2,0,5,5,no,no
35,25,6,6,40,3,25,5,13,no,no
32,33.721865,2,5,0,2.823703,0,4,4,no,no
29,31,1,0,16,0,9,3,12,no,no
21,33.721865,3,0,0,2.823703,0,3,8,no,no
34,39,2,3,0,4,40,4,10,no,no
21,28,4,38,61,7,8,8,14,yes,yes
36,33.721865,2,1,0,2.823703,0,4,6,no,no
29,33.721865,3,0,0,2.823703,0,2,8,no,no
29,33.721865,3,7,0,2.823703,0,4,6,no,no
35,51,4,7,10,4,50,3,13,no,no
24,21,4,0,0,1,38,3,7,no,no
29,32,4,5,0,2,0,3,7,no,no
25,24,3,0,0,5,40,3,13,no,no
30,34,3,2.788198,0,4,40,3,12,no,no
37,40,4,2.788198,0,5,34.026761,5,14,no,no
31,34,3,2,17,4,40,3,11,no,no
38,35,4,10,5,10,58,3,12,yes,no
30,36,2,0,38,2.823703,0,3,12,no,no
28,28,5,2,0,2,50,5,12,no,no
34,37,3,4,0,4,52,4,13,no,no
32,33,3,6,0,4,60,3,14,no,no
20,33.721865,3,0,0,2.823703,0,5,13,no,no
28,23,3,0,0,1,0,8,12,no,no
34,35,3,6,0,6,40,4,11,no,no
33,31,3,4,8.619314,4,40,3,14,no,no
33,33,2,2,0,5,0,4,9,no,no
25,32,4,0,0,0,55,4,9,no,no
22,33.721865,3,19,0,2.823703,0,5,11,yes,no
19,26,2,1,42,2,50,3,14,yes,no
33,35,2,0,0,0,42,3,11,no,no
34,42,4,3,0,3,60,4,14,no,no
27,35,3,4,2,2,44,3,11,no,no
22,25,3,1,0,0,40,5,9,no,no
32,39,3,4,50,7,45,4,12,yes,no
37,35,3,5,50,6,45,5,13,yes,no
35,34,3,6,0,6,40,3,12,no,no
33,33,3,1,20,1,50,4,12,no,no
28,26,3,6,10,6,40,5,12,no,no
30,44,3,0,0,0,47,4,12,no,no
36,35,4,2,8.619314,3,80,4,12,no,no
28,29,4,1,0,1,45,5,13,no,no
21,24,2,1,0,4,0,3,9,no,no
35,36,2,5,6,2,40,3,13,no,no
33,33,3,3,0,3,40,4,14,no,no
36,41,4,2,2,4,45,3,14,no,no
30.699966,27,4,2.788198,0,4,0,7,14,no,no
40,33.721865,3,0,40,2.823703,0,5,7,no,no
31,28,3,1,38,2,40,3,13,no,no
29,35,4,4,30,1,45,6,14,no,no
39,39,3,2.788198,0,4,0,5,7,no,no
35,38,4,3,0,2,53,4,12,no,no
21,33.721865,2,0,0,2.823703,0,2,6,no,no
34,33.721865,3,0,0,2.823703,0,4,7,no,no
29,29,4,1,20,1,45,4,12,no,no
40,45,4,9,10,6,40,4,12,no,no
37,38,4,3,0,3,12,9,8,no,no
32,33,4,2,30,2,50,3,9,no,no
35,38,4,5,0,2,35,5,14,no,no
37,35,5,2,0,0,50,5,14,no,no
39,45,2,5,0,3,0,4,11,no,no
26,32,5,27,60,1,40,4,14,yes,no
32,37,3,6,0,2.823703,0,4,6,no,no
34,29,3,0,50,2,60,7,13,yes,no
35,31,3,5,0,5,45,6,12,no,no
27,33,3,2,0,2,50,5,11,no,no
27,29,4,0,0,4,45,4,13,no,no
24,28,3,0,0,0,45,4,8,no,no
27,33.721865,2,1,0,2.823703,0,3,6,no,no
44,44,5,20,8.619314,15,110,5,11,yes,no
31,33,4,2,8.619314,2,45,5,12,no,no
34,37,3,0,25,2,60,5,12,no,no
25,36,2,0,0,2.823703,0,6,1,no,no
35,33,4,11,0,7,34.026761,5,12,no,no
24,21,3,0,0,2,40,8,13,no,no
35,39,5,8,8.619314,8,55,4,14,no,no
23,25,3,0,0,0,0,8,11,no,no
27,33.721865,2,1,0,2.823703,0,4,10,no,no
29,33.721865,3,0,0,2.823703,0,3,2,no,no
36,38,4,1,0,1,45,5,13,no,no
31,34,3,3,0,3,39,3,14,no,no
32,38,2,9,32,8,34.026761,3,11,no,no
34,36,3,4,0,4,40,4,13,no,no
32,35,4,2,20,1,40,3,12,no,no
37,39,3,3,9,5,34.026761,5,13,no,no
36,38,3,2.788198,50,3,34.026761,4,14,yes,no
50,33.721865,2,0,0,2.823703,0,3,8,no,no
17,33.721865,3,0,8,2.823703,0,4,14,no,no
26,29,4,0,8.619314,0,59,5,12,no,no
32,38,2,2,20,2,40,4,12,no,no
20,25,3,0,0,0,50,7,13,no,no
35,34,3,2,15,2,30,4,14,no,no
33,33,3,0,0,0,35,4,13,no,no
24,33.721865,3,0,8.619314,2.823703,0,3,5,no,no
24,32,3,2,23,1,50,3,12,no,no
19,33.721865,2,0,0,2.823703,0,2,7,no,no
29,35,3,1,40,1,55,3,14,no,no
27,24,4,0,0,0,70,8,14,no,no
30,38,3,6,25,6,45,3,12,no,no
34,33,4,2,38,4,40,4,14,no,no
39,30,4,0,0,1,40,3,13,no,no
20,33.721865,2,0,0,2.823703,0,2,5,no,no
24,33.721865,4,0,0,2.823703,0,4,11,no,no
25,31,3,6,15,3,50,4,12,no,no
28,31,3.247138,4,45,3,45,5,13,yes,no
19,33.721865,4,22,4,2.823703,0,5,12,yes,no
29,29,3,3,0,1,45,4,13,no,no
26,26,3,0,0,7,50,7,14,no,no
34,39,3,10,0,11,34.026761,3,13,yes,no
30,34,3,3,0,3,40,4,14,no,no
31,34,4,8,40,6,90,4,14,no,no
23,33.721865,3,0,0,2.823703,0,6,12,no,no
35,37,2,0,0,0,40,4,7,no,no
34,33.721865,3,0,0,2.823703,0,3,6,no,no
36,35,3,2,0,1,55,7,13,no,no
30,28,3,3,0,2.823703,0,4,13,no,no
31,33,4,3,25,3,52,5,13,no,no
33,31,4,0,0,0,50,4,12,no,no
19,33.721865,3.247138,0,0,2.823703,0,2,6,no,no
30.699966,37,3.247138,2.788198,0,0,45,2,12,no,no
35,33,2,2,0,2,42,4,11,no,no
22,33.721865,2,0,0,2.823703,0,2,7,no,no
37,43,4,6,25,6,34.026761,3,14,no,no
32,33,3,4,12,6,40,5,12,no,no
30,32,4,2.788198,40,2.823703,60,3,13,no,no
32,34,3,7,0,7,40,5,14,no,no
36,40,6,3,18,4,50,3,13,no,no
26,33.721865,3,11,0,2.823703,0,3,10,no,no
41,40,2,3,0,3,37,6,12,no,no
26,29,3,1,0,3,41,3,10,no,no
30,32,3,5,0,8,40,3,13,no,no
34,37,3,3,0,2,34.026761,4,14,no,no
39,54,4,15,0,5,0,4,10,yes,no
21,23,3,0,20,0,45,3,10,no,no
32,43,3,3,0,0,0,4,11,no,no
38,45,3,4,0,0,40,5,12,no,no
42,38,3,0,0,5,60,4,14,no,no
28,30,2,1,8.619314,1,40,3,11,no,no
32,32,3,8,0,5,40,3,13,no,no
31,33.721865,3,2.788198,8.619314,2.823703,0,2,9,no,no
28,25,2,0,0,1,50,4,8,no,no
31,36,3,4,0,3,45,6,5,no,no
32,31,4,2,0,1,60,3,13,no,no
37,41,2,4,0,0,0,4,5,no,no
26,33.721865,4,1,0,2.823703,0,13,13,yes,no
42,33.721865,3,1,8.619314,2.823703,0,7,10,no,no
25,33.721865,2,0,0,2.823703,0,4,6,no,no
20,33.721865,5,2,0,2.823703,0,6,11,no,no
37,35,3,3,25,3,45,5,12,no,no
28,28,1,2,0,2,45,3,13,no,no
30,35,4,3,0,0,0,10,7,no,no
26,23,3,6,0,2.823703,40,6,14,no,no
33,33,4,2,0,2,50,4,12,no,no
40,43,4,1,0,7,40,4,14,no,no
34,38,4,2,0,2,40,4,13,no,no
31,36,4,3,0,5,40,4,13,no,no
35,30,4,6,12,5,55,4,11,no,no
22,33.721865,4,0,0,2.823703,0,5,13,no,no
36,41,5,2.788198,32,21,50,4,14,no,yes
36,34,4,0,0,0,45,3,12,no,no
29,37,3,5,12,3,40,4,13,no,no
33,33,4,5,40,5,45,5,13,no,no
33,25,2,0,8,0,45,5,11,no,no
24,33.721865,3,0,55,2.823703,0,5,10,yes,no
35,32,4,2,23,2,50,5,12,no,no
32,36,1,1,32,2.823703,0,5,6,no,no
24,33.721865,6,11,0,2.823703,0,5,11,no,no
38,40,4,2,20,2,48,7,13,no,no
23,29,3,2,2,3,70,3,12,no,no
29,24,1,0,0,0,40,3,6,no,no
32,39,3,4,2,5,45,3,13,no,no
37,41,4,0,8,2,38,6,12,no,no
32,36,3,5,0,3,34.026761,3,14,no,no
26,32,3,2,6,4,40,3,9,no,no
31,35,2,3,0,2,34.026761,4,9,no,no
35,43,3,2,40,2,50,4,12,no,no
33,36,4,3,0,3,80,4,13,no,no
37,33.721865,3,4,8.619314,2.823703,0,4,7,no,no
31,33,3,9,34,9,40,3,13,no,no
35,43,5,4,0,2,30,3,14,no,no
31,37,4,3,0,1,40,7,11,no,no
38,37,3,5,0,12,45,6,11,yes,no
29,24,2,2,0,2,38,6,13,no,no
34,36,3,2,8,2,34.026761,4,12,no,no
26,33.721865,3,0,0,2.823703,0,3,6,no,no
30,30,3,7,42,7,70,8,14,yes,no
34,35,3,4,24,3,60,3,14,no,no
37,47,3,1,40,3,40,3,12,no,no
23,24,4,3,0,2,0,5,12,no,no
32,33.721865,3,6,0,2.823703,0,5,14,no,no
35,34,3,2,0,2.823703,40,3,13,no,no
38,35,4,0,0,0,39,7,6,no,no
30.699966,25,3,2.788198,0,3,0,9,12,no,no
39,43,3,3,0,2.823703,50,5,12,no,no
32,31,3,2,6,3,30,3,11,no,no
26,23,5,0,0,0,44,6,14,no,no
37,42,3,2,0,2.823703,12,4,11,no,no
32,28,3,1,0,0,2,7,7,no,no
30,33,3,0,20,2,40,7,14,no,no
30.699966,36,2,2.788198,0,1,0,2,7,no,no
34,29,2,1,20,1,44,3,14,no,no
31,28,5,1,0,1,45,4,13,no,no
29,34,2,6,0,3,40,3,13,no,no
34,35,2,0,40,0,0,3,14,no,no
31,37,3,9,30,4,77,5,13,no,no
36,39,4,2,0,2,34.026761,5,12,no,no
23,33.721865,2,0,0,2.823703,0,2,8,no,no
36,33,4,2,40,0,34,6,13,no,no
37,37,4,2.788198,0,5,34.026761,3,14,no,no
35,35,3,5,0,6,30,3,14,no,no
25,30,3,5,15,2.823703,0,6,11,no,no
36,43,3,3,0,4,40,3,14,no,no
26,33.721865,3,1,0,2.823703,0,5,13,no,no
34,36,4,5,0,2,34.026761,5,12,no,no
32,33,4,1,0,1,40,5,13,no,no
42,33,3,1,0,1,0,4,9,no,no
35,30,3.247138,0,0,0,34.026761,7,4,no,no
31,35,4,3,0,2,50,3,13,no,no
28,33,2,2,67,2.823703,12,4,11,yes,no
32,37,4,2,35,3,40,3,14,no,no
35,39,4,2,0,2,55,4,14,no,no
40,41,5,8,60,8,50,4,14,yes,no
20,33.721865,4,2,0,2.823703,0,3,13,no,no
49,33.721865,3,2.788198,0,2.823703,0,3,6,no,no
40,45,3,3,50,10,53,3,14,yes,no
28,30,2,1,8.619314,2,45,4,14,no,no
31,36,4,1,0,0,45,3,13,no,no
34,45,3,0,0,0,34.026761,6,11,no,no
49,59,3,5,0,2,40,4,13,yes,no
28,33.721865,2,0,0,2.823703,0,2,10,no,no
37,35,3,6,8.619314,2,30,3,14,no,no
36,41,4,1,0,0,50,4,14,no,no
35,35,4,0,0,1,45,6,12,no,no
30,35,3,1,0,1,50,3,14,no,no
19,33.721865,3,6,0,2.823703,0,5,13,no,no
31,32,3,4,0,4,65,4,9,no,no
29,33.721865,3,1,0,2.823703,0,3,7,no,no
35,35,4,3,0,0,40,4,12,no,no
30,33.721865,4,3,40,2.823703,0,3,11,no,no
33,31,4,3,0,0,40,4,6,no,no
31,29,3,4,40,2,40,4,11,no,no
39,37,3,0,0,0,40,3,13,no,no
32,32,3,3,20,4,50,4,10,no,no
34,40,3,16,0,19,40,4,12,no,yes
23,33.721865,5,0,0,2.823703,0,4,14,no,no
32,31,4,7,50,3,50,5,12,yes,no
26,32,3,0,0,0,45,3,6,no,no
29,29,3,2,0,2,70,4,13,no,no
26,30,4,2,0,0,52,3,11,no,no
18,33.721865,4,20,0,2.823703,0,7,13,yes,no
32,37,3,7,0,4,45,4,13,no,no
41,45,5,0,0,1,40,4,14,no,no
33,38,4,2,0,2.823703,34.026761,4,14,no,no
24,33.721865,3,1,8.619314,2.823703,0,4,3,no,no
41,38,3,2,24,0,40,5,14,no,no
26,30,3,1,11,1,50,3,12,no,no
33,33.721865,4,0,0,2.823703,0,3,12,no,no
30,33,4,2,0,1,50,5,14,no,no
27,29,3,0,40,0,36,4,13,no,no
34,34,2,0,0,3,40,3,8,no,no
24,33.721865,3,0,10,2.823703,0,5,10,no,no
41,51,4,7,0,7,40,4,14,no,no
24,33.721865,3,0,20,2.823703,0,3,7,no,no
34,37,3,16,0,16,44,4,14,no,yes
23,38,3,0,0,0,40,5,12,no,no
38,37,2,2,0,5,40,4,14,no,no
30,31,3,3,7,6,38,3,13,no,no
21,19,3,4,0,2,47,5,13,no,no
32,31,3,0,0,0,40,5,13,no,no
24,30,3,0,0,0,45,4,12,no,no
27,33,3,2,0,0,40,4,11,no,no
40,42,3,3,22,7,50,3,14,no,no
24,39,2,0,0,0,42,4,11,no,no
37,35,2,2,45,2,8,4,12,yes,no
23,21,3,0,0,22,40,8,1,no,yes
35,39,3,2,0,1,0,5,3,no,no
39,39,4,0,40,3,40,7,14,no,no
37,41,3,4,0,6,50,4,13,no,no
36,26,3,2.788198,0,2.823703,6,4,7,no,no
20,22,3,0,40,0,15,4,8,no,no
29,33,2,2,15,2,40,3,12,no,no
31,48,5,0,0,0,100,3,14,no,no
27,33.721865,3,0,40,2.823703,0,4,9,no,no
31,32,3,3,20,4,45,3,12,no,no
26,29,4,2,0,3,50,3,13,no,no
35,27,3,2,0,2,34.026761,4,11,no,no
26,34,2,2,0,3,44,4,9,no,no
28,33.721865,3,3,12,2.823703,0,4,7,no,no
26,34,3,1,10,1,50,4,13,no,no
36,32,3,0,0,6,64,4,14,no,no
25,27,3,2,0,2,60,5,11,no,no
32,38,3,2.788198,0,2,80,8,14,no,no
20,33.721865,4,6,0,2.823703,0,6,7,no,no
36,29,3,2,0,5,40,4,12,no,no
29,39,2,0,8.619314,0,50,5,13,no,no
25,33.721865,2,0,0,2.823703,0,3,3,no,no
27,29,4,1,0,5,40,8,13,no,no
36,42,3,6,0,7,37,3,14,no,no
30.699966,49,3,2.788198,0,2,40,2,10,no,no
27,36,3,2,0,3,40,4,11,no,no
34,35,3,2,20,0,30,5,13,no,no
27,31,3,0,8,1,40,3,11,no,no
24,28,3,1,0,1,60,4,12,no,no
22,33.721865,3,3,0,2.823703,0,8,14,no,no
30,27,3,1,0,0,45,3,13,no,no
32,31,4,14,0,7,40,12,14,yes,no
33,28,3,2,0,4,50,4,12,no,no
32,33,3,3,0,4,40,3,11,no,no
31,33,3,4,0,4,43,3,12,no,no
23,33.721865,3,19,0,2.823703,0,3,13,yes,no
36,31,3,8,0,5,42,4,12,no,no
20,33.721865,3,0,0,2.823703,0,10,12,no,no
38,61,5,4,0,25,62,4,14,yes,yes
31,42,3,2.788198,0,9,34.026761,9,14,no,no
36,33.721865,3,0,0,2.823703,0,4,12,no,no
19,33.721865,3,0,0,2.823703,0,8,14,no,no
34,30,3,3,0,4,45,3,12,no,no
22,22,3,1,0,1,40,5,13,no,no
40,32,4,6,8.619314,6,41,4,14,no,no
37,38,4,0,0,0,40,6,13,no,no
31,24,6,2,40,0,39,9,14,no,no
27,27,2,2,12,1,40,3,12,no,no
32,33.721865,3,0,0,2.823703,0,3,6,no,no
31,32,3,12,38,12,45,6,13,yes,no
30,30,4,2,40,0,40,4,14,no,no
29,35,3,3,0,3,45,3,12,no,no
37,35,5,0,0,0,40,5,12,no,no
28,26,2,2,8.619314,0,56,3,13,no,no
37,48,3,0,40,6,40,6,14,no,no
36,43,4,5,0,3,40,5,14,no,no
31,32,4,1,0,1,45,3,12,no,no
37,40,3,2,0,2,50,4,12,no,no
32,34,4,2,21,0,55,3,14,no,no
21,25,3,0,28,0,38,4,10,no,no
20,33.721865,3,2,0,2.823703,0,7,11,no,no
31,31,3,4,22,8,60,3,12,no,no
24,30,4,0,0,0,60,4,12,no,no
30,34,2,1,0,0,0,4,7,no,no
34,34,4,2,5,3,60,3,13,no,no
36,28,3,12,0,25,0,7,14,no,yes
32,33.721865,3,0,0,2.823703,0,3,5,no,no
32,25,4,2.788198,0,2.823703,60,3,13,no,no
27,32,3,3,0,0,45,3,1,no,no
35,35,3,10,10,6,50,4,14,no,no
39,45,3,0,25,0,64,5,13,no,no
32,27,3,0,0,2,50,3,13,no,no
33,42,3,2,5,1,40,3,13,no,no
32,59,3,5,0,2.823703,36,3,10,yes,no
39,38,5,10,18,10,65,4,14,yes,no
25,30,4,0,12,2,40,5,13,no,no
33,37,3,4,0,4,40,4,13,no,no
33,33.721865,3,0,0,2.823703,0,7,12,no,no
38,38,3,4,0,4,60,5,12,no,no
24,27,3,0,0,2,34,3,13,no,no
29,37,4,7,0,5,40,5,12,no,no
31,31,3,3,40,2,45,4,13,no,no
31,41,3,3,40,2,40,4,14,no,no
48,50,3,12,20,12,45,6,12,yes,no
17,33.721865,3,0,0,2.823703,0,2,7,no,no
33,32,3,0,40,0,45,4,13,no,no
30,33.721865,3,0,0,2.823703,0,4,7,no,no
27,26,3,0,0,0,40,3,4,no,no
24,32,4,0,0,3,0,9,13,no,no
35,37,4,2,0,0,50,4,14,no,no
39,38,5,7,0,7,0,6,3,no,no
29,34,2,0,0,2.823703,0,6,11,no,no
32,36,3,0,0,0,60,5,12,no,no
37,35,3,4,20,4,45,5,13,no,no
29,33.721865,5,1,8,2.823703,0,4,14,no,no
36,42,3,2,0,2,34.026761,5,12,no,no
47,53,4,24,20,24,40,4,14,yes,yes
28,29,2,0,50,0,34.026761,3,11,yes,no
40,33.721865,3,0,16,2.823703,0,4,5,no,no
32,29,3,0,0,2,40,3,12,no,no
36,35,4,3,0,1,50,5,13,no,no
30.699966,50,2,2.788198,0,6,40,3,8,no,no
34,38,3,5,16,4,40,4,12,no,no
36,43,3,6,8.619314,5,0,4,13,no,no
31,30,2,2,0,4,50,3,10,no,no
37,39,2,1,40,2.823703,40,3,12,no,no
36,33,3,3,0,3,42,3,12,no,no
26,29,3,1,0,2,50,4,9,no,no
26,25,3,0,0,2.823703,56,3,9,no,no
33,36,4,2,0,2,35,5,14,no,no
28,28,4,4,0,0,34.026761,5,11,no,no
31,39,4,2.788198,0,2,45,5,14,no,no
28,34,3,5,40,6,60,3,14,no,no
25,33.721865,3,20,0,2.823703,0,7,14,yes,no
35,37,3,1,0,2,40,3,14,no,no
19,33.721865,4,0,40,2.823703,0,4,13,no,no
33,38,3,0,0,9,51,4,14,no,no
36,38,4,0,20,0,40,4,14,no,no
36,47,4,1,0,0,46,5,11,no,no
26,30,3,2,0,1,45,3,10,no,no
36,34,4,4,24,5,50,3,9,no,no
34,44,4,4,12,15,34.026761,4,13,yes,no
18,33.721865,2,0,0,2.823703,0,5,7,no,no
44,41,2,0,0,0,38,3,13,no,no
32,42,4,6,1,4,65,3,14,no,no
31,40,4,1,40,4,45,3,13,no,no
42,39,3,6,0,6,42,8,12,no,no
41,42,5,7,0,4,34.026761,6,11,no,no
27,33.721865,2,0,0,2.823703,0,3,5,no,no
33,33,4,10,0,9,34.026761,5,13,no,no
38,33.721865,3,4,40,2.823703,0,2,10,no,no
29,31,3,1,0,1,40,4,12,no,no
26,26,3,0,0,0,40,4,11,no,no
30.699966,38,3,2.788198,0,0,40,3,12,no,no
37,34,3,2,35,0,45,4,13,no,no
52,52,3,14,24,14,82,4,12,yes,no
30,32,5,0,0,3,49,4,14,no,no
20,33.721865,3,0,0,2.823703,0,3,10,no,no
24,23,3,0,0,0,40,3,12,no,no
28,26,3,0,0,2,50,3,12,no,no
37,41,3,6,10,4,50,4,12,no,no
21,33.721865,3,21,0,2.823703,0,4,13,yes,no
33,31,4,3,0,2,45,4,14,no,no
37,37,3,7,8.619314,8,40,4,14,no,no
28,30,3,3,40,13,0,8,10,yes,no
28,31,3,0,0,0,45,3,13,no,no
32,37,3,8,18,9,40,3,12,no,no
25,25,3,6,27,5,40,3,13,no,no
37,37,4,4,0,2,40,5,13,no,no
42,33.721865,3,15,0,2.823703,0,3,8,no,no
28,26,3,3,0,3,55,5,11,no,no
45,47,3,2,0,3,0,4,12,no,no
31,31,4,1,0,0,40,4,10,no,no
24,27,3,1,0,2,60,4,11,no,no
32,36,3,0,0,0,45,3,14,no,no
20,33.721865,3,0,0,2.823703,0,3,5,no,no
20,21,3,0,0,0,8,7,13,no,no
29,35,3,0,3,2,80,4,12,no,no
27,30,2,1,30,0,40,3,12,no,no
27,33.721865,3,0,0,2.823703,0,7,11,no,no
29,33.721865,3,2.788198,0,2.823703,0,5,7,no,no
39,45,4,2,104,2.823703,60,3,13,no,yes
35,33.721865,5,1,30,2.823703,0,5,13,no,no
28,32,3,3,0,2,40,4,12,no,no
25,33.721865,3,0,40,2.823703,0,3,10,no,no
25,29,2,0,0,0,48,3,12,no,no
30,33,4,1,0,1,34.026761,4,12,no,no
25,25,2,2.788198,0,24,0,4,11,no,yes
21,22,3,0,25,0,60,3,14,no,no
28,33,3,5,33,5,70,4,14,no,no
22,25,3,0,0,0,50,3,12,no,no
28,35,1,0,0,0,35,3,7,no,no
33,36,4,0,8.619314,3,45,3,13,no,no
23,30,3,3,0,0,40,7,14,no,no
25,28,2,0,0,0,42,4,13,no,no
32,38,4,2,0,2,40,5,14,no,no
39,34,3,2,0,0,50,4,13,no,no
31,34,3,3,0,2.823703,34.026761,4,12,no,no
35,36,6,2,0,4,45,6,14,no,no
30,33.721865,3,0,0,2.823703,0,7,7,no,no
23,27,3,2,22,2,55,4,12,no,no
31,30,2,5,0,0,50,4,10,no,no
19,23,1,0,0,0,0,6,12,no,no
31,32,4,0,0,0,0,9,14,no,no
42,43,3,2,0,4,40,6,5,no,no
31,31,3,1,0,3,40,5,12,no,no
31,38,3,1,5,0,45,3,14,no,no
34,42,3,1,20,1,50,4,14,no,no
36,39,4,0,35,1,50,3,14,no,no
32,32,3,1,0,1,0,3,6,no,no
25,29,2,3,0,3,10,3,9,no,no
24,33.721865,3,0,0,2.823703,0,5,7,no,no
33,34,4,0,0,1,45,4,11,no,no
33,35,5,0,0,0,42,6,14,no,no
42,52,3,2.788198,0,8,0,4,2,yes,no
30,40,4,4,40,9,0,4,12,no,no
27,33.721865,3,1,0,2.823703,0,4,8,no,no
37,31,3,11,0,9,16,5,7,no,no
30,33.721865,3,3,0,2.823703,0,5,5,no,no
35,34,4,1,50,0,45,4,14,yes,no
39,38,3,1,50,3,38,3,14,yes,no
36,35,2,0,0,0,45,4,13,no,no
27,25,4,0,0,2,45,5,11,no,no
42,39,3,9,0,6,40,9,10,no,no
25,33.721865,3,19,0,2.823703,0,5,10,yes,no
36,33.721865,3,1,0,2.823703,0,4,2,no,no
33,31,2,2,0,2,55,3,12,no,no
31,32,4,4,3,2.823703,45,4,12,no,no
35,37,3,3,0,11,60,3,13,yes,no
34,39,3,2,40,0,40,4,14,no,no
24,27,3,2,0,2,0,9,14,no,no
29,38,3,0,24,2,50,3,14,no,no
38,49,3,7,0,12,32,7,7,yes,no
34,33.721865,3,2.788198,0,2.823703,0,2,3,no,no
30,35,4,0,0,1,50,3,14,no,no
20,33.721865,2,0,0,2.823703,0,3,8,no,no
37,33,4,8,15,8,45,5,10,no,no
23,33.721865,5,0,0,2.823703,0,8,13,no,no
31,32,3,4,0,4,41,3,14,no,no
33,34,3,0,0,0,34.026761,4,12,no,no
39,39,4,7,0,15,40,7,12,yes,no
21,33.721865,4,5,0,2.823703,0,5,12,no,no
32,37,3,1,0,1,40,4,13,no,no
36,38,3,4,8.619314,4,0,3,12,no,no
37,46,4,2,10,2,50,5,13,no,no
31,39,3,3,0,4,55,6,12,no,no
19,21,5,8,0,1,40,5,12,no,no
33,35,3,2,30,4,50,3,13,no,no
35,36,3,2,13,2,50,3,12,no,no
30,25,3,25,0,2,50,4,12,yes,no
32,41,3,10,0,10,40,4,13,yes,no
18,26,3,0,0,0,43,7,14,no,no
25,39,4,1,50,1,55,3,14,yes,no
32,32,3,0,35,0,45,4,13,no,no
36,29,3,2,0,1,40,3,14,no,no
22,23,3,1,0,1,34.026761,3,10,no,no
31,33.721865,3,0,20,2.823703,0,6,5,no,no
31,32,4,0,0,3,50,3,13,no,no
34,33.721865,3,2,0,2.823703,0,3,6,no,no
27,35,4,3,0,3,45,5,11,no,no
34,42,3,1,0,2,52,3,14,no,no
21,33.721865,3,2,0,2.823703,0,5,11,no,no
37,40,4,5,83,2,115,6,14,no,yes
30,33,4,3,25,4,50,3,12,no,no
23,34,6,0,0,0,0,6,4,no,no
36,36,4,3,0,1,50,4,14,no,no
31,34,3,3,37,5,40,3,14,no,no
23,18,3,0,0,0,50,5,10,no,no
30,33,4,0,0,0,60,3,12,no,no
36,42,3,2,50,2,36,3,14,yes,no
28,27,5,1,1,1,45,7,12,no,no
28,28,3,3,0,3,50,3,14,no,no
26,28,4,3,15,3,70,4,11,no,no
31,34,3,5,0,3,45,4,11,no,no
39,33.721865,3,1,0,2.823703,0,3,2,no,no
38,37,4,1,0,1,60,4,12,no,no
25,33.721865,4,2,0,2.823703,0,4,10,no,no
23,33.721865,3,0,0,2.823703,0,3,6,no,no
23,27,3,0,0,0,40,3,14,no,no
29,28,3,3,10,0,45,3,12,no,no
33,34,3,4,0,3,45,3,14,no,no
28,36,3,0,0,1,50,3,14,no,no
32,36,3,3,40,2,40,5,12,no,no
31,36,3,2,10,2,40,4,13,no,no
35,29,3,1,0,2,50,4,14,no,no
22,27,2,0,0,0,42,4,8,no,no
26,37,4,0,0,0,30,6,6,no,no
25,31,3,2.788198,8.619314,2,30,5,7,no,no
26,31,3,0,0,0,11,4,12,no,no
34,33,3,5,20,3,40,4,10,no,no
26,33.721865,3,0,0,2.823703,0,3,6,no,no
34,31,3,4,20,6,40,4,14,no,no
29,38,3,2,0,3,24,6,12,no,no
27,40,3,1,0,1,0,9,2,no,no
31,33,4,10,0,10,50,5,13,yes,no
31,33.721865,3,2.788198,0,2.823703,0,3,11,no,no
30,43,3,2,11,2,30,8,9,no,no
18,18,2,2,10,10,0,6,10,yes,no
31,34,3,1,45,2,45,3,13,yes,no
28,34,3,7,0,1,12,8,13,no,no
40,31,4,5,8.619314,6,90,4,14,no,no
35,35,4,3,20,0,40,4,13,no,no
24,26,4,2,16,2,40,6,13,no,no
34,31,3,2,0,2,45,4,13,no,no
33,35,3,12,4,10,50,4,11,yes,no
35,41,4,1,0,4,50,4,12,no,no
33,32,4,2.788198,8.619314,2,65,3,14,no,no
36,38,3,0,0,2,40,5,5,no,no
37,35,3,2,12,2,40,4,14,no,no
31,33,3,3,0,3,40,3,14,no,no
37,33.721865,2,2.788198,0,2.823703,0,3,7,no,no
39,41,4,3,0,3,0,4,9,no,no
31,32,3,0,8,0,52,5,12,no,no
28,35,2,0,0,2,30,4,13,no,no
35,37,3,4,0,1,60,3,14,no,no
32,36,3,0,0,2.823703,0,6,14,no,no
32,36,3,1,0,2,45,5,12,no,no
40,41,4,7,16,5,40,4,14,no,no
46,45,4,2.788198,30,21,50,4,13,no,yes
28,33,3,7,0,8,44,4,12,no,no
37,33,4,2,0,4,40,3,14,no,no
32,39,3,1,0,2,34.026761,4,12,no,no
25,40,3,0,0,0,0,6,12,no,no
30,32,3,3,0,4,50,4,11,no,no
27,31,3,21,40,5,40,6,12,yes,no
32,41,3,6,8,8,30,4,11,no,no
33,33,4,3,0,3,40,5,13,no,no
30,30,4,6,25,5,49,3,13,no,no
27,30,3,2,5,0,65,4,12,no,no
19,25,4,4,0,0,45,5,13,no,no
26,32,3,2,28,4,50,3,13,no,no
24,28,5,0,0,2,40,8,14,no,no
28,28,3,2,0,2,40,3,14,no,no
31,35,4,0,25,0,40,3,14,no,no
42,36,3,12,30,12,38,5,14,yes,no
21,16,3,0,0,2.823703,0,6,12,no,no
35,38,4,2,0,3,50,5,13,no,no
39,44,2,4,0,1,40,4,14,no,no
26,28,2,2,0,0,60,3,13,no,no
37,31,4,1,0,1,50,5,14,no,no
25,31,4,5,0,4,40,3,14,no,no
22,37,4,0,0,0,34.026761,6,12,no,no
20,33.721865,3,1,0,2.823703,0,4,10,no,no
37,45,3,2,20,0,44,4,14,no,no
30,37,3,1,0,2,0,3,12,no,no
27,33,3,5,12,4,60,3,12,no,no
38,39,4,7,30,7,50,4,13,no,no
32,35,3,5,62,2,70,6,13,yes,no
21,32,3,2,0,2,60,5,12,no,no
35,31,3,0,24,0,40,4,13,no,no
33,31,3,0,0,0,43,4,12,no,no
29,25,4,0,0,0,44,4,14,no,no
26,29,4,2,0,2,45,5,13,no,no
30,26,3,0,0,0,40,3,8,no,no
32,42,3,0,0,1,45,4,14,no,no
23,24,2,1,0,4,16,3,9,no,no
34,46,3,0,16,0,40,5,7,no,no
31,31,2,3,17,2,45,3,10,no,no
30,37,4,5,38,3,50,5,14,no,no
30,42,3,2,5,1,40,4,11,no,no
38,36,3,1,0,1,50,4,12,no,no
32,37,4,0,9,0,44,3,13,no,no
31,30,4,2,10,0,52,3,14,no,no
32,35,2,1,36,1,40,4,12,no,no
28,38,4,4,0,2.823703,0,6,10,no,no
27,30,3,1,5,1,45,4,13,no,no
26,34,2,0,0,0,50,3,12,no,no
36,34,3,2,0,9,34.026761,4,12,no,no
28,33,3,2,0,1,40,3,10,no,no
33,37,4,11,0,10,34.026761,5,12,yes,no
37,38,5,11,0,9,40,5,14,no,no
32,34,4,1,0,0,45,5,11,no,no
32,32,2,1,40,0,40,3,10,no,no
28,28,3,1,2,0,55,3,13,no,no
32,32,3,1,10,1,36,5,14,no,no
15,33.721865,3,4,20,2.823703,0,6,12,no,no
21,36,3,0,0,2,0,4,7,no,no
41,51,3.247138,0,0,2.823703,20,6,7,no,no
24,31,3,3,0,2,44,5,14,no,no
33,37,4,2,0,7,45,5,11,no,no
39,41,4,14,0,13,40,5,13,yes,no
33,37,4,3,0,1,50,5,12,no,no
23,22,1,0,3,0,50,3,12,no,no
34,34,5,3,0,3,45,5,13,no,no
43,38,4,2,0,2,60,5,14,no,no
36,39,4,6,5,2,40,4,14,no,no
28,32,3,1,0,0,50,4,11,no,no
25,29,2,1,0,1,40,3,7,no,no
26,33.721865,2,0,0,2.823703,0,7,7,no,no
34,39,3,0,0,2,40,5,13,no,no
34,26,3,3,0,0,45,3,8,no,no
32,36,3,4,40,4,70,5,13,no,no
33,33,3,0,0,0,40,4,14,no,no
30,33,3,6,15,6,42,4,14,no,no
35,36,3,2,20,1,55,3,12,no,no
19,20,5,0,0,0,0,5,14,no,no
29,33,2,1,0,0,40,4,10,no,no
32,31,3,3,0,3,40,3,13,no,no
25,24,2,1,0,0,65,3,9,no,no
29,30,5,2,40,2.823703,0,5,13,no,no
34,32,3,0,0,6,40,5,11,no,no
32,33.721865,3,2,0,2.823703,0,3,8,no,no
33,31,3,3,0,3,40,5,12,no,no
39,37,3,16,10,16,44,4,13,no,yes
33,40,3,5,0,2.823703,0,4,13,no,no
26,27,3,0,0,0,50,3,12,no,no
24,33.721865,3,4,8.619314,2.823703,0,10,13,no,no
24,25,3,0,25,0,40,3,11,no,no
29,33.721865,2,0,0,2.823703,0,3,1,no,no
32,34,2,2,60,1,40,4,13,yes,no
36,39,5,3,0,2,96,4,7,no,no
30,32,3,3,0,2,40,3,13,no,no
34,36,3,6,40,3,40,4,13,no,no
37,40,4,3,0,3,0,5,4,no,no
19,24,4,0,40,0,39,6,14,no,no
36,45,2,3,0,2,0,4,7,no,no
30,36,3,1,0,0,45,4,14,no,no
40,40,4,7,35,4,40,5,14,no,no
34,36,3,4,24,6,40,4,14,no,no
31,36,4,1,0,0,40,3,13,no,no
36,39,4,2,0,0,40,4,14,no,no
39,35,3,4,0,5,40,4,12,no,no
20,33.721865,2,1,0,2.823703,0,3,3,no,no
35,43,3,4,0,0,40,6,11,no,no
30,30,3,0,0,2,60,4,13,no,no
35,34,4,2.788198,0,0,42,4,13,no,no
35,38,3,5,25,5,40,4,14,no,no
34,37,3,1,0,1,68,4,13,no,no
32,35,2,0,30,0,34.026761,5,12,no,no
31,38,4,2,28,0,40,6,13,no,no
41,42,5,1,30,1,55,4,14,no,no
29,33.721865,2,6,30,2.823703,0,5,13,no,no
17,33.721865,3,2,0,2.823703,0,5,8,no,no
35,49,6,1,0,0,60,4,14,no,no
31,33,3,0,0,0,45,4,11,no,no
27,32,3,0,8,0,34.026761,5,10,no,no
25,33.721865,4,0,0,2.823703,0,5,4,no,no
23,29,3,0,0,2,65,4,10,no,no
36,35,3,4,0,4,44,4,13,no,no
31,31,3,4,0,4,44,3,13,no,no
32,34,3,1,0,2,40,3,13,no,no
42,44,5,17,0,17,37,6,14,yes,yes
29,30,3,3,0,3,45,4,13,no,no
26,29,5,2,0,2,50,3,12,no,no
44,39,4,4,0,2,50,5,14,no,no
35,37,3,0,0,3,70,3,13,no,no
26,27,3,6,48,5,70,4,11,yes,no
29,32,2,0,40,0,40,5,12,no,no
37,38,3.247138,6,0,10,40,4,14,yes,no
24,33.721865,3,0,0,2.823703,0,4,11,no,no
29,27,2,3,0,3,45,3,12,no,no
29,28,2,3,0,3,15,5,14,no,no
23,27,2,0,0,2.823703,50,4,7,no,no
29,35,4,5,15,3,42,3,11,no,no
25,35,3,0,0,0,30,4,14,no,no
31,29,2,0,40,1,50,3,9,no,no
28,29,5,5,60,6,60,4,13,yes,no
40,39,4,6,45,4,36,4,14,yes,no
31,33,3,0,0,0,50,4,13,no,no
35,36,3,2,5,2,50,3,12,no,no
34,35,3,3,40,3,45,3,14,no,no
33,33,3,3,0,3,42,3,13,no,no
25,33.721865,5,22,0,2.823703,0,8,14,yes,no
29,30,3,0,0,7,0,8,10,no,no
42,45,2,3,0,3,0,4,7,no,no
34,42,4,2,0,0,34.026761,4,14,no,no
32,34,2,2,0,2,60,6,7,no,no
24,26,2,1,0,1,40,3,12,no,no
33,33,4,3,0,2,40,4,14,no,no
33,38,5,0,40,0,49,4,13,no,no
25,29,3,1,0,0,50,3,11,no,no
17,33.721865,3,2.788198,0,2.823703,0,2,5,no,no
33,28,4,2,50,2,60,5,14,yes,no
30,36,3,6,0,9,45,3,13,no,no
32,41,4,6,0,6,40,4,14,no,no
28,33,3,2,10,3,37,4,13,no,no
28,20,4,2.788198,0,2.823703,40,6,14,no,no
96,37,3,2,0,2,60,4,1,no,yes
32,34,6,3,8.619314,3,49,4,13,no,no
37,25,3,2,0,0,60,5,11,no,no
31,35,3,2,0,2,50,4,14,no,no
53,33.721865,2,8,24,2.823703,0,5,13,no,no
33,33,5,2,40,3,60,10,14,no,no
26,29,4,1,0,0,45,3,13,no,no
31,33,3,6,0,6,40,3,13,no,no
28,26,3,0,0,0,45,3,12,no,no
31,33.721865,3,4,0,2.823703,0,2,5,no,no
42,33.721865,3,2,0,2.823703,0,2,13,no,no
23,33.721865,3,0,0,2.823703,0,6,13,no,no
29,35,6,0,8.619314,0,40,3,2,no,no
30,54,2,4,0,4,0,3,6,yes,no
34,33,3,0,0,1,40,3,12,no,no
26,33,3,2,0,0,38,4,12,no,no
38,33,5,0,0,1,96,7,7,no,no
36,44,3,1,40,5,55,4,14,no,no
25,26,3,4,8.619314,2,60,4,13,no,no
36,28,3,1,0,1,45,3,13,no,no
21,30,3,0,10,0,40,7,12,no,no
31,31,3,3,0,0,60,3,13,no,no
37,45,3,12,0,5,34.026761,5,14,no,no
26,36,3,4,0,4,40,4,14,no,no
36,35,4,0,32,4,54,4,13,no,no
40,33.721865,3,4,34,2.823703,0,4,11,no,no
18,33.721865,3,11,0,2.823703,0,6,14,no,no
31,33,3,3,0,0,50,4,14,no,no
36,37,3,7,0,4,45,3,13,no,no
28,22,3,0,0,0,40,4,12,no,no
29,40,4,8,0,3,40,4,10,no,no
35,36,4,0,8.619314,0,40,6,13,no,no
28,33.721865,2,1,0,2.823703,0,3,5,no,no
30,32,3,5,4,5,44,3,13,no,no
21,19,2,2,0,0,34.026761,12,11,yes,no
27,25,2,2.788198,0,0,8,5,12,no,no
35,33,4,6,40,6,70,5,12,no,no
39,44,5,2,0,0,34.026761,4,12,no,no
32,33,3,5,8.619314,2,40,4,12,no,no
25,24,3,1,0,1,42,3,10,no,no
29,30,4,0,0,2,40,4,14,no,no
43,40,3,9,24,9,42,4,10,no,no
21,33.721865,3,3,0,2.823703,0,5,8,no,no
26,42,4,5,8.619314,5,94,4,11,no,no
35,33,3,0,0,0,50,4,12,no,no
38,44,3,3,0,3,63,4,14,no,no
23,33.721865,2,6,0,2.823703,0,5,11,no,no
34,44,4,3,8.619314,3,55,4,14,no,no
35,37,5,3,0,3,40,6,10,no,no
30,32,5,0,10,0,60,5,12,no,no
22,28,3,2,8.619314,0,66,7,10,no,no
30,32,2,0,0,0,40,3,13,no,no
24,33.721865,3,1,0,2.823703,0,3,5,no,no
26,33,4,0,0,0,45,3,11,no,no
30,28,2,0,0,3,40,5,13,no,no
36,35,5,10,0,0,40,5,14,no,no
34,39,4,0,0,0,60,4,14,no,no
27,24,3,19,40,6,40,11,3,yes,no
32,34,3,2,0,2,45,5,14,no,no
18,33.721865,2,0,0,2.823703,0,2,3,no,no
37,32,4,6,12,0,40,4,11,no,no
20,33.721865,3,22,0,2.823703,0,3,4,yes,no
37,35,3,2,40,1,40,5,14,no,no
33,39,3,3,8,3,40,3,11,no,no
25,28,4,1,2,1,45,6,14,no,no
31,33,3,4,0,3,45,4,10,no,no
31,39,2,0,0,0,20,3,6,no,no
42,42,6,4,0,6,34.026761,11,6,no,no
25,33.721865,3,2.788198,0,2.823703,0,3,8,no,no
26,25,2,0,0,2.823703,6,4,6,no,no
26,29,3,0,35,5,37,4,14,no,no
37,31,3,2,0,3,50,4,13,no,no
34,43,3,3,10,3,45,4,14,no,no
28,18,3,5,0,2,59,7,14,no,no
21,25,3,2,2,2.823703,50,4,13,no,no
37,39,2,6,0,2,40,4,14,no,no
36,43,3,3,0,3,44,4,14,no,no
23,33.721865,4,2,0,2.823703,0,6,13,no,no
29,30,3,2,0,5,45,4,12,no,no
30,33.721865,3,27,0,2.823703,0,4,12,yes,no
34,35,3,1,0,1,55,3,13,no,no
25,27,3,0,0,2,40,3,12,no,no
31,34,3,0,0,0,34.026761,4,12,no,no
32,29,3,0,0,0,40,6,10,no,no
40,42,3,8,3,2,60,3,13,no,no
20,27,4,2,0,1,45,4,10,no,no
30,27,4,3,23,1,41,3,13,no,no
31,28,6,4,38,4,0,10,14,no,no
36,55,3,3,0,7,45,4,14,yes,no
24,33.721865,3,0,0,2.823703,0,4,9,no,no
33,39,4,4,15,14,45,5,14,yes,no
34,42,4,2,15,4,50,4,13,no,no
35,33.721865,1,0,0,2.823703,0,4,11,no,no
20,33.721865,5,15,0,2.823703,0,4,14,no,no
27,30,3,6,0,3,40,4,12,no,no
26,34,3,3,0,1,50,5,12,no,no
23,37,3,3,0,2.823703,0,5,9,no,no
39,41,4,7,8.619314,7,38,3,14,no,no
33,31,3,3,58,4,45,3,14,yes,no
33,34,3,0,40,6,34.026761,4,12,no,no
27,28,2,6,0,0,0,5,4,no,no
21,30,3,21,40,0,40,7,13,yes,no
33,39,3,0,15,1,45,4,14,no,no
24,40,3,6,0,6,44,4,10,no,no
39,38,4,2,0,1,60,4,14,no,no
36,33,4,1,10,1,50,4,14,no,no
31,29,3,2,0,2,40,3,14,no,no
33,33,3,5,0,5,40,4,11,no,no
30,33.721865,3,17,0,2.823703,0,3,14,yes,no
21,23,3,0,40,0,45,4,12,no,no
34,40,3,2,0,2,30,4,13,no,no
35,29,3,3,0,0,45,4,13,no,no
35,39,4,3,0,5,40,4,12,no,no
28,34,3,4,10,4,0,4,7,no,no
33,41,4,0,25,0,20,4,12,no,no
35,32,3,6,10,7,45,5,13,no,no
39,32,3,3,0,3,40,5,12,no,no
32,38,3,0,0,0,40,4,13,no,no
30,29,4,0,0,0,50,3,12,no,no
35,28,3,2.788198,0,6,34.026761,5,14,no,no
28,33,4,6,0,2,40,3,14,no,no
22,27,3,1,0,0,40,4,11,no,no
30,34,6,2,0,1,30,3,12,no,no
31,33,3,1,40,1,40,3,12,no,no
22,28,4,1,8.619314,0,50,6,12,no,no
24,40,3,0,0,0,0,5,7,no,no
28,28,3,1,0,0,41,4,13,no,no
30,31,3,1,0,0,0,3,11,no,no
34,34,3,1,0,1,34.026761,3,14,no,no
34,35,3,1,0,0,34.026761,4,13,no,no
37,35,3,4,0,4,40,4,11,no,no
31,30,2,1,0,1,60,3,12,no,no
35,33,3,0,0,3,40,5,13,no,no
33,42,3,2,3,0,70,3,13,no,no
33,31,4,1,45,3,32,4,13,yes,no
33,33.721865,3,5,0,2.823703,0,3,10,no,no
32,24,2,2,0,0,40,3,9,no,no
23,24,3,0,0,1,40,3,12,no,no
30,36,3,5,40,3,40,4,12,no,no
32,37,3,3,0,3,70,4,13,no,no
37,40,3,14,77,13,50,5,13,yes,yes
31,35,3,0,0,1,40,3,13,no,no
31,29,3,3,0,3,40,4,12,no,no
28,35,3,2,0,10,50,3,13,yes,no
31,37,3,2,38,1,40,3,14,no,no
32,30,3,3,0,3,40,3,13,no,no
35,33.721865,3,2,0,2.823703,0,4,9,no,no
35,34,3,6,15,6,44,5,11,no,no
29,32,3,1,24,4,40,3,11,no,no
37,43,2,0,1,4,32,5,12,no,no
28,30,3,0,0,0,45,3,12,no,no
28,37,3,2,57,2,45,4,12,yes,no
34,34,3,4,3,4,40,4,12,no,no
30,28,3,4,0,3,42,3,12,no,no
33,31,3,3,0,3,44,4,11,no,no
30,33.721865,3,1,0,2.823703,0,3,6,no,no
31,33.721865,3,3,0,2.823703,0,3,5,no,no
37,36,3,3,0,2,53,5,14,no,no
25,33.721865,3,2,40,2.823703,0,3,11,no,no
35,38,4,4,8,2,50,4,14,no,no
36,32,3,7,10,1,0,5,12,no,no
38,36,3,6,24,8,30,4,14,no,no
28,33,3,0,0,0,45,4,12,no,no
33,34,3,1,0,1,50,5,14,no,no
29,28,4,2,140,3,34.026761,3,13,no,yes
26,31,2,5,0,5,50,4,13,no,no
36,38,4,5,0,5,51,4,14,no,no
25,32,4,2,9,2,40,4,13,no,no
38,44,4,11,0,11,50,4,13,yes,no
19,33.721865,3,5,0,2.823703,0,5,14,no,no
34,29,3,0,0,2.823703,0,7,9,no,no
36,40,6,6,20,6,55,6,14,no,no
19,33.721865,4,7,8,2.823703,0,3,7,no,no
29,33.721865,3,2.788198,38,2.823703,0,5,13,no,no
35,35,3,3,0,4,40,3,13,no,no
26,33.721865,3,25,0,2.823703,0,4,14,yes,no
32,34,4,2,16,3,50,3,14,no,no
21,31,3,0,0,4,65,4,11,no,no
30,31,2,3,0,4,50,5,12,no,no
36,35,4,1,0,0,47,4,12,no,no
34,34,5,1,40,1,52,5,14,no,no
30.699966,63,3,2.788198,0,1,0,4,5,yes,no
35,31,2,1,0,2,50,4,14,no,no
31,29,3,3,0,3,60,4,12,no,no
38,33.721865,3,4,0,2.823703,0,7,10,no,no
24,28,3,5,0,4,34.026761,4,12,no,no
30.699966,34,3,2.788198,0,2,40,3,12,no,no
20,25,2,0,0,0,40,5,11,no,no
38,38,4,2,0,6,34.026761,5,14,no,no
30,34,3,1,0,3,44,4,13,no,no
34,37,4,0,20,4,0,3,14,no,no
34,42,3,3,0,1,45,3,13,no,no
33,33.721865,3.247138,0,0,2.823703,0,2,5,no,no
34,32,4,1,0,1,44,5,12,no,no
17,25,2,0,60,0,40,3,12,yes,no
31,33.721865,4,0,0,2.823703,0,6,14,no,no
22,33.721865,2,0,0,2.823703,0,3,6,no,no
37,38,3,3,8.619314,0,40,3,14,no,no
32,33,4,3,0,2,40,4,13,no,no
34,35,4,2,0,2,50,4,14,no,no
31,27,4,0,20,1,45,4,13,no,no
34,55,3,2.788198,0,18,34.026761,7,11,yes,yes
28,35,3,4,0,0,44,5,11,no,no
30,41,4,0,0,0,0,7,10,no,no
35,36,3,1,0,1,55,4,9,no,no
40,44,3,0,80,3,160,4,12,no,yes
26,39,3,0,40,0,60,4,11,no,no
35,44,4,7,40,5,55,5,14,no,no
36,33.721865,3,3,0,2.823703,0,5,4,no,no
31,33,3,3,0,6,50,3,12,no,no
19,33.721865,5,10,8.619314,2.823703,0,7,13,no,no
35,41,3,3,0,2,48,4,14,no,no
25,25,5,0,20,3,45,4,13,no,no
22,33.721865,4,4,0,2.823703,0,5,13,no,no
33,40,2,0,0,0,60,4,8,no,no
36,27,3,5,0,4,49,5,10,no,no
32,33.721865,3,0,0,2.823703,0,5,12,no,no
35,36,4,5,15,2,50,4,12,no,no
29,33,3,0,0,3,40,9,14,no,no
25,33.721865,1,2,0,2.823703,0,4,7,no,no
23,33.721865,2,2,15,2.823703,0,3,5,no,no
41,41,3,0,0,0,40,5,14,no,no
34,43,5,0,2,0,45,4,14,no,no
35,36,3,2,0,2,45,4,12,no,no
26,27,4,3,0,3,50,3,14,no,no
28,32,2,0,0,6,40,3,12,no,no
49,33.721865,4,6,8.619314,2.823703,0,6,13,no,no
36,50,3,1,25,1,40,4,14,no,no
33,33,5,0,0,3,40,9,14,no,no
32,38,4,0,0,0,40,3,12,no,no
36,34,3,3,0,3,50,3,14,no,no
24,22,3,2.788198,0,2.823703,0,4,12,no,no
38,36,3,0,0,0,50,5,14,no,no
25,31,3,3,0,0,43,6,13,no,no
30.699966,32,3,2.788198,0,0,0,10,7,no,no
26,23,3,0,0,0,40,3,10,no,no
30.699966,27,2,2.788198,0,0,0,2,8,no,no
38,33.721865,3,4,40,2.823703,0,2,14,no,no
37,33,3,2.788198,6,1,50,3,13,no,no
39,32,5,1,60,4,45,7,13,yes,no
35,33,3,3,0,3,70,4,13,no,no
34,42,3,2,0,9,42,3,14,no,no
33,33.721865,3,2.788198,0,2.823703,0,4,5,no,no
39,40,5,2,45,2,38,10,12,yes,no
29,30,3,0,39,0,37,3,13,no,no
26,37,3,0,0,2,35,8,13,no,no
34,33,3,6,0,6,50,3,12,no,no
31,31,4,3,0,3,44,4,13,no,no
31,36,4,2,36,2,84,8,12,no,no
28,25,3,3,10,2.823703,34.026761,3,13,no,no
31,31,3,0,0,2,20,4,12,no,no
21,33.721865,5,0,0,2.823703,0,11,12,no,no
21,20,3,0,0,0,26,4,12,no,no
23,36,3,8,20,3,70,5,12,no,no
31,30,3,0,0,1,55,3,11,no,no
33,41,2,0,1,0,50,3,12,no,no
26,33.721865,3,2,0,2.823703,0,5,11,no,no
25,29,5,3,10,4,60,5,14,no,no
33,33,4,10,0,9,40,5,12,no,no
34,44,3,0,40,0,50,5,14,no,no
32,34,4,5,20,5,105,3,13,no,no
34,38,3,6,20,1,38,3,13,no,no
28,33.721865,3,0,0,2.823703,0,3,6,no,no
36,37,5,6,8.619314,6,60,3,11,no,no
18,33.721865,5,0,0,2.823703,0,5,14,no,no
34,33,4,0,0,0,55,3,11,no,no
34,40,2,6,0,3,50,6,10,no,no
35,38,3,10,0,6,37,3,14,no,no
31,36,3,2.788198,0,2,34.026761,3,14,no,no
16,33.721865,3.247138,9,0,2.823703,0,3,5,no,no
26,25,2,2.788198,0,2,34.026761,4,6,no,no
36,35,4,5,0,6,40,6,12,no,no
25,26,3,0,80,0,63,3,12,no,yes
19,23,3,0,0,2.823703,0,6,14,no,no
38,33.721865,5,3,0,2.823703,0,4,10,no,no
22,23,3,0,0,0,50,4,11,no,no
38,38,4,4,0,5,51,4,14,no,no
41,35,4,1,15,2,65,4,13,no,no
32,31,3,2,20,2,50,4,11,no,no
30,32,2,0,0,0,62,4,13,no,no
27,33.721865,1,3,14,2.823703,0,3,7,no,no
22,24,3,1,0,4,45,3,10,no,no
36,39,5,3,3,1,34.026761,5,14,no,no
33,32,3,2,30,2,50,5,12,no,no
33,32,4,2,0,4,40,4,13,no,no
34,39,3,3,8,1,34.026761,4,14,no,no
24,31,3,0,0,2.823703,40,6,12,no,no
36,36,4,5,0,5,40,5,14,no,no
25,33.721865,3,1,0,2.823703,0,13,14,yes,no
25,31,4,0,25,0,65,3,12,no,no
40,32,2,1,0,0,40,3,12,no,no
34,33.721865,4,0,0,2.823703,0,4,11,no,no
36,33,4,2,0,2,0,4,12,no,no
30.699966,50,3,2.788198,0,13,40,3,8,yes,no
30,30,3,5,8.619314,6,15,4,12,no,no
29,32,4,2,40,3,40,4,14,no,no
23,25,3,5,8.619314,5,34.026761,7,13,no,no
31,33.721865,3,0,0,2.823703,0,5,13,no,no
27,30,2,0,5,1,40,3,13,no,no
49,33.721865,5,1,40,2.823703,0,2,10,no,no
29,30,3,0,30,2,40,3,14,no,no
41,38,2,0,0,7,40,5,12,no,no
32,27,2,4,40,4,45,3,12,no,no
34,36,3,6,40,6,45,3,14,no,no
35,30,3,6,0,0,50,4,12,no,no
35,40,3,2,0,1,60,4,12,no,no
31,33,3,3,0,3,50,3,12,no,no
30,31,3,3,30,3,45,3,13,no,no
31,34,2,3,8,5,34.026761,5,7,no,no
34,32,4,9,16,9,50,4,12,no,no
31,32,3,2,40,6,40,3,13,no,no
29,33.721865,3,29,0,2.823703,0,5,13,no,yes
34,28,3,5,0,3,50,3,13,no,no
27,33,2,1,0,0,45,5,13,no,no
35,37,3,0,0,1,50,4,11,no,no
30,33.721865,3,2,10,2.823703,0,3,4,no,no
24,28,4,0,0,0,34.026761,5,13,no,no
32,36,4,0,40,0,30,3,14,no,no
32,32,3,0,40,0,58,4,11,no,no
30,28,4,2,0,2,45,3,12,no,no
34,36,4,10,40,10,42,4,11,yes,no
34,35,3,2,8.619314,1,40,5,10,no,no
39,38,3,2,0,2,39,3,14,no,no
32,37,3,0,0,2,45,3,14,no,no
31,31,3,4,39,2,63,4,13,no,no
36,41,3,3,10,7,55,5,13,no,no
29,30,3,22,16,2,30,5,13,yes,no
34,33.721865,4,4,0,2.823703,0,4,5,no,no
22,33.721865,3,0,0,2.823703,0,3,7,no,no
35,36,4,0,0,2,45,3,12,no,no
28,31,3,0,8.619314,0,45,4,14,no,no
35,28,3,6,0,3,40,9,10,no,no
34,35,3,3,0,2,60,4,14,no,no
24,22,2,4,0,0,40,4,8,no,no
32,34,4,0,0,2.823703,0,6,14,no,no
32,31,3,4,8,2,50,3,12,no,no
18,33.721865,2,0,0,2.823703,0,2,4,no,no
37,41,3,0,0,0,0,5,6,no,no
35,41,3,0,0,2,0,6,13,no,no
31,31,2,0,0,0,0,4,7,no,no
