random_ID,NZDep2006,ch_asian,ch_euro,ch_maori,ch_melaa,ch_other,ch_pacific,m_age,m_asian,m_euro,m_maori,m_melaa,m_other,m_pacific,m_wklfs_code,d_age,d_asian,d_euro,d_maori,d_melaa,d_other,d_pacific,d_wklfs_code,bedroom_count_code,m_years_at_addr_code,m_tenure_holder_code,m_education,m_work_hours,m_smoke,m_income_srce7,m_income_srce8,m_income_srce9,m_income_srce10,m_income_srce11,m_income_srce12,d_years_at_addr_code,d_tenure_holder_code,d_education,d_work_hours,d_smoke,d_income_srce7,d_income_srce8,d_income_srce9,d_income_srce10,d_income_srce11,d_income_srce12,ch_sex,child_depend_family_type_code,d_family_role_code,heat_fuel,m_family_role_code,telecomm1_code,telecomm2_code,telecomm4_code,usual_resdnt_count_code,twin,singparstat,total_income_hhld_code
2,9,0,1,0,0,0,0,18,0,1,0,0,0,0,4,33.721865,?,?,?,?,?,?,?,2,1,2,0,0,1,0,0,0,0,0,0,2.823703,?,?,0,?,0,0,0,0,0,0,1,31,?,1,1,1,99,99,2,1,2,7
12,7,0,1,0,0,0,0,29,0,1,0,0,0,0,4,33.721865,?,?,?,?,?,?,?,3,1,2,0,0,1,0,0,0,0,0,0,2.823703,?,?,0,?,0,0,0,0,0,0,1,31,?,1,1,1,99,99,4,1,2,4
27,6,0,1,1,0,0,0,30,0,1,1,0,0,0,4,33.721865,?,?,?,?,?,?,?,5,0,?,?,0,?,0,0,0,0,0,0,2.823703,?,?,0,?,0,0,0,0,0,0,1,31,?,1,1,1,2,4,7,1,2,14
43,3,0,1,0,0,0,0,21,0,1,0,0,0,0,4,33.721865,?,?,?,?,?,?,?,3,0,2,2,0,3,0,0,1,0,0,1,2.823703,?,?,0,?,0,0,0,0,0,0,1,31,?,1,1,1,99,99,3,1,2,8
71,10,0,0,1,0,0,0,18,0,0,1,0,0,0,3,33.721865,?,?,?,?,?,?,?,4,6,1,0,0,1,1,1,0,0,0,0,2.823703,?,?,0,?,0,0,0,0,0,0,1,31,?,?,1,99,99,99,8,1,2,3
75,9,0,0,0,0,0,0,23,0,?,1,0,0,0,4,33.721865,?,?,?,?,?,?,?,3,2.788198,2,0,0,?,0,0,0,0,0,0,2.823703,?,?,0,?,0,0,0,0,0,0,2,31,?,1,1,1,99,99,5,1,2,6
81,10,0,0,0,0,0,1,18,0,0,0,0,0,1,4,33.721865,?,?,?,?,?,?,?,4,22,2,0,0,1,0,0,1,0,0,0,2.823703,?,?,0,?,0,0,0,0,0,0,1,31,?,0,1,99,2,4,6,1,2,14
89,3,0,0,0,0,1,0,40,0,1,0,0,0,0,2,33.721865,?,?,?,?,?,?,?,3,1,1,?,8.619314,?,0,0,0,0,0,0,2.823703,?,?,0,?,0,0,0,0,0,0,1,31,?,1,1,99,2,4,3,1,2,14
98,10,0,0,1,0,0,0,31,?,?,1,0,0,0,?,33.721865,?,?,?,?,?,?,?,3,2,2,0,0,2,0,0,1,0,0,0,2.823703,?,?,0,?,0,0,0,0,0,0,2,33,?,1,1,1,99,99,6,1,2,11
100,10,0,0,0,0,0,1,32,0,0,0,0,0,1,4,33.721865,?,?,?,?,?,?,?,3,4,2,1,0,2,1,0,1,0,1,0,2.823703,?,?,0,?,0,0,0,0,0,0,2,31,?,1,1,1,2,4,4,1,2,13
131,10,0,0,0,0,0,1,21,0,0,0,0,0,1,4,33.721865,?,?,?,?,?,?,?,3,4,2,1,0,2,0,1,1,0,0,0,2.823703,?,?,0,?,0,0,0,0,0,0,1,31,?,1,1,99,2,99,6,1,2,11
133,10,0,0,1,0,0,1,20,0,0,1,0,0,0,4,33.721865,?,?,?,?,?,?,?,3,0,2,?,0,3,0,0,0,0,0,0,2.823703,?,?,0,?,0,0,0,0,0,0,2,31,?,1,1,1,99,99,2,1,2,4
140,4,0,1,0,0,0,0,19,0,1,0,0,0,0,4,33.721865,?,?,?,?,?,?,?,4,0,2,0,0,3,0,1,1,0,0,0,2.823703,?,?,0,?,0,0,0,0,0,0,1,31,?,?,1,1,2,4,6,1,2,14
150,10,0,0,0,0,0,1,28,0,0,0,0,0,1,1,33.721865,?,?,?,?,?,?,?,3,4,2,10,43,3,0,0,0,0,0,1,2.823703,?,?,0,?,0,0,0,0,0,0,1,31,?,1,1,99,2,4,9,1,2,13
161,7,0,1,1,0,0,0,34,0,0,1,0,0,0,4,33.721865,?,?,?,?,?,?,?,2,2,2,1,0,1,0,0,0,0,0,0,2.823703,?,?,0,?,0,0,0,0,0,0,1,31,?,1,1,1,2,4,3,1,2,11
174,8,0,0,0,0,0,1,23,0,1,0,0,0,1,4,33.721865,?,?,?,?,?,?,?,3,0,2,0,0,1,0,0,0,0,0,0,2.823703,?,?,0,?,0,0,0,0,0,0,1,31,?,1,1,1,2,99,2,1,2,8
179,7,0,1,1,0,0,0,35,0,1,1,0,0,0,4,33.721865,?,?,?,?,?,?,?,5,2,2,8,0,3,0,0,1,0,1,0,2.823703,?,?,0,?,0,0,0,0,0,0,2,31,?,1,1,1,2,4,7,1,2,12
183,10,0,0,1,0,0,0,22,0,1,0,0,0,0,4,33.721865,?,?,?,?,?,?,?,3,7,2,1,0,2,0,0,0,0,0,0,2.823703,?,?,0,?,0,0,0,0,0,0,2,31,?,1,1,1,2,4,3,1,2,7
188,10,0,1,0,0,0,1,26,0,0,0,0,0,1,4,33.721865,?,?,?,?,?,?,?,4,0,1,8,0,2,0,0,1,0,0,0,2.823703,?,?,0,?,0,0,0,0,0,0,2,31,?,1,1,1,2,4,6,1,2,13
218,8,0,0,0,0,0,0,25,?,0,0,0,?,?,?,33.721865,?,?,?,?,?,?,?,2,2.788198,2,?,0,?,0,0,1,0,0,1,2.823703,?,?,0,?,0,0,0,0,0,0,1,31,?,1,1,1,99,99,6,1,2,11
221,8,0,0,0,0,1,0,31,0,0,0,0,1,0,4,33.721865,?,?,?,?,?,?,?,3,0,2,?,0,2,0,0,0,0,0,0,2.823703,?,?,0,?,0,0,0,0,0,0,2,31,?,1,1,1,2,99,3,1,2,5
222,7,1,0,0,0,0,0,37,1,0,0,0,0,0,1,33.721865,?,?,?,?,?,?,?,4,4,1,11,37,3,0,0,0,0,0,0,2.823703,?,?,0,?,0,0,0,0,0,0,2,31,?,1,1,1,2,4,2,1,2,10
238,5,0,1,0,0,0,0,35,0,1,0,0,0,0,4,33.721865,?,?,?,?,?,?,?,3,0,2,11,0,2,0,1,1,0,0,0,2.823703,?,?,0,?,0,0,0,0,0,0,1,31,?,1,1,1,2,4,4,1,2,14
249,5,0,1,0,0,0,0,33,0,1,0,0,0,0,4,33.721865,?,?,?,?,?,?,?,3,6,1,11,0,3,0,0,0,0,0,0,2.823703,?,?,0,?,0,0,0,0,0,0,2,31,?,1,1,1,2,99,2,1,2,9
258,9,0,0,1,0,0,1,26,0,0,1,0,0,0,4,33.721865,?,?,?,?,?,?,?,3,2,2,2,0,1,1,0,1,1,0,0,2.823703,?,?,0,?,0,0,0,0,0,0,2,33,?,1,1,1,2,99,8,1,2,14
266,1,0,1,0,0,0,0,40,0,1,0,0,0,0,4,33.721865,?,?,?,?,?,?,?,3,9,1,1,0,2,0,0,0,0,0,0,2.823703,?,?,0,?,0,0,0,0,0,0,2,31,?,1,1,99,2,4,2,1,2,9
287,10,0,1,1,0,0,1,29,0,1,1,0,0,1,4,33.721865,?,?,?,?,?,?,?,1,2,2,1,0,1,0,0,0,0,0,0,2.823703,?,?,0,?,0,0,0,0,0,0,2,31,?,1,1,1,2,99,3,1,2,5
298,5,0,1,0,0,0,0,21,0,1,0,0,0,0,4,33.721865,?,?,?,?,?,?,?,4,9,2,8,0,3,0,0,1,0,0,0,2.823703,?,?,0,?,0,0,0,0,0,0,1,31,?,1,1,1,2,4,4,1,2,14
307,10,0,0,1,0,0,0,32,0,0,1,0,0,0,4,33.721865,?,?,?,?,?,?,?,3,2,2,0,0,?,0,0,0,0,0,0,2.823703,?,?,0,?,0,0,0,0,0,0,1,31,?,1,1,99,99,99,5,1,2,5
314,3,0,1,0,0,0,0,18,0,1,0,0,0,0,3,33.721865,?,?,?,?,?,?,?,4,1,2,0,0,1,0,0,1,0,0,0,2.823703,?,?,0,?,0,0,0,0,0,0,2,31,?,1,1,1,2,4,4,1,2,10
317,5,0,1,0,0,0,0,20,0,1,0,0,0,0,4,33.721865,?,?,?,?,?,?,?,1,1,2,2,0,2,0,0,0,0,0,0,2.823703,?,?,0,?,0,0,0,0,0,0,1,31,?,1,1,1,2,4,2,1,2,5
318,7,0,0,1,0,0,1,28,0,0,1,0,0,0,1,33.721865,?,?,?,?,?,?,?,3,4,2,1,30,1,0,0,0,0,0,0,2.823703,?,?,0,?,0,0,0,0,0,0,2,31,?,1,1,1,99,99,5,1,2,6
331,10,0,1,1,0,0,1,26,0,1,0,0,0,0,1,33.721865,?,?,?,?,?,?,?,3,5,2,2,8.619314,3,0,0,0,0,0,0,2.823703,?,?,0,?,0,0,0,0,0,0,1,31,?,1,1,1,2,4,3,1,2,8
333,9,0,1,0,0,0,0,29,0,1,0,0,0,0,4,33.721865,?,?,?,?,?,?,?,4,3,2,0,0,1,0,0,0,0,0,0,2.823703,?,?,0,?,0,0,0,0,0,0,2,31,?,1,1,1,99,99,4,1,2,11
350,10,0,1,1,0,0,0,19,0,1,1,0,0,0,4,33.721865,?,?,?,?,?,?,?,3,0,2,3,0,3,0,0,0,0,0,1,2.823703,?,?,0,?,0,0,0,0,0,0,2,31,?,1,1,1,2,4,6,1,2,14
351,9,0,1,1,0,0,0,19,0,1,1,0,0,0,4,33.721865,?,?,?,?,?,?,?,3,0,?,0,0,?,0,0,0,0,0,0,2.823703,?,?,0,?,0,0,0,0,0,0,1,31,?,1,1,99,99,99,4,1,2,4
355,10,0,0,1,0,0,0,24,0,0,1,0,0,0,3,33.721865,?,?,?,?,?,?,?,2,0,2,1,0,1,1,1,1,1,0,0,2.823703,?,?,0,?,0,0,0,0,0,0,2,31,?,1,1,1,99,99,6,1,2,11
374,10,0,0,1,0,0,0,36,0,0,1,0,0,0,2,33.721865,?,?,?,?,?,?,?,3,4,2,?,25,1,0,0,0,0,0,0,2.823703,?,?,0,?,0,0,0,0,0,0,1,31,?,1,1,1,99,99,5,1,2,7
375,8,1,0,0,0,0,0,27,1,0,0,0,0,0,3,33.721865,?,?,?,?,?,?,?,2,0,2,?,8.619314,3,0,0,0,0,0,0,2.823703,?,?,0,?,0,0,0,0,0,0,2,31,?,1,1,99,2,99,3,1,2,7
376,10,0,1,1,0,0,0,26,0,1,1,0,0,0,4,33.721865,?,?,?,?,?,?,?,3,4,2,0,0,1,0,0,0,0,0,0,2.823703,?,?,0,?,0,0,0,0,0,0,1,31,?,1,1,1,99,99,4,1,2,5
385,5,0,0,1,0,0,0,27,0,0,1,?,?,0,4,33.721865,?,?,?,?,?,?,?,3,2.788198,?,?,0,1,0,0,0,0,0,0,2.823703,?,?,0,?,0,0,0,0,0,0,1,31,?,1,1,1,99,99,5,1,2,6
391,10,1,1,0,0,0,0,25,0,1,0,0,0,0,2,33.721865,?,?,?,?,?,?,?,4,0,?,?,8.619314,1,0,0,0,0,0,0,2.823703,?,?,0,?,0,0,0,0,0,0,2,31,?,1,1,99,2,99,2,1,2,6
394,10,0,1,0,0,0,0,32,0,1,0,0,0,0,4,33.721865,?,?,?,?,?,?,?,3,0,2,0,0,?,0,0,0,0,0,0,2.823703,?,?,0,?,0,0,0,0,0,0,2,31,?,1,1,1,2,4,7,1,2,7
400,10,0,0,1,0,0,0,24,0,0,1,0,0,0,4,33.721865,?,?,?,?,?,?,?,5,1,2,2,0,1,0,0,1,0,0,0,2.823703,?,?,0,?,0,0,0,0,0,0,2,31,?,?,1,99,99,99,6,1,2,9
404,8,0,0,1,0,0,0,30,0,0,1,0,0,0,2,33.721865,?,?,?,?,?,?,?,3,1,2,2,25,2,0,0,0,0,0,0,2.823703,?,?,0,?,0,0,0,0,0,0,2,31,?,1,1,1,2,4,4,1,2,8
441,6,0,1,1,0,0,1,32,0,1,1,0,0,0,4,33.721865,?,?,?,?,?,?,?,3,8,2,1,0,3,0,0,0,0,0,0,2.823703,?,?,0,?,0,0,0,0,0,0,1,31,?,1,1,1,2,99,5,1,2,9
450,9,0,1,1,0,0,0,35,0,1,1,0,0,0,2,33.721865,?,?,?,?,?,?,?,4,0,2,2,14,1,0,0,1,0,0,0,2.823703,?,?,0,?,0,0,0,0,0,0,2,31,?,1,1,1,2,99,7,1,2,13
456,9,1,0,1,0,0,0,31,0,0,1,0,0,0,4,33.721865,?,?,?,?,?,?,?,4,0,2,5,0,2,0,0,1,0,0,0,2.823703,?,?,0,?,0,0,0,0,0,0,1,31,?,1,1,1,99,99,4,1,2,5
472,9,0,0,1,0,0,0,21,0,0,1,0,0,0,4,33.721865,?,?,?,?,?,?,?,3,1,2,8,0,2,0,0,1,0,1,0,2.823703,?,?,0,?,0,0,0,0,0,0,1,31,?,1,1,1,99,99,6,1,2,13
474,10,0,1,0,0,0,0,25,0,1,0,0,0,0,4,33.721865,?,?,?,?,?,?,?,3,0,2,?,0,1,0,0,0,0,0,0,2.823703,?,?,0,?,0,0,0,0,0,0,1,31,?,1,1,1,99,99,3,1,2,7
477,5,0,1,1,0,0,1,21,0,0,0,0,0,1,2,33.721865,?,?,?,?,?,?,?,3,2,2,0,6,3,0,0,0,0,0,0,2.823703,?,?,0,?,0,0,0,0,0,0,1,31,?,1,1,1,2,99,2,1,2,8
492,5,0,1,0,0,0,0,34,0,1,0,0,0,0,4,33.721865,?,?,?,?,?,?,?,2,2,2,0,0,3,0,0,0,0,0,0,2.823703,?,?,0,?,0,0,0,0,0,0,2,34,?,1,1,1,2,99,2,1,2,7
506,9,0,0,1,0,0,1,26,0,0,1,0,0,0,4,33.721865,?,?,?,?,?,?,?,3,0,2,0,0,1,0,0,0,0,0,0,2.823703,?,?,0,?,0,0,0,0,0,0,2,31,?,1,1,1,99,99,4,1,2,10
510,6,0,1,0,0,0,0,19,0,1,0,0,0,0,3,33.721865,?,?,?,?,?,?,?,4,0,2,1,8,1,0,0,0,0,0,0,2.823703,?,?,0,?,0,0,0,0,0,0,2,31,?,1,1,1,2,4,4,1,2,13
533,3,0,1,0,0,0,0,25,0,?,?,?,?,?,?,33.721865,?,?,?,?,?,?,?,4,2.788198,?,?,0,1,0,0,0,0,0,0,2.823703,?,?,0,?,0,0,0,0,0,0,1,31,?,1,1,1,2,99,4,1,2,6
542,4,0,1,0,0,0,0,36,0,1,0,0,0,0,3,33.721865,?,?,?,?,?,?,?,4,5,1,11,0,3,0,0,0,0,0,0,2.823703,?,?,0,?,0,0,0,0,0,0,2,31,?,1,1,1,2,4,4,1,2,5
547,7,0,1,0,0,0,0,21,0,1,0,0,0,0,4,33.721865,?,?,?,?,?,?,?,3,0,2,7,0,1,0,0,0,0,0,0,2.823703,?,?,0,?,0,0,0,0,0,0,2,31,?,1,1,1,99,99,3,1,2,7
553,4,0,1,0,0,0,0,28,0,1,0,0,0,0,4,33.721865,?,?,?,?,?,?,?,4,0,2,0,0,2,0,0,1,0,1,1,2.823703,?,?,0,?,0,0,0,0,0,0,2,31,?,1,1,1,2,4,5,1,2,12
554,8,0,0,1,0,0,0,37,0,0,1,0,0,0,2,33.721865,?,?,?,?,?,?,?,3.247138,2,1,?,8.619314,?,0,0,1,0,0,0,2.823703,?,?,0,?,0,0,0,0,0,0,2,33,?,1,1,99,99,99,7,1,2,12
577,10,1,1,1,0,0,0,23,0,1,1,0,0,0,4,33.721865,?,?,?,?,?,?,?,2,0,2,0,0,2,0,0,0,0,0,0,2.823703,?,?,0,?,0,0,0,0,0,0,1,31,?,1,1,1,99,99,3,1,2,5
578,6,0,1,0,0,0,0,38,0,1,0,0,0,0,1,33.721865,?,?,?,?,?,?,?,3,4,1,10,40,2,0,0,0,0,0,0,2.823703,?,?,0,?,0,0,0,0,0,0,2,31,?,1,1,1,2,4,3,1,2,12
579,10,0,0,0,0,0,1,29,0,0,0,0,0,1,4,33.721865,?,?,?,?,?,?,?,2,5,2,0,0,3,0,0,0,0,0,0,2.823703,?,?,0,?,0,0,0,0,0,0,1,31,?,?,1,99,2,99,6,1,2,3
586,7,0,1,0,0,0,0,22,0,1,0,?,0,?,4,33.721865,?,?,?,?,?,?,?,4,0,2,?,0,1,0,0,0,0,0,0,2.823703,?,?,0,?,0,0,0,0,0,0,2,31,?,1,1,1,99,99,2,1,2,5
588,5,0,1,0,0,0,0,35,0,1,0,0,0,0,2,33.721865,?,?,?,?,?,?,?,3,3,2,1,8.619314,1,0,0,0,0,0,0,2.823703,?,?,0,?,0,0,0,0,0,0,2,31,?,1,1,1,99,99,4,1,2,4
589,5,0,1,0,0,0,0,26,0,1,0,0,0,0,4,33.721865,?,?,?,?,?,?,?,2,2,2,7,0,3,0,0,0,0,0,0,2.823703,?,?,0,?,0,0,0,0,0,0,1,31,?,1,1,1,2,99,4,1,2,8
601,7,0,1,1,1,0,0,26,0,1,1,0,0,0,4,33.721865,?,?,?,?,?,?,?,3,0,2,1,0,2,1,0,1,0,0,1,2.823703,?,?,0,?,0,0,0,0,0,0,1,31,?,1,1,1,2,4,4,1,2,14
608,8,0,0,0,0,0,0,35,0,?,0,0,?,?,?,33.721865,?,?,?,?,?,?,?,3,1,?,?,8.619314,?,0,0,0,0,0,0,2.823703,?,?,0,?,0,0,0,0,0,0,1,31,?,1,1,1,99,99,5,1,2,8
612,10,0,0,0,0,0,1,41,0,0,0,0,0,1,4,33.721865,?,?,?,?,?,?,?,4,10,2,3,0,1,1,0,1,0,1,0,2.823703,?,?,0,?,0,0,0,0,0,0,2,33,?,1,1,1,2,4,6,1,2,13
620,7,0,1,1,0,0,0,26,0,1,1,0,0,0,4,33.721865,?,?,?,?,?,?,?,2,2,2,6,0,3,0,0,0,0,0,0,2.823703,?,?,0,?,0,0,0,0,0,0,1,31,?,1,1,1,99,99,2,1,2,3
621,9,0,1,0,0,0,0,24,0,1,0,0,0,0,2,33.721865,?,?,?,?,?,?,?,3,3,2,2,5,1,0,0,1,0,0,1,2.823703,?,?,0,?,0,0,0,0,0,0,2,31,?,1,1,1,2,99,4,1,2,10
626,10,0,1,1,0,0,0,16,0,1,1,0,0,0,4,33.721865,?,?,?,?,?,?,?,3,3,2,1,0,1,1,0,1,0,0,1,2.823703,?,?,0,?,0,0,0,0,0,0,1,31,?,1,1,1,99,99,9,1,2,12
632,8,1,0,0,0,0,1,21,1,0,0,0,0,0,3,33.721865,?,?,?,?,?,?,?,4,7,2,7,0,3,1,1,1,0,0,1,2.823703,?,?,0,?,0,0,0,0,0,0,2,31,?,1,1,1,2,4,6,1,2,11
635,8,0,0,1,0,0,0,28,0,0,1,0,0,0,1,33.721865,?,?,?,?,?,?,?,3,3,?,1,8.619314,1,0,0,0,0,0,0,2.823703,?,?,0,?,0,0,0,0,0,0,1,31,?,1,1,1,2,4,4,1,2,8
662,3,0,1,0,0,0,0,21,0,1,0,0,0,0,4,33.721865,?,?,?,?,?,?,?,3,0,2,1,0,1,0,0,0,0,0,0,2.823703,?,?,0,?,0,0,0,0,0,0,1,31,?,1,1,1,99,99,3,1,2,8
680,9,0,1,0,0,0,0,19,0,1,0,0,0,0,4,33.721865,?,?,?,?,?,?,?,3.247138,20,2,1,0,1,0,1,1,0,0,0,2.823703,?,?,0,?,0,0,0,0,0,0,1,31,?,1,1,1,2,99,3,1,2,14
682,8,0,1,1,0,0,0,26,0,0,0,1,1,0,2,33.721865,?,?,?,?,?,?,?,5,0,2,6,0,3,0,0,1,0,0,0,2.823703,?,?,0,?,0,0,0,0,0,0,2,31,?,1,1,1,2,4,4,1,2,14
688,3,0,1,0,0,0,0,30,0,1,0,0,0,0,4,33.721865,?,?,?,?,?,?,?,3,2,1,2,0,3,0,0,0,0,0,0,2.823703,?,?,0,?,0,0,0,0,0,0,2,31,?,1,1,1,2,4,3,1,2,7
696,7,0,0,1,0,0,0,19,0,0,1,0,0,0,4,33.721865,?,?,?,?,?,?,?,2,0,2,2,0,1,0,1,1,0,0,0,2.823703,?,?,0,?,0,0,0,0,0,0,2,31,?,1,1,1,99,99,3,1,2,10
700,1,0,0,0,0,1,0,42,0,0,0,0,1,0,1,33.721865,?,?,?,?,?,?,?,4,3,1,13,40,2,0,0,0,0,0,0,2.823703,?,?,0,?,0,0,0,0,0,0,2,31,?,1,1,1,2,4,3,1,2,12
709,9,0,1,0,0,0,1,18,0,0,0,0,0,1,4,33.721865,?,?,?,?,?,?,?,3,18,2,1,0,3,0,1,1,0,0,0,2.823703,?,?,0,?,0,0,0,0,0,0,2,31,?,1,1,1,2,4,6,1,2,14
713,10,0,0,1,0,0,0,26,0,0,1,0,0,0,4,33.721865,?,?,?,?,?,?,?,3,0,2,0,0,1,0,0,1,0,0,0,2.823703,?,?,0,?,0,0,0,0,0,0,2,31,?,0,1,1,99,99,11,1,2,11
715,1,0,1,1,0,0,0,21,0,1,0,0,0,0,1,33.721865,?,?,?,?,?,?,?,4,0,2,2,32,?,0,0,0,0,0,1,2.823703,?,?,0,?,0,0,0,0,0,0,2,31,?,1,1,1,2,4,4,1,2,14
719,3,0,1,0,0,0,0,27,0,1,0,0,0,0,2,33.721865,?,?,?,?,?,?,?,4,0,?,8,8.619314,3,0,0,0,0,0,0,2.823703,?,?,0,?,0,0,0,0,0,0,2,31,?,1,1,1,2,4,5,1,2,7
722,4,0,1,0,0,0,0,34,0,1,0,0,0,0,4,33.721865,?,?,?,?,?,?,?,4,8,1,8,0,3,0,0,0,0,0,0,2.823703,?,?,0,?,0,0,0,0,0,0,2,31,?,1,1,99,2,4,5,1,2,5
726,10,0,0,1,0,0,0,24,0,0,1,0,0,0,4,33.721865,?,?,?,?,?,?,?,3,10,2,2,0,1,1,1,1,0,0,0,2.823703,?,?,0,?,0,0,0,0,0,0,1,31,?,1,1,1,99,99,6,1,2,7
728,6,0,1,1,0,0,0,23,0,1,0,0,0,0,4,33.721865,?,?,?,?,?,?,?,2,0,2,0,0,1,0,0,0,0,0,0,2.823703,?,?,0,?,0,0,0,0,0,0,1,31,?,1,1,1,2,4,2,1,2,4
731,8,0,0,1,0,0,0,48,0,0,1,0,0,0,4,33.721865,?,?,?,?,?,?,?,3,0,2,1,0,1,0,0,0,0,0,0,2.823703,?,?,0,?,0,0,0,0,0,0,1,31,?,1,1,1,2,99,6,1,2,11
736,10,0,0,0,0,0,1,25,0,0,0,0,0,1,3,33.721865,?,?,?,?,?,?,?,3,3,2,6,0,3,0,1,1,0,0,0,2.823703,?,?,0,?,0,0,0,0,0,0,1,31,?,?,1,1,2,99,5,1,2,8
748,5,0,1,0,0,0,0,22,0,1,0,0,0,0,4,33.721865,?,?,?,?,?,?,?,3,13,2,1,0,1,0,0,1,0,0,0,2.823703,?,?,0,?,0,0,0,0,0,0,2,31,?,1,1,1,2,99,5,1,2,10
755,8,0,1,0,0,0,0,17,0,1,0,0,0,0,4,33.721865,?,?,?,?,?,?,?,2,0,2,0,9,1,0,0,0,0,0,0,2.823703,?,?,0,?,0,0,0,0,0,0,2,31,?,0,1,1,99,99,2,1,2,3
776,6,0,1,1,0,0,0,23,0,1,0,0,0,0,4,33.721865,?,?,?,?,?,?,?,5,24,2,6,0,3,0,0,1,0,0,0,2.823703,?,?,0,?,0,0,0,0,0,0,1,31,?,1,1,1,2,4,6,1,2,14
784,10,0,0,1,0,0,0,26,0,0,1,0,0,0,4,33.721865,?,?,?,?,?,?,?,4,1,2,1,0,2,0,0,0,0,0,0,2.823703,?,?,0,?,0,0,0,0,0,0,1,31,?,1,1,1,2,4,3,1,2,9
786,10,0,1,0,0,0,0,26,0,1,0,0,0,0,3,33.721865,?,?,?,?,?,?,?,3,1,2,1,0,1,0,0,0,0,0,0,2.823703,?,?,0,?,0,0,0,0,0,0,2,31,?,1,1,1,2,4,3,1,2,6
789,9,0,0,1,0,0,0,28,0,0,1,0,0,0,4,33.721865,?,?,?,?,?,?,?,3,1,2,1,0,1,0,0,0,0,0,0,2.823703,?,?,0,?,0,0,0,0,0,0,1,31,?,1,1,1,2,99,4,1,2,7
814,7,0,0,1,0,0,0,27,0,0,1,0,0,0,4,33.721865,?,?,?,?,?,?,?,3.247138,0,2,0,0,1,0,0,0,0,0,0,2.823703,?,?,0,?,0,0,0,0,0,0,1,31,?,1,1,1,99,99,4,1,2,7
815,1,0,1,0,0,0,0,38,0,?,?,?,0,0,4,33.721865,?,?,?,?,?,?,?,4,2.788198,1,12,0,2,0,0,0,0,0,0,2.823703,?,?,0,?,0,0,0,0,0,0,1,31,?,1,1,1,2,4,2,1,2,4
822,10,0,1,1,0,0,0,19,0,1,1,0,0,0,4,33.721865,?,?,?,?,?,?,?,3,0,2,0,0,?,0,0,0,0,0,0,2.823703,?,?,0,?,0,0,0,0,0,0,2,31,?,1,1,1,99,99,4,1,2,4
828,9,0,0,0,0,1,0,38,0,1,0,0,0,0,4,33.721865,?,?,?,?,?,?,?,4,2,1,7,0,3,0,0,0,0,0,0,2.823703,?,?,0,?,0,0,0,0,0,0,1,31,?,1,1,1,2,4,4,1,2,6
833,9,0,0,0,0,0,1,21,?,0,0,0,0,1,4,33.721865,?,?,?,?,?,?,?,3.247138,2.788198,2,0,0,?,0,0,0,0,0,0,2.823703,?,?,0,?,0,0,0,0,0,0,2,31,?,1,1,99,99,99,4,1,2,5
844,7,0,1,0,0,0,0,38,?,1,?,0,?,?,4,33.721865,?,?,?,?,?,?,?,4,2.788198,1,1,0,1,0,0,0,0,0,0,2.823703,?,?,0,?,0,0,0,0,0,0,2,31,?,1,11,99,2,99,2,1,2,9
848,7,0,1,0,0,0,0,21,0,1,0,0,0,0,4,33.721865,?,?,?,?,?,?,?,3,2,2,1,0,1,0,1,1,0,0,0,2.823703,?,?,0,?,0,0,0,0,0,0,2,31,?,1,1,1,2,4,4,1,2,14
850,7,0,1,0,0,0,0,41,0,1,0,0,0,0,4,33.721865,?,?,?,?,?,?,?,2,0,2,8,0,3,0,0,0,0,0,0,2.823703,?,?,0,?,0,0,0,0,0,0,1,31,?,1,1,1,2,4,2,1,2,4
856,9,0,1,0,0,0,0,25,0,1,0,0,0,0,1,33.721865,?,?,?,?,?,?,?,2,0,2,3,38,1,0,0,0,0,0,0,2.823703,?,?,0,?,0,0,0,0,0,0,2,31,?,1,1,1,2,99,2,1,2,7
868,5,0,1,0,0,0,1,27,0,0,0,0,0,1,4,33.721865,?,?,?,?,?,?,?,3,1,2,4,0,1,0,0,1,0,0,0,2.823703,?,?,0,?,0,0,0,0,0,0,1,31,?,1,1,1,2,4,5,1,2,12
880,7,0,1,0,0,0,0,21,0,1,0,0,0,0,4,33.721865,?,?,?,?,?,?,?,5,0,2,3,0,2,0,0,0,0,0,0,2.823703,?,?,0,?,0,0,0,0,0,0,1,31,?,1,1,1,2,99,8,2,2,13
886,10,0,1,1,0,0,0,33,0,1,1,0,0,0,4,33.721865,?,?,?,?,?,?,?,4,1,2,3,0,1,0,0,0,0,0,0,2.823703,?,?,0,?,0,0,0,0,0,0,1,31,?,1,1,1,2,4,5,1,2,9
890,9,0,1,0,0,0,0,25,0,1,0,0,0,0,4,33.721865,?,?,?,?,?,?,?,2,1,2,7,0,1,0,0,0,0,0,0,2.823703,?,?,0,?,0,0,0,0,0,0,1,31,?,1,1,1,99,99,4,1,2,7
896,8,0,0,0,0,0,1,16,0,0,0,0,0,1,4,33.721865,?,?,?,?,?,?,?,3,2,2,1,0,1,0,0,0,0,0,1,2.823703,?,?,0,?,0,0,0,0,0,0,1,31,?,1,1,1,2,99,9,1,2,13
907,10,0,0,1,0,0,1,25,0,0,0,0,0,1,4,33.721865,?,?,?,?,?,?,?,2,2,2,7,0,?,0,0,1,0,0,1,2.823703,?,?,0,?,0,0,0,0,0,0,1,31,?,1,1,1,99,99,6,1,2,7
912,10,0,1,1,0,0,0,20,0,1,0,0,0,0,4,33.721865,?,?,?,?,?,?,?,3,5,2,0,0,1,1,1,1,0,1,1,2.823703,?,?,0,?,0,0,0,0,0,0,1,31,?,1,1,1,2,99,4,1,2,11
918,8,0,1,1,0,0,1,21,0,1,0,0,0,1,4,33.721865,?,?,?,?,?,?,?,2,1,2,7,0,2,0,0,0,0,0,0,2.823703,?,?,0,?,0,0,0,0,0,0,2,31,?,1,1,1,2,4,3,1,2,7
925,5,0,1,1,0,0,0,20,0,1,1,0,0,0,4,33.721865,?,?,?,?,?,?,?,3,2,2,0,0,1,0,0,0,0,0,0,2.823703,?,?,0,?,0,0,0,0,0,0,1,31,?,1,1,1,99,99,3,1,2,8
947,5,0,1,1,0,0,0,26,0,1,1,0,0,0,2,33.721865,?,?,?,?,?,?,?,3,0,2,2,8.619314,2,0,0,0,0,0,0,2.823703,?,?,0,?,0,0,0,0,0,0,1,31,?,1,1,1,2,99,3,1,2,7
953,5,0,1,0,0,0,0,28,0,1,0,0,0,0,4,33.721865,?,?,?,?,?,?,?,3,2,1,?,0,3,0,0,0,0,0,0,2.823703,?,?,0,?,0,0,0,0,0,0,1,31,?,1,1,99,2,99,4,1,2,3
958,3,0,1,1,0,0,0,19,0,1,0,0,0,0,4,33.721865,?,?,?,?,?,?,?,5,0,2,11,0,3,0,0,0,0,0,1,2.823703,?,?,0,?,0,0,0,0,0,0,1,31,?,1,1,1,2,4,4,1,2,12
969,5,0,1,0,0,0,1,27,0,1,0,0,0,1,4,33.721865,?,?,?,?,?,?,?,6,6,1,2,0,2,0,0,0,0,0,0,2.823703,?,?,0,?,0,0,0,0,0,0,2,31,?,1,1,1,2,4,10,1,2,14
977,7,0,0,0,0,0,1,29,0,0,0,0,0,1,2,33.721865,?,?,?,?,?,?,?,2,0,2,8,24,3,0,0,0,0,0,0,2.823703,?,?,0,?,0,0,0,0,0,0,1,31,?,?,1,1,2,99,3,1,2,4
987,10,0,1,0,0,0,0,34,0,1,0,0,0,0,4,33.721865,?,?,?,?,?,?,?,5,2,2,10,0,3,0,0,0,0,0,0,2.823703,?,?,0,?,0,0,0,0,0,0,1,31,?,?,1,99,99,99,3,1,2,5
990,10,0,0,0,0,0,1,30,?,0,0,?,0,1,4,33.721865,?,?,?,?,?,?,?,3,21,2,5,0,3,0,0,0,0,0,0,2.823703,?,?,0,?,0,0,0,0,0,0,2,31,?,1,11,1,2,4,4,1,2,8
999,5,0,1,1,0,0,1,18,0,1,1,0,0,0,4,33.721865,?,?,?,?,?,?,?,3,0,2,0,0,1,0,0,0,0,0,0,2.823703,?,?,0,?,0,0,0,0,0,0,1,31,?,1,1,1,2,99,4,1,2,12
1011,9,0,0,1,0,0,0,22,0,0,1,0,0,0,4,33.721865,?,?,?,?,?,?,?,3,0,2,2,0,1,0,0,0,0,0,0,2.823703,?,?,0,?,0,0,0,0,0,0,1,31,?,1,1,1,2,99,4,1,2,3
1023,7,0,1,1,0,0,1,26,0,0,1,0,0,0,4,33.721865,?,?,?,?,?,?,?,3,1,2,1,0,1,0,0,1,1,0,0,2.823703,?,?,0,?,0,0,0,0,0,0,2,31,?,1,1,99,2,99,9,1,2,11
1028,3,0,1,0,0,0,0,42,0,1,0,0,0,0,4,33.721865,?,?,?,?,?,?,?,4,0,1,12,0,3,0,0,0,0,0,0,2.823703,?,?,0,?,0,0,0,0,0,0,1,31,?,1,1,1,2,4,5,1,2,7
1029,7,0,0,0,0,1,0,22,0,0,0,0,1,0,4,33.721865,?,?,?,?,?,?,?,3,3,2,0,0,2,0,1,0,0,0,0,2.823703,?,?,0,?,0,0,0,0,0,0,2,31,?,1,1,1,2,4,7,1,2,13
1033,10,0,0,1,0,0,0,21,0,0,1,0,0,0,4,33.721865,?,?,?,?,?,?,?,3,0,2,?,0,?,0,0,0,0,0,0,2.823703,?,?,0,?,0,0,0,0,0,0,2,31,?,1,1,1,2,99,7,1,2,14
1035,5,0,0,1,0,0,1,23,0,0,1,0,0,0,1,33.721865,?,?,?,?,?,?,?,3,2,2,10,40,3,0,0,0,0,0,0,2.823703,?,?,0,?,0,0,0,0,0,0,1,31,?,1,1,1,2,99,5,1,2,9
1038,8,0,1,0,0,0,0,24,0,1,0,0,0,0,2,33.721865,?,?,?,?,?,?,?,3,1,2,7,15,1,0,0,0,0,0,0,2.823703,?,?,0,?,0,0,0,0,0,0,1,31,?,1,1,1,2,99,4,1,2,8
1039,6,0,1,1,0,0,0,25,0,1,1,0,0,0,4,33.721865,?,?,?,?,?,?,?,5,0,2,2,0,2,0,0,0,0,0,1,2.823703,?,?,0,?,0,0,0,0,0,0,2,31,?,1,1,1,2,4,7,1,2,14
1045,7,0,1,0,0,0,0,33,0,1,0,0,0,0,4,33.721865,?,?,?,?,?,?,?,3,2,2,7,0,1,0,0,0,0,0,0,2.823703,?,?,0,?,0,0,0,0,0,0,1,31,?,1,1,1,2,4,3,1,2,7
1050,7,0,1,0,0,0,0,25,0,1,0,0,0,0,4,33.721865,?,?,?,?,?,?,?,3,1,2,9,0,1,0,0,0,0,0,0,2.823703,?,?,0,?,0,0,0,0,0,0,1,31,?,1,1,1,2,4,3,1,2,3
1055,10,0,0,1,0,0,0,24,?,1,?,?,?,?,4,33.721865,?,?,?,?,?,?,?,3,2.788198,2,?,0,?,0,0,0,0,0,0,2.823703,?,?,0,?,0,0,0,0,0,0,2,31,?,1,1,99,99,99,7,2,2,6
1090,9,1,1,0,0,0,0,28,0,1,0,0,0,0,4,33.721865,?,?,?,?,?,?,?,4,0,2,1,0,3,1,0,1,0,0,1,2.823703,?,?,0,?,0,0,0,0,0,0,2,31,?,1,1,99,2,4,4,1,2,14
1108,8,0,0,0,0,1,0,23,0,0,0,0,1,0,4,33.721865,?,?,?,?,?,?,?,3,1,2,3,0,2,0,0,0,0,0,0,2.823703,?,?,0,?,0,0,0,0,0,0,1,31,?,1,1,1,2,4,5,1,2,6
1110,8,0,0,1,0,0,1,22,0,?,?,0,?,0,?,33.721865,?,?,?,?,?,?,?,3,0,?,0,0,1,0,0,0,0,0,0,2.823703,?,?,0,?,0,0,0,0,0,0,1,31,?,1,1,99,99,99,4,1,2,3
1113,10,0,0,1,0,0,0,24,0,0,1,0,0,0,4,33.721865,?,?,?,?,?,?,?,5,3,2,0,0,1,0,0,1,0,0,0,2.823703,?,?,0,?,0,0,0,0,0,0,2,31,?,1,1,99,2,4,8,1,2,14
1125,9,0,0,0,0,0,1,43,0,0,0,0,0,1,4,33.721865,?,?,?,?,?,?,?,3,0,2,6,0,3,0,0,1,0,0,0,2.823703,?,?,0,?,0,0,0,0,0,0,2,31,?,1,1,1,2,99,4,1,2,12
1144,4,0,1,0,0,0,0,35,0,1,0,0,0,0,1,33.721865,?,?,?,?,?,?,?,3,0,2,?,8.619314,3,0,0,0,0,0,0,2.823703,?,?,0,?,0,0,0,0,0,0,2,31,?,1,1,1,99,99,3,1,2,8
1153,8,0,0,0,0,0,1,27,0,0,0,0,0,1,4,33.721865,?,?,?,?,?,?,?,3,2,2,2,0,2,0,0,1,0,0,0,2.823703,?,?,0,?,0,0,0,0,0,0,1,31,?,1,1,1,2,4,5,1,2,14
1161,10,1,1,1,0,0,0,38,0,1,1,0,0,0,4,33.721865,?,?,?,?,?,?,?,2,1,2,0,0,1,0,0,0,0,0,0,2.823703,?,?,0,?,0,0,0,0,0,0,1,31,?,1,1,1,99,99,6,1,2,5
1163,10,0,1,1,0,0,1,22,0,1,1,0,0,1,4,33.721865,?,?,?,?,?,?,?,3,2,2,1,0,2,0,0,0,0,0,0,2.823703,?,?,0,?,0,0,0,0,0,0,1,31,?,1,1,99,2,4,4,1,2,6
1174,4,0,1,0,0,0,0,20,0,1,0,0,0,0,4,33.721865,?,?,?,?,?,?,?,3,4,2,0,0,2,0,0,0,0,0,0,2.823703,?,?,0,?,0,0,0,0,0,0,1,31,?,1,1,1,2,99,2,1,2,7
1181,6,0,1,0,0,0,0,28,0,1,0,0,0,0,4,33.721865,?,?,?,?,?,?,?,5,1,2,1,0,3,0,0,0,0,0,0,2.823703,?,?,0,?,0,0,0,0,0,0,2,31,?,1,1,1,2,4,5,1,2,11
1184,5,0,0,0,1,0,0,36,0,0,0,1,1,0,4,33.721865,?,?,?,?,?,?,?,2,3,2,0,0,3,0,0,0,0,0,0,2.823703,?,?,0,?,0,0,0,0,0,0,1,31,?,1,1,99,2,99,6,1,2,10
1200,7,0,0,1,0,0,0,20,0,0,1,0,0,0,4,33.721865,?,?,?,?,?,?,?,4,0,2,1,0,1,0,1,1,0,0,0,2.823703,?,?,0,?,0,0,0,0,0,0,1,31,?,1,1,1,2,4,8,1,2,13
1215,8,0,0,1,0,0,0,21,0,0,1,0,0,0,4,33.721865,?,?,?,?,?,?,?,2,0,2,0,0,1,0,0,0,0,0,0,2.823703,?,?,0,?,0,0,0,0,0,0,2,31,?,?,1,99,99,99,2,1,2,7
1221,7,0,0,0,0,0,0,23,?,0,?,?,?,?,3,33.721865,?,?,?,?,?,?,?,3,2.788198,?,?,0,1,1,0,1,0,0,0,2.823703,?,?,0,?,0,0,0,0,0,0,1,31,?,1,1,99,2,99,16,1,2,14
1224,6,0,0,0,0,0,0,22,0,0,?,0,?,0,4,33.721865,?,?,?,?,?,?,?,2,0,2,7,0,?,0,0,0,0,0,0,2.823703,?,?,0,?,0,0,0,0,0,0,2,31,?,1,1,1,2,99,2,1,2,7
1229,7,0,1,0,0,0,0,35,0,0,?,0,1,0,4,33.721865,?,?,?,?,?,?,?,2,0,?,6,0,2,0,0,0,0,0,0,2.823703,?,?,0,?,0,0,0,0,0,0,1,31,?,1,1,1,99,99,2,1,2,9
1230,10,0,0,1,0,0,0,25,0,0,1,0,0,0,4,33.721865,?,?,?,?,?,?,?,2,0,2,7,0,3,0,0,0,0,0,0,2.823703,?,?,0,?,0,0,0,0,0,0,2,31,?,1,1,1,99,99,3,1,2,6
1235,4,0,1,0,0,0,0,18,0,1,0,0,0,0,4,33.721865,?,?,?,?,?,?,?,3,1,2,0,0,1,0,1,1,0,0,0,2.823703,?,?,0,?,0,0,0,0,0,0,1,31,?,1,1,1,2,4,5,1,2,14
1239,8,0,0,1,0,0,0,25,0,0,1,0,0,0,4,33.721865,?,?,?,?,?,?,?,4,1,2,?,0,1,0,0,0,0,0,0,2.823703,?,?,0,?,0,0,0,0,0,0,2,31,?,1,1,1,2,4,7,1,2,5
1241,8,0,1,0,0,0,0,23,0,1,0,0,0,0,4,33.721865,?,?,?,?,?,?,?,3,0,2,1,0,1,0,0,0,0,0,0,2.823703,?,?,0,?,0,0,0,0,0,0,2,31,?,1,1,1,99,99,3,1,2,7
1245,10,0,0,1,0,0,0,20,0,0,1,0,0,0,4,33.721865,?,?,?,?,?,?,?,3,0,2,0,0,1,0,0,1,0,1,0,2.823703,?,?,0,?,0,0,0,0,0,0,2,31,?,1,1,1,2,4,8,1,2,11
1246,6,0,1,0,0,0,0,38,0,1,0,0,0,0,2,33.721865,?,?,?,?,?,?,?,2,10,1,2,30,2,0,0,0,0,0,0,2.823703,?,?,0,?,0,0,0,0,0,0,2,31,?,1,1,1,2,4,2,1,2,7
1259,10,0,0,1,0,0,0,19,?,0,?,0,?,?,4,33.721865,?,?,?,?,?,?,?,3,2.788198,?,?,0,?,0,0,0,0,0,0,2.823703,?,?,0,?,0,0,0,0,0,0,1,31,?,1,1,1,99,99,4,1,2,5
1263,10,0,1,1,0,0,0,18,0,1,1,0,0,0,4,33.721865,?,?,?,?,?,?,?,2,0,2,1,0,1,0,0,0,0,0,0,2.823703,?,?,0,?,0,0,0,0,0,0,2,31,?,1,1,1,2,99,5,1,2,9
1266,2,0,0,0,0,1,0,43,0,0,0,0,1,0,4,33.721865,?,?,?,?,?,?,?,3,2,2,2,0,3,0,0,0,0,0,0,2.823703,?,?,0,?,0,0,0,0,0,0,2,31,?,1,1,1,2,4,5,1,2,7
1268,9,0,1,0,0,0,0,22,0,1,0,0,0,0,2,33.721865,?,?,?,?,?,?,?,5,18,2,1,8,1,0,1,1,0,0,0,2.823703,?,?,0,?,0,0,0,0,0,0,2,31,?,1,1,1,2,4,5,1,2,10
1284,6,0,1,0,0,0,0,31,0,1,0,0,0,0,1,33.721865,?,?,?,?,?,?,?,4,2,?,?,40,3,0,0,0,0,0,0,2.823703,?,?,0,?,0,0,0,0,0,0,1,31,?,1,1,1,2,4,6,1,2,11
1288,10,0,1,1,0,0,1,29,0,1,1,0,0,0,4,33.721865,?,?,?,?,?,?,?,3,6,2,0,0,1,0,0,0,0,0,0,2.823703,?,?,0,?,0,0,0,0,0,0,2,31,?,1,1,99,2,99,7,1,2,9
1294,2,0,1,0,0,0,0,19,0,1,0,0,0,0,4,33.721865,?,?,?,?,?,?,?,5,0,2,5,0,3,0,0,1,0,0,0,2.823703,?,?,0,?,0,0,0,0,0,0,2,31,?,1,1,1,2,4,7,1,2,1
1297,10,0,0,1,0,0,0,22,0,0,1,0,0,0,4,33.721865,?,?,?,?,?,?,?,2,1,2,?,0,?,0,0,0,0,0,0,2.823703,?,?,0,?,0,0,0,0,0,0,1,31,?,1,1,99,99,99,3,1,2,7
1304,6,0,1,0,0,0,0,20,0,1,0,0,0,0,4,33.721865,?,?,?,?,?,?,?,1,0,2,7,0,1,0,0,0,0,0,0,2.823703,?,?,0,?,0,0,0,0,0,0,1,31,?,1,1,1,99,99,2,1,2,6
1313,4,0,0,0,0,1,0,20,0,0,0,0,1,0,4,33.721865,?,?,?,?,?,?,?,3,0,2,3,0,1,0,0,1,0,0,0,2.823703,?,?,0,?,0,0,0,0,0,0,1,31,?,1,1,1,2,99,4,1,2,13
1316,7,0,0,0,0,1,0,30,0,0,0,0,1,0,3,33.721865,?,?,?,?,?,?,?,4,8,2,0,0,1,0,0,1,0,0,0,2.823703,?,?,0,?,0,0,0,0,0,0,2,31,?,1,1,1,2,99,3,1,2,11
1322,3,0,1,1,0,0,0,22,0,1,0,0,0,0,4,33.721865,?,?,?,?,?,?,?,3,3,2,2,0,3,1,0,1,0,0,0,2.823703,?,?,0,?,0,0,0,0,0,0,1,31,?,1,1,1,2,4,4,1,2,13
1324,10,0,0,1,0,0,1,21,0,0,1,0,0,0,4,33.721865,?,?,?,?,?,?,?,2,0,2,2,0,1,1,1,1,0,0,0,2.823703,?,?,0,?,0,0,0,0,0,0,1,31,?,1,1,1,99,99,5,1,2,12
1328,6,0,1,0,0,0,0,17,0,1,0,0,0,0,4,33.721865,?,?,?,?,?,?,?,4,9,2,1,0,3,0,0,0,0,0,1,2.823703,?,?,0,?,0,0,0,0,0,0,2,31,?,1,1,1,2,4,7,1,2,12
1334,8,0,1,1,0,0,0,31,0,1,0,0,0,0,4,33.721865,?,?,?,?,?,?,?,3,0,2,9,0,3,0,0,0,0,0,0,2.823703,?,?,0,?,0,0,0,0,0,0,1,31,?,1,1,1,2,99,3,2,2,5
1337,10,0,0,1,0,0,0,70,0,0,1,0,0,0,4,33.721865,?,?,?,?,?,?,?,4,2.788198,1,0,0,2,0,0,0,0,0,0,2.823703,?,?,0,?,0,0,0,0,0,0,1,31,?,1,1,1,2,99,3,1,2,6
1344,10,0,0,0,0,0,1,28,0,1,0,0,0,1,4,33.721865,?,?,?,?,?,?,?,3,6,2,2,0,3,0,0,1,0,1,0,2.823703,?,?,0,?,0,0,0,0,0,0,2,31,?,1,1,1,2,4,6,1,2,14
1362,9,0,1,0,0,0,0,18,0,1,0,0,0,0,4,33.721865,?,?,?,?,?,?,?,3,10,2,0,0,?,0,1,1,0,0,0,2.823703,?,?,0,?,0,0,0,0,0,0,1,31,?,1,1,1,2,99,5,1,2,8
1371,10,0,0,0,0,0,1,28,?,0,?,0,0,1,?,33.721865,?,?,?,?,?,?,?,2,5,1,?,0,?,0,0,0,0,0,0,2.823703,?,?,0,?,0,0,0,0,0,0,2,31,?,1,1,1,99,99,7,1,2,2
1377,6,0,1,0,0,0,0,21,0,1,0,0,0,0,4,33.721865,?,?,?,?,?,?,?,3,0,2,1,0,3,0,0,0,0,0,0,2.823703,?,?,0,?,0,0,0,0,0,0,2,31,?,1,1,1,99,99,2,1,2,7
1386,8,0,1,1,0,0,0,26,0,1,0,0,0,0,4,33.721865,?,?,?,?,?,?,?,3,0,2,1,0,1,0,0,0,0,0,0,2.823703,?,?,0,?,0,0,0,0,0,0,1,31,?,1,1,99,99,99,2,1,2,8
1388,1,0,1,0,0,0,0,18,0,1,0,0,0,0,4,33.721865,?,?,?,?,?,?,?,5,18,2,?,0,1,0,0,1,0,0,0,2.823703,?,?,0,?,0,0,0,0,0,0,1,31,?,1,1,1,2,4,3,1,2,7
1394,9,0,1,0,0,0,0,29,0,1,0,0,0,0,4,33.721865,?,?,?,?,?,?,?,3,1,2,0,0,2,0,0,0,0,0,0,2.823703,?,?,0,?,0,0,0,0,0,0,2,31,?,1,1,1,99,99,5,1,2,7
1404,9,0,1,0,0,0,0,35,?,1,?,0,0,0,4,33.721865,?,?,?,?,?,?,?,4,0,2,?,0,?,0,0,0,0,0,0,2.823703,?,?,0,?,0,0,0,0,0,0,1,31,?,1,1,99,2,99,6,1,2,7
1414,5,0,1,0,0,0,0,25,?,?,?,?,?,0,?,33.721865,?,?,?,?,?,?,?,5,5,?,?,0,?,0,0,0,0,0,0,2.823703,?,?,0,?,0,0,0,0,0,0,1,33,?,1,1,1,2,99,2,1,2,5
1422,8,0,0,0,0,0,1,19,0,0,0,0,0,1,4,33.721865,?,?,?,?,?,?,?,3,21,2,2,0,3,0,0,1,0,0,0,2.823703,?,?,0,?,0,0,0,0,0,0,2,31,?,1,1,1,2,99,5,1,2,7
1425,10,0,1,0,0,0,0,25,0,1,0,0,0,0,4,33.721865,?,?,?,?,?,?,?,3,1,2,0,0,1,0,0,0,0,0,0,2.823703,?,?,0,?,0,0,0,0,0,0,1,31,?,1,1,1,2,99,5,1,2,3
1431,8,0,1,0,0,0,0,24,0,1,0,0,0,0,4,33.721865,?,?,?,?,?,?,?,3,3,2,0,0,1,0,0,0,0,0,0,2.823703,?,?,0,?,0,0,0,0,0,0,2,31,?,1,1,1,99,99,4,1,2,5
1438,5,0,1,1,0,0,0,20,0,0,1,0,0,0,4,33.721865,?,?,?,?,?,?,?,4,0,2,1,10,1,1,1,1,0,0,1,2.823703,?,?,0,?,0,0,0,0,0,0,2,31,?,1,1,99,2,99,8,1,2,11
1445,8,0,1,0,0,0,1,28,0,1,0,0,0,0,4,33.721865,?,?,?,?,?,?,?,6,0,2,0,0,3,0,0,1,0,0,0,2.823703,?,?,0,?,0,0,0,0,0,0,1,31,?,1,1,1,2,4,6,1,2,14
1455,9,0,0,1,0,0,0,32,0,0,1,0,0,0,4,33.721865,?,?,?,?,?,?,?,3,1,2,7,0,3,0,0,0,0,0,0,2.823703,?,?,0,?,0,0,0,0,0,0,2,31,?,1,1,99,2,4,4,1,2,3
1460,10,0,0,0,0,0,1,28,?,?,0,0,0,?,4,33.721865,?,?,?,?,?,?,?,3,27,2,?,0,2,0,0,0,0,0,0,2.823703,?,?,0,?,0,0,0,0,0,0,1,31,?,1,1,99,99,99,9,1,2,14
1472,10,0,0,0,0,0,1,23,0,0,0,0,0,1,4,33.721865,?,?,?,?,?,?,?,2,0,2,?,0,1,0,0,0,0,0,0,2.823703,?,?,0,?,0,0,0,0,0,0,2,31,?,1,1,1,99,99,3,1,2,4
1476,6,0,1,0,0,0,0,31,0,1,0,0,0,0,1,33.721865,?,?,?,?,?,?,?,3,0,2,2,51,3,0,0,1,0,0,1,2.823703,?,?,0,?,0,0,0,0,0,0,2,31,?,1,1,1,2,99,4,1,2,12
1483,6,0,0,1,0,0,0,41,0,0,1,0,0,0,1,33.721865,?,?,?,?,?,?,?,3,4,1,?,8.619314,1,1,0,0,0,0,0,2.823703,?,?,0,?,0,0,0,0,0,0,1,31,?,1,1,1,99,99,6,1,2,11
1493,3,0,0,0,0,0,0,27,?,0,0,0,0,0,2,33.721865,?,?,?,?,?,?,?,3,2.788198,?,?,8.619314,?,0,0,0,0,0,0,2.823703,?,?,0,?,0,0,0,0,0,0,2,31,?,?,11,99,2,99,3,1,2,4
1499,5,1,0,0,0,0,0,35,1,0,0,0,0,0,4,33.721865,?,?,?,?,?,?,?,4,1,1,13,0,3,0,0,0,0,0,0,2.823703,?,?,0,?,0,0,0,0,0,0,1,31,?,1,1,1,2,4,5,1,2,4
1518,6,0,1,0,0,0,1,20,0,1,0,0,0,1,1,33.721865,?,?,?,?,?,?,?,3,20,2,3,30,3,0,0,0,0,0,0,2.823703,?,?,0,?,0,0,0,0,0,0,1,31,?,1,1,1,2,99,6,1,2,12
1521,10,1,0,0,0,0,0,34,?,?,?,?,1,?,?,33.721865,?,?,?,?,?,?,?,2,2.788198,2,?,0,?,0,0,0,0,0,0,2.823703,?,?,0,?,0,0,0,0,0,0,2,31,?,1,1,1,2,99,2,1,2,5
1534,10,1,1,1,0,0,0,18,0,1,1,0,0,0,4,33.721865,?,?,?,?,?,?,?,2,0,2,0,0,1,0,0,0,0,0,0,2.823703,?,?,0,?,0,0,0,0,0,0,2,31,?,1,1,1,2,99,3,1,2,9
1550,5,0,1,0,0,0,0,32,?,?,0,?,0,?,4,33.721865,?,?,?,?,?,?,?,5,5,1,10,0,1,0,0,0,0,0,0,2.823703,?,?,0,?,0,0,0,0,0,0,2,31,?,1,1,1,2,99,3,1,2,7
1555,6,0,1,0,0,0,0,34,0,1,0,0,0,0,4,33.721865,?,?,?,?,?,?,?,4,7,1,10,0,3,0,0,0,0,0,0,2.823703,?,?,0,?,0,0,0,0,0,0,1,31,?,1,1,1,2,4,3,1,2,13
1575,3,0,1,0,0,0,0,30,0,1,0,0,0,0,2,33.721865,?,?,?,?,?,?,?,4,1,1,0,20,3,0,0,0,0,0,0,2.823703,?,?,0,?,0,0,0,0,0,0,2,31,?,1,1,1,2,4,2,1,2,9
1583,10,0,0,1,0,0,0,19,0,0,1,0,0,0,4,33.721865,?,?,?,?,?,?,?,3,0,2,1,0,1,0,0,0,0,0,0,2.823703,?,?,0,?,0,0,0,0,0,0,2,31,?,1,1,1,99,99,3,1,2,7
1598,8,0,0,0,0,1,0,34,0,0,0,0,1,0,4,33.721865,?,?,?,?,?,?,?,3,19,2,2,0,1,0,0,1,1,0,0,2.823703,?,?,0,?,0,0,0,0,0,0,1,31,?,1,1,99,2,99,4,1,2,9
1601,6,0,1,0,0,0,1,36,0,1,0,0,0,0,4,33.721865,?,?,?,?,?,?,?,2,0,2,0,0,3,0,0,0,0,0,0,2.823703,?,?,0,?,0,0,0,0,0,0,1,31,?,1,1,1,2,99,4,1,2,7
1611,9,0,1,1,0,0,0,29,0,1,?,0,?,?,?,33.721865,?,?,?,?,?,?,?,2,0,?,?,0,?,0,0,0,0,0,0,2.823703,?,?,0,?,0,0,0,0,0,0,1,31,?,1,1,99,2,4,3,1,2,4
1612,5,0,1,0,0,0,0,42,0,1,0,0,0,0,4,33.721865,?,?,?,?,?,?,?,3,0,2,0,0,1,0,0,0,0,0,0,2.823703,?,?,0,?,0,0,0,0,0,0,2,31,?,1,1,1,2,99,4,1,2,9
1631,7,0,1,1,0,0,0,29,0,1,1,0,0,0,2,33.721865,?,?,?,?,?,?,?,2,0,2,10,36,2,0,0,0,0,0,0,2.823703,?,?,0,?,0,0,0,0,0,0,2,31,?,1,1,1,99,99,2,1,2,6
1635,8,0,1,0,0,0,0,23,0,1,0,0,0,0,4,33.721865,?,?,?,?,?,?,?,3,4,2,11,0,2,0,0,0,0,0,0,2.823703,?,?,0,?,0,0,0,0,0,0,1,31,?,1,1,1,2,99,4,1,2,8
1652,6,0,1,0,0,0,0,32,0,1,0,0,0,0,4,33.721865,?,?,?,?,?,?,?,3,2,2,?,0,1,0,0,0,0,0,0,2.823703,?,?,0,?,0,0,0,0,0,0,1,31,?,1,1,1,2,99,3,1,2,5
1653,9,0,0,0,0,0,1,33,0,0,0,0,0,1,4,33.721865,?,?,?,?,?,?,?,3,5,2,0,0,?,0,0,0,0,0,0,2.823703,?,?,0,?,0,0,0,0,0,0,1,31,?,0,1,1,2,99,5,1,2,6
1670,5,0,0,0,0,0,1,22,0,0,0,0,0,1,4,33.721865,?,?,?,?,?,?,?,4,0,2,7,0,1,0,0,0,0,0,1,2.823703,?,?,0,?,0,0,0,0,0,0,1,31,?,1,1,1,2,4,5,1,2,14
1675,5,0,1,0,0,0,0,34,?,?,?,0,?,0,4,33.721865,?,?,?,?,?,?,?,3,2.788198,?,?,0,?,0,0,0,0,0,0,2.823703,?,?,0,?,0,0,0,0,0,0,1,31,?,1,1,1,2,4,3,1,2,4
1680,9,0,0,1,0,0,0,23,0,0,1,0,0,0,1,33.721865,?,?,?,?,?,?,?,3.247138,6,?,?,8.619314,1,0,0,0,0,0,0,2.823703,?,?,0,?,0,0,0,0,0,0,2,31,?,?,1,99,99,99,5,1,2,9
1689,6,1,0,0,0,0,0,38,1,0,0,0,0,0,4,33.721865,?,?,?,?,?,?,?,4,2,?,8,0,3,0,0,0,0,0,0,2.823703,?,?,0,?,0,0,0,0,0,0,1,31,?,1,1,1,2,4,8,1,2,9
1698,5,0,0,1,0,0,1,25,0,0,0,0,0,1,4,33.721865,?,?,?,?,?,?,?,4,29,2,0,0,1,0,0,1,0,0,1,2.823703,?,?,0,?,0,0,0,0,0,0,2,31,?,1,1,1,2,4,3,1,2,14
1702,9,0,0,1,0,0,0,21,0,0,1,0,0,0,4,33.721865,?,?,?,?,?,?,?,3,0,2,?,0,3,0,0,0,0,0,0,2.823703,?,?,0,?,0,0,0,0,0,0,1,31,?,1,1,1,2,4,3,1,2,4
1718,6,0,1,1,0,0,0,29,0,1,1,0,0,0,4,33.721865,?,?,?,?,?,?,?,3,1,2,9,0,1,1,0,1,0,0,0,2.823703,?,?,0,?,0,0,0,0,0,0,1,31,?,1,1,1,99,99,4,1,2,12
1723,10,0,1,0,0,0,0,20,0,1,0,0,0,0,4,33.721865,?,?,?,?,?,?,?,2,2.788198,2,0,0,2,0,0,0,0,0,0,2.823703,?,?,0,?,0,0,0,0,0,0,2,31,?,1,1,1,2,4,2,1,2,8
1734,3,0,1,0,0,0,0,25,?,1,0,?,?,?,4,33.721865,?,?,?,?,?,?,?,3,2.788198,1,11,0,?,0,0,0,0,0,0,2.823703,?,?,0,?,0,0,0,0,0,0,1,31,?,1,1,1,2,99,3,1,2,8
1742,9,0,0,0,0,0,1,61,0,0,0,0,0,1,4,33.721865,?,?,?,?,?,?,?,3,8,2,0,0,1,0,0,1,1,0,1,2.823703,?,?,0,?,0,0,0,0,0,0,1,31,?,1,1,99,2,99,11,1,2,6
1744,10,0,1,0,0,0,0,20,0,1,0,0,0,0,4,33.721865,?,?,?,?,?,?,?,3,0,2,0,0,1,1,1,1,0,0,0,2.823703,?,?,0,?,0,0,0,0,0,0,2,31,?,1,1,1,2,99,3,1,2,12
1746,5,0,0,1,0,0,0,24,?,0,1,0,0,0,1,33.721865,?,?,?,?,?,?,?,3,0,2,11,24,1,0,0,1,0,0,1,2.823703,?,?,0,?,0,0,0,0,0,0,1,31,?,1,1,1,2,4,9,1,2,14
1754,1,1,1,1,0,0,0,22,1,1,1,0,0,0,4,33.721865,?,?,?,?,?,?,?,3,3,2,2,0,1,0,0,1,0,0,0,2.823703,?,?,0,?,0,0,0,0,0,0,2,31,?,1,1,1,2,4,5,1,2,14
1756,9,0,1,0,0,0,0,25,0,1,0,0,0,0,2,33.721865,?,?,?,?,?,?,?,3,1,2,1,6,3,0,0,0,0,0,0,2.823703,?,?,0,?,0,0,0,0,0,0,1,31,?,1,1,1,99,99,4,1,2,7
1758,10,0,0,0,0,1,0,36,?,0,0,0,1,0,2,33.721865,?,?,?,?,?,?,?,3,0,?,1,0,2,0,0,0,0,0,0,2.823703,?,?,0,?,0,0,0,0,0,0,1,31,?,1,1,1,99,99,4,1,2,7
1760,3,0,0,0,0,0,0,39,0,?,0,?,0,0,?,33.721865,?,?,?,?,?,?,?,4,2.788198,?,?,0,?,0,0,0,0,0,0,2.823703,?,?,0,?,0,0,0,0,0,0,1,31,?,1,1,1,2,4,4,1,2,13
1767,7,0,1,0,0,0,0,28,0,?,0,0,?,0,3,33.721865,?,?,?,?,?,?,?,3,2.788198,2,?,4,2,0,0,0,0,0,0,2.823703,?,?,0,?,0,0,0,0,0,0,1,31,?,1,1,1,2,99,3,1,2,3
1772,10,0,1,1,0,0,0,27,0,1,1,0,0,0,4,33.721865,?,?,?,?,?,?,?,3,0,2,2,0,?,0,0,1,1,0,0,2.823703,?,?,0,?,0,0,0,0,0,0,1,31,?,1,1,1,99,99,5,1,2,7
1776,7,0,1,0,0,0,0,25,0,1,0,0,0,0,1,33.721865,?,?,?,?,?,?,?,3,2.788198,1,1,120,?,0,0,0,0,0,0,2.823703,?,?,0,?,0,0,0,0,0,0,1,31,?,1,1,1,2,99,4,1,2,4
1777,7,0,1,0,0,0,0,29,0,1,0,0,0,0,3,33.721865,?,?,?,?,?,?,?,2,0,2,11,8.619314,?,0,0,0,0,0,0,2.823703,?,?,0,?,0,0,0,0,0,0,2,31,?,1,1,1,2,4,2,1,2,5
1786,8,0,1,0,0,0,0,34,0,1,0,0,0,0,1,33.721865,?,?,?,?,?,?,?,3,0,2,0,15,3,0,0,0,0,0,0,2.823703,?,?,0,?,0,0,0,0,0,0,1,33,?,1,1,1,2,99,6,1,2,7
1790,9,0,0,1,0,0,1,23,0,0,1,0,0,0,4,33.721865,?,?,?,?,?,?,?,3,0,2,?,0,1,0,0,1,0,0,0,2.823703,?,?,0,?,0,0,0,0,0,0,1,31,?,1,1,1,99,99,3,1,2,10
1792,9,0,1,0,0,0,1,30,0,?,0,0,?,?,4,33.721865,?,?,?,?,?,?,?,3.247138,4,2,?,0,2,0,0,0,0,0,0,2.823703,?,?,0,?,0,0,0,0,0,0,2,31,?,?,1,99,99,99,5,1,2,6
1802,8,0,1,1,0,0,1,24,0,1,0,0,0,1,4,33.721865,?,?,?,?,?,?,?,3,2,2,0,0,1,0,0,0,0,0,0,2.823703,?,?,0,?,0,0,0,0,0,0,1,31,?,1,1,1,2,99,4,1,2,7
1812,10,0,0,1,0,0,1,26,0,0,1,0,0,1,3,33.721865,?,?,?,?,?,?,?,3,0,2,0,0,1,0,0,0,0,0,0,2.823703,?,?,0,?,0,0,0,0,0,0,1,33,?,1,1,1,99,99,7,1,2,6
1815,3,0,0,0,0,1,0,35,?,1,?,?,0,?,2,33.721865,?,?,?,?,?,?,?,5,2.788198,2,1,10,3,0,0,0,0,0,0,2.823703,?,?,0,?,0,0,0,0,0,0,2,31,?,1,1,1,2,4,3,1,2,7
1822,10,0,1,1,0,0,0,38,0,1,1,0,0,0,4,33.721865,?,?,?,?,?,?,?,3,2.788198,2,0,0,1,0,0,0,0,0,0,2.823703,?,?,0,?,0,0,0,0,0,0,1,31,?,1,1,1,2,99,4,1,2,5
1826,10,0,1,1,0,0,1,16,0,1,1,0,0,0,4,33.721865,?,?,?,?,?,?,?,3,16,2,0,0,3,0,1,0,0,0,0,2.823703,?,?,0,?,0,0,0,0,0,0,1,31,?,1,1,1,2,4,4,1,2,13
1828,2,0,1,0,0,0,1,22,0,0,0,0,0,1,4,33.721865,?,?,?,?,?,?,?,3,2,2,4,0,3,0,0,0,0,0,0,2.823703,?,?,0,?,0,0,0,0,0,0,1,31,?,1,1,99,2,99,4,1,2,2
1832,7,0,0,1,0,0,0,23,0,0,1,0,0,0,4,33.721865,?,?,?,?,?,?,?,3,0,2,0,0,1,0,1,1,0,0,0,2.823703,?,?,0,?,0,0,0,0,0,0,1,31,?,1,1,1,2,4,5,1,2,14
1838,10,0,0,1,0,0,0,19,?,?,0,0,?,0,4,33.721865,?,?,?,?,?,?,?,3,2.788198,2,?,0,?,0,0,0,0,0,0,2.823703,?,?,0,?,0,0,0,0,0,0,1,31,?,1,1,1,99,99,5,1,2,3
1844,9,0,1,0,0,0,0,17,0,1,0,0,0,0,4,33.721865,?,?,?,?,?,?,?,3,0,2,0,0,1,0,0,0,0,0,0,2.823703,?,?,0,?,0,0,0,0,0,0,2,31,?,1,1,99,2,99,2,1,2,11
1845,1,0,1,0,0,0,0,23,0,1,0,0,0,0,4,33.721865,?,?,?,?,?,?,?,4,0,2,3,0,3,0,0,0,0,0,1,2.823703,?,?,0,?,0,0,0,0,0,0,1,31,?,1,1,1,2,4,6,1,2,14
1846,10,0,1,1,0,0,1,28,0,1,1,0,0,1,4,33.721865,?,?,?,?,?,?,?,3,0,2,0,0,1,0,0,0,0,0,0,2.823703,?,?,0,?,0,0,0,0,0,0,1,31,?,0,1,1,99,99,4,1,2,4
1848,8,0,1,0,0,0,0,23,0,1,0,0,0,0,4,33.721865,?,?,?,?,?,?,?,3,0,2,8,0,1,0,0,0,0,0,0,2.823703,?,?,0,?,0,0,0,0,0,0,1,31,?,1,1,1,2,4,5,1,2,12
1855,10,0,0,1,0,0,0,23,?,0,1,?,0,0,?,33.721865,?,?,?,?,?,?,?,3.247138,0,2,0,0,1,0,0,0,0,0,0,2.823703,?,?,0,?,0,0,0,0,0,0,1,31,?,1,1,99,99,99,2,1,2,3
1869,6,0,1,1,0,0,0,24,0,1,1,0,0,0,4,33.721865,?,?,?,?,?,?,?,5,0,2,0,0,1,0,0,0,0,0,0,2.823703,?,?,0,?,0,0,0,0,0,0,2,31,?,1,1,99,2,99,5,1,2,10
1874,10,0,1,0,0,0,0,37,0,1,0,0,0,0,4,33.721865,?,?,?,?,?,?,?,3,0,2,0,0,1,0,0,0,0,0,0,2.823703,?,?,0,?,0,0,0,0,0,0,1,31,?,1,1,1,2,4,3,1,2,7
1876,7,0,1,1,0,0,0,19,0,1,1,0,0,0,4,33.721865,?,?,?,?,?,?,?,2,0,2,0,0,1,0,0,0,0,0,0,2.823703,?,?,0,?,0,0,0,0,0,0,2,31,?,1,1,1,99,99,2,1,2,7
1886,5,0,1,0,0,0,0,22,0,1,0,0,0,0,4,33.721865,?,?,?,?,?,?,?,3,1,2,2,0,?,0,0,0,0,0,0,2.823703,?,?,0,?,0,0,0,0,0,0,1,31,?,1,1,1,2,4,3,1,2,12
1898,5,0,1,0,0,0,1,20,0,1,0,0,0,1,3,33.721865,?,?,?,?,?,?,?,6,22,2,7,0,2,0,0,1,0,0,0,2.823703,?,?,0,?,0,0,0,0,0,0,2,31,?,1,1,1,2,4,7,1,2,14
1903,8,0,1,1,0,0,0,32,0,1,0,0,0,0,1,33.721865,?,?,?,?,?,?,?,3,3,2,?,40,3,0,0,0,0,0,0,2.823703,?,?,0,?,0,0,0,0,0,0,2,31,?,1,1,1,99,99,3,1,2,9
1910,10,0,1,0,0,0,1,18,0,1,0,0,0,1,4,33.721865,?,?,?,?,?,?,?,3,18,2,1,0,3,0,1,1,0,0,0,2.823703,?,?,0,?,0,0,0,0,0,0,2,31,?,1,1,1,2,4,9,1,2,14
1912,6,0,1,0,0,0,0,40,0,1,0,0,0,0,4,33.721865,?,?,?,?,?,?,?,3,2,1,14,0,3,0,0,0,0,0,0,2.823703,?,?,0,?,0,0,0,0,0,0,1,31,?,1,1,1,2,4,2,1,2,12
1914,6,0,1,1,0,0,1,19,0,1,0,0,0,1,4,33.721865,?,?,?,?,?,?,?,3,14,2,1,0,1,0,1,1,0,0,0,2.823703,?,?,0,?,0,0,0,0,0,0,1,31,?,1,1,1,2,4,5,1,2,13
1919,10,0,0,0,0,0,1,17,0,0,0,0,0,1,4,33.721865,?,?,?,?,?,?,?,3,2,2,1,0,1,1,0,0,0,0,0,2.823703,?,?,0,?,0,0,0,0,0,0,2,31,?,1,1,1,2,99,7,1,2,12
1921,10,0,1,1,0,0,0,20,0,1,1,0,0,0,4,33.721865,?,?,?,?,?,?,?,3,0,2,8,0,1,0,0,0,0,0,0,2.823703,?,?,0,?,0,0,0,0,0,0,2,31,?,1,1,1,2,99,4,1,2,7
1922,10,0,1,0,0,0,0,19,0,1,0,0,0,0,4,33.721865,?,?,?,?,?,?,?,3,19,2,0,0,1,0,1,1,0,0,0,2.823703,?,?,0,?,0,0,0,0,0,0,1,31,?,1,1,1,2,99,5,1,2,8
1939,4,0,1,0,0,0,0,35,0,1,0,0,0,0,4,33.721865,?,?,?,?,?,?,?,2,1,1,8,0,3,0,0,0,0,0,0,2.823703,?,?,0,?,0,0,0,0,0,0,2,31,?,1,1,1,2,4,4,1,2,5
1941,4,0,0,0,0,1,0,27,0,0,0,0,1,0,4,33.721865,?,?,?,?,?,?,?,3,1,2,7,0,2,0,0,1,0,0,0,2.823703,?,?,0,?,0,0,0,0,0,0,2,31,?,1,1,1,2,4,4,1,2,13
1951,10,0,1,1,0,0,0,20,0,1,1,0,0,0,4,33.721865,?,?,?,?,?,?,?,3,0,2,1,0,2,0,0,0,0,0,0,2.823703,?,?,0,?,0,0,0,0,0,0,2,31,?,?,1,1,99,99,4,1,2,8
1980,8,0,1,1,0,0,0,26,0,1,1,0,0,0,4,33.721865,?,?,?,?,?,?,?,6,0,2,1,0,1,0,0,0,0,0,0,2.823703,?,?,0,?,0,0,0,0,0,0,1,31,?,1,1,1,99,99,6,1,2,7
1982,7,0,0,1,0,0,0,26,0,0,1,0,0,0,4,33.721865,?,?,?,?,?,?,?,4,10,2,0,0,3,0,0,1,0,0,0,2.823703,?,?,0,?,0,0,0,0,0,0,2,31,?,0,1,99,99,99,9,1,2,11
1988,10,0,0,1,0,0,0,18,0,1,0,0,0,0,4,33.721865,?,?,?,?,?,?,?,3,3,2,0,0,1,0,0,0,0,0,0,2.823703,?,?,0,?,0,0,0,0,0,0,2,31,?,1,1,99,2,99,2,1,2,11
1999,5,0,1,0,0,0,0,19,0,1,0,0,0,0,4,33.721865,?,?,?,?,?,?,?,3,0,2,0,0,1,0,0,0,0,0,0,2.823703,?,?,0,?,0,0,0,0,0,0,2,31,?,?,1,1,99,4,2,1,2,6
2001,9,0,1,1,0,0,0,37,0,1,1,0,0,0,1,33.721865,?,?,?,?,?,?,?,2,1,2,1,8.619314,2,0,0,0,0,0,0,2.823703,?,?,0,?,0,0,0,0,0,0,1,31,?,1,1,1,99,99,4,1,2,7
2010,2,0,1,0,0,0,0,24,0,1,0,0,0,0,4,33.721865,?,?,?,?,?,?,?,4,7,2,1,0,1,0,0,0,0,0,0,2.823703,?,?,0,?,0,0,0,0,0,0,2,31,?,1,1,1,2,4,5,1,2,14
2013,9,0,1,1,0,0,0,26,0,0,1,0,0,0,4,33.721865,?,?,?,?,?,?,?,3,0,2,0,0,?,0,0,1,1,0,0,2.823703,?,?,0,?,0,0,0,0,0,0,2,31,?,1,1,99,2,99,4,1,2,14
2021,6,0,0,1,0,0,0,32,0,0,1,0,0,0,4,33.721865,?,?,?,?,?,?,?,3,2,2,0,0,2,0,0,0,0,0,0,2.823703,?,?,0,?,0,0,0,0,0,0,1,31,?,1,1,1,2,99,4,1,2,7
2023,10,1,0,0,0,0,0,20,1,1,0,0,0,0,1,33.721865,?,?,?,?,?,?,?,4,1,2,7,40,2,0,0,0,0,0,0,2.823703,?,?,0,?,0,0,0,0,0,0,2,31,?,1,1,1,99,99,4,1,2,10
2024,6,0,1,0,0,0,0,30,0,1,0,0,0,0,4,33.721865,?,?,?,?,?,?,?,3,0,2,10,0,2,0,0,0,0,0,0,2.823703,?,?,0,?,0,0,0,0,0,0,2,31,?,1,1,1,2,4,2,1,2,11
2028,8,0,0,1,0,0,0,23,0,0,1,0,0,0,4,33.721865,?,?,?,?,?,?,?,3,18,2,1,0,1,0,1,1,0,0,0,2.823703,?,?,0,?,0,0,0,0,0,0,1,31,?,1,1,1,2,4,7,1,2,13
2031,4,0,0,1,0,0,0,24,0,1,0,0,0,0,2,33.721865,?,?,?,?,?,?,?,2,0,2,1,5,2,0,0,0,0,0,0,2.823703,?,?,0,?,0,0,0,0,0,0,1,31,?,1,1,1,2,4,3,1,2,8
2060,4,0,0,1,0,0,0,31,0,0,1,0,0,0,4,33.721865,?,?,?,?,?,?,?,3,4,2,2,0,1,0,0,0,0,0,0,2.823703,?,?,0,?,0,0,0,0,0,0,2,31,?,1,1,1,2,99,4,1,2,7
2073,9,0,1,1,0,0,0,16,0,?,1,?,0,?,4,33.721865,?,?,?,?,?,?,?,3,15,2,0,0,3,0,0,0,0,0,0,2.823703,?,?,0,?,0,0,0,0,0,0,1,31,?,1,1,99,2,99,5,1,2,13
2076,10,0,0,0,0,0,1,22,0,0,0,0,0,1,1,33.721865,?,?,?,?,?,?,?,4,8,2,7,40,?,0,0,0,0,1,0,2.823703,?,?,0,?,0,0,0,0,0,0,1,33,?,?,1,1,2,99,8,1,2,13
2078,6,1,0,0,0,0,0,43,1,0,0,0,0,0,4,33.721865,?,?,?,?,?,?,?,2,2,?,4,0,3,0,0,0,0,0,0,2.823703,?,?,0,?,0,0,0,0,0,0,2,31,?,1,1,99,2,4,3,1,2,6
2083,3,0,0,1,0,0,0,19,0,0,1,0,0,0,3,33.721865,?,?,?,?,?,?,?,3,0,2,2,25,2,0,0,1,0,0,0,2.823703,?,?,0,?,0,0,0,0,0,0,1,31,?,1,1,1,2,4,5,1,2,12
2089,10,0,0,0,0,0,0,30,?,?,0,?,?,?,?,33.721865,?,?,?,?,?,?,?,3,2.788198,?,10,0,?,0,0,0,0,0,0,2.823703,?,?,0,?,0,0,0,0,0,0,2,31,?,1,1,99,2,4,6,1,2,7
2103,10,0,0,1,0,0,0,34,0,0,1,0,0,0,4,33.721865,?,?,?,?,?,?,?,3,2,2,0,0,?,0,0,0,0,0,0,2.823703,?,?,0,?,0,0,0,0,0,0,2,31,?,1,1,99,2,4,6,1,2,5
2108,9,0,0,1,0,0,0,24,0,0,1,0,0,0,4,33.721865,?,?,?,?,?,?,?,3,20,2,0,0,1,1,1,1,1,0,0,2.823703,?,?,0,?,0,0,0,0,0,0,2,31,?,1,1,1,2,99,9,1,2,13
2111,6,0,1,0,0,0,0,21,0,1,0,0,0,0,1,33.721865,?,?,?,?,?,?,?,3,0,2,10,38,3,0,0,0,0,0,0,2.823703,?,?,0,?,0,0,0,0,0,0,2,31,?,1,1,1,2,4,3,1,2,14
2112,10,1,0,0,0,0,0,23,1,0,0,0,0,0,3,33.721865,?,?,?,?,?,?,?,4,5,2,1,8.619314,3,1,1,1,0,0,1,2.823703,?,?,0,?,0,0,0,0,0,0,2,31,?,1,1,1,2,99,9,1,2,14
2119,10,0,0,1,0,0,0,27,0,0,1,0,0,0,4,33.721865,?,?,?,?,?,?,?,3,3,2,0,0,1,0,0,0,0,0,0,2.823703,?,?,0,?,0,0,0,0,0,0,1,31,?,1,1,1,99,99,6,1,2,5
2120,9,0,1,1,0,0,0,41,0,1,1,0,0,0,4,33.721865,?,?,?,?,?,?,?,3,3,2,6,6,3,0,0,1,0,1,0,2.823703,?,?,0,?,0,0,0,0,0,0,2,31,?,1,1,1,2,99,4,1,2,12
2132,2,0,1,0,0,0,0,28,0,1,0,0,0,0,4,33.721865,?,?,?,?,?,?,?,3,0,2,9,0,3,0,0,1,0,0,0,2.823703,?,?,0,?,0,0,0,0,0,0,2,31,?,1,1,1,2,4,5,1,2,14
2135,7,0,0,0,0,0,1,32,0,0,0,0,0,1,4,33.721865,?,?,?,?,?,?,?,2,0,2,4,0,1,0,0,0,0,0,0,2.823703,?,?,0,?,0,0,0,0,0,0,1,31,?,1,1,1,99,99,3,1,2,6
2170,8,0,0,0,0,0,0,25,?,0,0,0,?,?,4,33.721865,?,?,?,?,?,?,?,1,0,?,8,0,?,0,0,0,0,0,0,2.823703,?,?,0,?,0,0,0,0,0,0,2,31,?,1,1,1,99,99,4,1,2,7
2172,4,0,1,1,0,0,0,27,0,1,0,0,0,0,4,33.721865,?,?,?,?,?,?,?,4,0,2,1,0,1,0,0,0,0,0,0,2.823703,?,?,0,?,0,0,0,0,0,0,2,31,?,1,1,1,2,99,6,1,2,12
2175,10,0,1,1,0,0,0,29,0,1,1,0,0,0,4,33.721865,?,?,?,?,?,?,?,3,0,2,2,0,1,0,0,1,0,0,0,2.823703,?,?,0,?,0,0,0,0,0,0,2,31,?,1,1,99,2,99,6,1,2,11
2178,8,0,1,0,0,0,0,21,0,1,0,0,0,0,2,33.721865,?,?,?,?,?,?,?,4,0,2,7,0,3,0,0,0,0,0,0,2.823703,?,?,0,?,0,0,0,0,0,0,2,31,?,1,1,1,99,99,4,1,2,12
2182,6,0,1,0,0,0,0,29,0,1,0,0,0,1,2,33.721865,?,?,?,?,?,?,?,4,2.788198,1,?,45,1,0,0,0,0,0,0,2.823703,?,?,0,?,0,0,0,0,0,0,2,31,?,1,1,1,2,99,2,1,2,7
2187,9,0,1,0,0,0,0,20,0,1,0,0,0,0,4,33.721865,?,?,?,?,?,?,?,3,0,2,1,0,3,0,0,0,0,0,0,2.823703,?,?,0,?,0,0,0,0,0,0,1,31,?,1,1,1,2,99,3,1,2,10
2195,10,0,0,1,0,0,0,21,0,0,1,0,0,0,4,33.721865,?,?,?,?,?,?,?,3.247138,0,?,?,0,1,0,0,0,0,0,0,2.823703,?,?,0,?,0,0,0,0,0,0,2,31,?,1,1,99,99,99,2,1,2,6
2198,10,0,0,0,0,0,0,34,0,1,0,0,0,0,4,33.721865,?,?,?,?,?,?,?,3,0,2,0,0,1,0,0,0,0,0,0,2.823703,?,?,0,?,0,0,0,0,0,0,1,31,?,1,1,1,99,99,4,2,2,8
2220,4,0,1,0,0,0,0,39,0,1,0,0,0,0,4,33.721865,?,?,?,?,?,?,?,2,0,1,10,0,2,0,0,0,0,0,0,2.823703,?,?,0,?,0,0,0,0,0,0,2,31,?,1,1,1,2,4,3,1,2,4
2226,10,0,1,1,0,0,0,31,0,1,1,0,0,0,4,33.721865,?,?,?,?,?,?,?,3,0,2,5,0,1,0,0,0,0,0,0,2.823703,?,?,0,?,0,0,0,0,0,0,1,31,?,1,1,99,2,99,5,1,2,6
2231,7,0,1,0,0,0,0,42,0,1,0,0,0,0,2,33.721865,?,?,?,?,?,?,?,3,3,2,0,15,3,0,0,0,0,0,0,2.823703,?,?,0,?,0,0,0,0,0,0,1,31,?,1,1,1,2,99,4,1,2,5
2235,9,0,0,0,0,0,1,25,0,0,0,0,0,1,4,33.721865,?,?,?,?,?,?,?,3,20,2,0,0,3,0,0,0,0,0,1,2.823703,?,?,0,?,0,0,0,0,0,0,2,31,?,1,1,99,2,99,7,1,2,12
2238,6,0,1,0,0,0,0,19,0,1,0,0,0,0,4,33.721865,?,?,?,?,?,?,?,2,0,2,0,0,1,0,0,0,0,0,0,2.823703,?,?,0,?,0,0,0,0,0,0,2,31,?,1,1,1,2,99,2,1,2,7
2239,3,0,0,1,0,0,0,32,0,1,1,0,0,0,2,33.721865,?,?,?,?,?,?,?,4,0,2,13,10,1,0,0,1,0,0,0,2.823703,?,?,0,?,0,0,0,0,0,0,1,31,?,1,1,1,2,4,5,1,2,12
2246,7,0,1,0,0,0,0,22,0,1,0,0,0,0,4,33.721865,?,?,?,?,?,?,?,3,0,2,0,0,1,0,0,0,0,0,0,2.823703,?,?,0,?,0,0,0,0,0,0,2,31,?,1,1,99,2,99,5,2,2,6
2251,9,1,0,0,0,0,0,36,1,0,0,0,0,0,4,33.721865,?,?,?,?,?,?,?,2,2,?,?,0,3,0,0,0,0,0,0,2.823703,?,?,0,?,0,0,0,0,0,0,2,31,?,1,1,99,2,4,2,1,2,5
2257,6,0,1,1,0,0,0,33,0,1,0,0,0,0,4,33.721865,?,?,?,?,?,?,?,3,0,1,0,0,1,0,0,0,0,0,0,2.823703,?,?,0,?,0,0,0,0,0,0,2,31,?,1,1,1,2,4,2,1,2,3
2258,10,0,1,1,0,0,0,24,0,1,1,0,0,0,4,33.721865,?,?,?,?,?,?,?,2,1,?,0,0,1,0,0,0,0,0,0,2.823703,?,?,0,?,0,0,0,0,0,0,2,31,?,1,1,99,99,99,3,1,2,5
2265,7,1,0,0,0,0,0,34,1,0,0,0,0,0,4,33.721865,?,?,?,?,?,?,?,2,0,2,4,0,3,0,0,0,0,0,1,2.823703,?,?,0,?,0,0,0,0,0,0,1,31,?,1,1,1,2,4,4,1,2,9
2277,5,0,1,1,0,0,0,24,0,1,1,0,0,0,4,33.721865,?,?,?,?,?,?,?,3,18,2,1,0,2,0,1,1,1,0,0,2.823703,?,?,0,?,0,0,0,0,0,0,2,31,?,1,1,1,2,4,5,1,2,9
2280,5,0,1,1,0,0,1,27,0,0,0,0,0,1,4,33.721865,?,?,?,?,?,?,?,4,0,2,0,0,1,0,0,1,0,0,0,2.823703,?,?,0,?,0,0,0,0,0,0,1,31,?,1,1,1,2,4,8,1,2,14
2296,4,0,0,0,0,1,0,33,0,0,0,0,1,0,4,33.721865,?,?,?,?,?,?,?,3.247138,5,1,10,0,3,0,0,0,0,0,1,2.823703,?,?,0,?,0,0,0,0,0,0,1,31,?,1,1,1,2,4,2,1,2,12
2301,9,0,1,0,0,0,0,24,0,1,0,0,0,0,4,33.721865,?,?,?,?,?,?,?,3,0,2,?,0,1,0,0,0,0,0,0,2.823703,?,?,0,?,0,0,0,0,0,0,1,31,?,1,1,1,99,99,4,1,2,5
2302,7,0,1,1,0,0,0,20,0,1,0,0,0,0,4,33.721865,?,?,?,?,?,?,?,2,0,2,1,0,2,0,0,0,0,0,0,2.823703,?,?,0,?,0,0,0,0,0,0,1,31,?,1,1,1,2,99,2,1,2,10
2303,9,0,0,0,0,0,1,35,?,?,0,?,?,?,?,33.721865,?,?,?,?,?,?,?,3,0,?,1,0,?,0,0,0,0,0,0,2.823703,?,?,0,?,0,0,0,0,0,0,2,31,?,?,1,1,2,99,4,1,2,6
2307,8,1,0,0,0,0,0,30,1,0,0,0,0,0,4,33.721865,?,?,?,?,?,?,?,2,0,1,13,0,3,0,0,0,0,0,0,2.823703,?,?,0,?,0,0,0,0,0,0,2,31,?,1,1,1,2,4,4,2,2,4
2308,5,0,1,1,0,0,1,19,0,0,1,0,0,1,4,33.721865,?,?,?,?,?,?,?,4,9,2,2,0,1,0,1,1,0,0,0,2.823703,?,?,0,?,0,0,0,0,0,0,2,31,?,1,1,1,2,99,7,1,2,14
2310,8,0,1,1,0,0,0,19,0,1,1,0,0,0,4,33.721865,?,?,?,?,?,?,?,2,0,2,?,0,1,0,0,0,0,0,0,2.823703,?,?,0,?,0,0,0,0,0,0,2,31,?,1,1,1,2,99,2,1,2,9
2331,8,0,0,1,0,0,0,20,0,0,1,0,0,0,4,33.721865,?,?,?,?,?,?,?,4,2,2,7,0,1,0,1,1,0,0,0,2.823703,?,?,0,?,0,0,0,0,0,0,2,31,?,1,1,1,2,4,6,1,2,13
2339,2,0,1,0,0,0,0,33,0,1,0,0,0,0,4,33.721865,?,?,?,?,?,?,?,2,0,2,11,0,3,0,0,0,0,0,0,2.823703,?,?,0,?,0,0,0,0,0,0,2,31,?,1,1,1,2,4,4,1,2,9
2344,9,0,1,1,0,0,0,36,0,1,1,0,0,0,4,33.721865,?,?,?,?,?,?,?,4,4,1,?,0,?,0,0,0,0,0,0,2.823703,?,?,0,?,0,0,0,0,0,0,1,31,?,1,1,1,2,4,5,1,2,12
2346,6,0,1,0,0,0,0,26,0,1,0,0,0,0,4,33.721865,?,?,?,?,?,?,?,3,0,2,8,0,3,0,0,0,0,0,0,2.823703,?,?,0,?,0,0,0,0,0,0,1,31,?,1,1,99,2,4,3,1,2,12
2365,9,0,0,0,0,0,1,19,0,0,0,0,0,1,3,33.721865,?,?,?,?,?,?,?,6,6,2,3,0,3,0,1,1,0,0,0,2.823703,?,?,0,?,0,0,0,0,0,0,2,31,?,1,1,1,2,99,8,1,2,14
2366,6,0,1,1,0,0,0,17,?,1,?,0,0,0,3,33.721865,?,?,?,?,?,?,?,5,1,2,0,0,1,0,1,1,0,0,0,2.823703,?,?,0,?,0,0,0,0,0,0,2,31,?,1,1,1,2,99,5,1,2,13
2378,6,0,1,0,0,0,0,39,0,1,0,0,0,0,2,33.721865,?,?,?,?,?,?,?,3,4,1,?,8.619314,?,0,0,0,0,0,0,2.823703,?,?,0,?,0,0,0,0,0,0,1,31,?,1,1,1,2,4,5,1,2,4
2382,9,0,1,0,0,0,1,20,0,0,0,0,0,1,4,33.721865,?,?,?,?,?,?,?,3,16,2,3,0,2,0,0,1,0,0,1,2.823703,?,?,0,?,0,0,0,0,0,0,2,31,?,1,1,1,2,4,5,1,2,14
2384,5,0,1,1,0,0,0,19,0,1,1,0,0,0,4,33.721865,?,?,?,?,?,?,?,5,0,2,8,0,3,0,1,1,0,0,0,2.823703,?,?,0,?,0,0,0,0,0,0,2,31,?,1,1,1,2,4,6,1,2,13
2389,10,0,0,1,0,0,1,19,0,0,0,0,0,1,4,33.721865,?,?,?,?,?,?,?,3,11,2,0,0,1,0,0,1,0,0,0,2.823703,?,?,0,?,0,0,0,0,0,0,1,31,?,1,1,1,99,99,4,1,2,5
2406,7,0,0,1,0,0,1,36,0,0,1,0,0,1,1,33.721865,?,?,?,?,?,?,?,2,0,1,11,20,3,0,0,0,0,0,1,2.823703,?,?,0,?,0,0,0,0,0,0,1,31,?,1,1,1,2,4,9,1,2,6
2408,9,0,1,0,0,0,0,25,0,1,0,0,0,0,4,33.721865,?,?,?,?,?,?,?,4,0,1,2,0,3,0,0,0,0,0,0,2.823703,?,?,0,?,0,0,0,0,0,0,1,31,?,1,1,1,2,4,2,1,2,5
2414,7,0,1,0,0,0,0,21,0,1,0,0,0,0,4,33.721865,?,?,?,?,?,?,?,2,0,2,0,0,1,0,0,0,0,0,0,2.823703,?,?,0,?,0,0,0,0,0,0,1,31,?,1,1,1,2,99,2,1,2,7
2419,6,0,0,1,0,0,0,26,0,1,0,0,0,0,1,33.721865,?,?,?,?,?,?,?,3,0,2,1,24,2,0,0,0,0,0,0,2.823703,?,?,0,?,0,0,0,0,0,0,1,31,?,1,1,1,2,4,3,1,2,8
2438,10,0,1,0,0,0,0,34,0,1,0,0,0,0,4,33.721865,?,?,?,?,?,?,?,3,11,2,2,0,3,0,0,0,0,0,1,2.823703,?,?,0,?,0,0,0,0,0,0,2,31,?,1,1,1,2,99,3,1,2,12
2447,9,0,1,0,0,0,1,25,0,1,0,0,0,1,4,33.721865,?,?,?,?,?,?,?,3,2,2,0,0,1,0,0,0,0,0,0,2.823703,?,?,0,?,0,0,0,0,0,0,1,31,?,1,1,1,2,99,4,1,2,10
2450,9,0,0,0,0,1,0,29,0,0,0,0,1,0,4,33.721865,?,?,?,?,?,?,?,3,3,1,14,0,3,0,0,0,0,0,0,2.823703,?,?,0,?,0,0,0,0,0,0,2,31,?,1,1,1,2,4,3,1,2,5
2451,9,0,1,1,0,0,0,21,0,1,1,0,0,0,4,33.721865,?,?,?,?,?,?,?,3,0,2,?,0,?,0,0,0,0,0,0,2.823703,?,?,0,?,0,0,0,0,0,0,1,31,?,1,1,99,99,99,3,1,2,5
2457,9,0,1,1,0,0,0,35,0,1,0,0,0,0,4,33.721865,?,?,?,?,?,?,?,3,2.788198,2,0,0,?,0,0,0,0,0,0,2.823703,?,?,0,?,0,0,0,0,0,0,2,31,?,1,1,1,99,99,5,1,2,6
2460,8,0,1,0,0,0,0,33,0,1,0,0,0,0,4,33.721865,?,?,?,?,?,?,?,3,0,2,0,0,3,0,0,0,0,0,0,2.823703,?,?,0,?,0,0,0,0,0,0,1,31,?,1,1,1,99,99,4,1,2,9
2463,6,0,0,1,0,0,0,18,0,0,1,0,0,0,4,33.721865,?,?,?,?,?,?,?,4,3,2,?,0,1,0,0,1,0,0,0,2.823703,?,?,0,?,0,0,0,0,0,0,2,31,?,1,1,1,2,4,7,1,2,14
2468,10,0,1,1,0,0,0,21,0,1,1,0,0,0,4,33.721865,?,?,?,?,?,?,?,2,0,2,0,0,1,0,0,0,0,0,0,2.823703,?,?,0,?,0,0,0,0,0,0,1,31,?,1,1,1,99,99,3,1,2,5
2469,9,0,0,1,0,0,0,26,0,0,1,0,0,0,4,33.721865,?,?,?,?,?,?,?,3,24,2,0,0,?,1,0,1,1,0,0,2.823703,?,?,0,?,0,0,0,0,0,0,1,31,?,1,1,1,2,4,7,1,2,12
2483,10,0,0,0,0,0,1,24,0,0,0,0,0,1,4,33.721865,?,?,?,?,?,?,?,3,16,2,?,0,3,0,0,0,0,0,1,2.823703,?,?,0,?,0,0,0,0,0,0,1,31,?,1,1,1,2,4,5,1,2,14
2503,9,0,1,0,0,0,0,39,0,1,0,0,0,0,4,33.721865,?,?,?,?,?,?,?,3,6,1,1,0,2,0,0,0,0,0,0,2.823703,?,?,0,?,0,0,0,0,0,0,2,31,?,1,1,1,2,99,4,2,2,4
2505,9,0,1,0,0,0,0,27,0,1,0,0,0,0,2,33.721865,?,?,?,?,?,?,?,3,3,2,8,18,2,0,0,0,0,0,0,2.823703,?,?,0,?,0,0,0,0,0,0,2,31,?,1,1,1,2,4,6,1,2,12
2514,5,0,1,0,0,0,0,20,?,?,0,0,0,0,4,33.721865,?,?,?,?,?,?,?,3,4,2,?,0,2,0,0,0,0,0,0,2.823703,?,?,0,?,0,0,0,0,0,0,2,31,?,1,1,1,2,99,3,1,2,4
2526,9,1,1,1,0,0,0,21,1,1,0,0,0,0,4,33.721865,?,?,?,?,?,?,?,2,0,?,6,0,1,0,0,1,0,1,0,2.823703,?,?,0,?,0,0,0,0,0,0,1,33,?,0,1,1,2,99,4,1,2,7
2541,5,0,0,0,0,1,0,18,0,1,0,0,0,0,4,33.721865,?,?,?,?,?,?,?,2,20,2,0,0,1,1,0,1,0,0,0,2.823703,?,?,0,?,0,0,0,0,0,0,2,31,?,1,1,1,2,99,4,1,2,5
2560,8,0,1,1,0,0,1,22,0,1,1,0,0,0,4,33.721865,?,?,?,?,?,?,?,2,7,2,1,0,2,0,0,0,0,0,0,2.823703,?,?,0,?,0,0,0,0,0,0,1,31,?,1,1,1,2,99,3,1,2,5
2567,9,0,1,1,0,0,0,19,0,1,1,0,0,0,1,33.721865,?,?,?,?,?,?,?,3,0,2,3,40,1,0,0,1,0,0,1,2.823703,?,?,0,?,0,0,0,0,0,0,2,31,?,1,1,1,99,99,5,1,2,9
2568,8,0,1,0,0,0,0,18,0,1,0,0,0,0,4,33.721865,?,?,?,?,?,?,?,3,0,2,1,0,1,0,0,1,0,0,1,2.823703,?,?,0,?,0,0,0,0,0,0,1,31,?,1,1,99,2,99,4,1,2,9
2574,9,0,0,1,0,0,0,32,0,0,1,0,0,0,4,33.721865,?,?,?,?,?,?,?,2,5,2,1,0,1,0,0,0,0,0,0,2.823703,?,?,0,?,0,0,0,0,0,0,1,31,?,1,1,1,99,99,4,1,2,4
2579,9,0,1,1,0,0,0,21,0,1,0,0,0,0,4,33.721865,?,?,?,?,?,?,?,3,0,2,1,0,2,0,0,0,0,0,0,2.823703,?,?,0,?,0,0,0,0,0,0,1,31,?,1,1,1,2,99,3,1,2,8
2582,10,0,0,0,0,0,1,36,0,0,1,0,0,1,4,33.721865,?,?,?,?,?,?,?,2,1,2,0,0,1,0,0,0,0,0,0,2.823703,?,?,0,?,0,0,0,0,0,0,1,31,?,1,1,99,2,99,4,2,2,6
2583,8,0,1,0,0,0,0,29,0,1,0,0,0,0,4,33.721865,?,?,?,?,?,?,?,3,0,1,11,0,3,0,0,0,0,0,0,2.823703,?,?,0,?,0,0,0,0,0,0,2,31,?,1,1,1,2,4,2,1,2,8
2584,9,0,0,0,0,0,0,29,0,0,1,0,0,0,4,33.721865,?,?,?,?,?,?,?,3,7,2,1,0,1,0,0,0,0,0,0,2.823703,?,?,0,?,0,0,0,0,0,0,1,31,?,0,1,1,99,99,4,1,2,6
2599,8,0,1,1,1,1,0,20,0,1,0,0,0,0,4,33.721865,?,?,?,?,?,?,?,3,0,2,1,0,?,1,1,0,0,0,0,2.823703,?,?,0,?,0,0,0,0,0,0,2,31,?,1,1,1,2,4,5,1,2,13
2607,10,0,0,1,0,0,0,22,0,0,1,0,0,0,4,33.721865,?,?,?,?,?,?,?,3,19,2,7,0,3,1,0,1,0,0,0,2.823703,?,?,0,?,0,0,0,0,0,0,1,31,?,1,1,99,2,99,5,1,2,11
2633,6,0,1,0,0,0,0,40,0,1,0,0,0,0,1,33.721865,?,?,?,?,?,?,?,3,0,2,9,40,?,0,0,0,0,0,0,2.823703,?,?,0,?,0,0,0,0,0,0,2,31,?,1,1,1,2,4,5,1,2,7
2640,8,0,1,0,0,0,0,21,0,1,0,0,0,0,3,33.721865,?,?,?,?,?,?,?,2,0,2,7,0,3,0,0,0,0,0,0,2.823703,?,?,0,?,0,0,0,0,0,0,1,31,?,1,1,1,99,99,2,1,2,6
2641,10,0,1,1,0,0,0,34,0,1,1,0,0,0,4,33.721865,?,?,?,?,?,?,?,3,0,2,0,0,1,0,0,0,0,0,0,2.823703,?,?,0,?,0,0,0,0,0,0,2,31,?,0,1,1,2,99,4,1,2,7
2658,8,0,0,1,0,0,0,27,0,0,1,0,0,0,4,33.721865,?,?,?,?,?,?,?,2,1,2,0,0,1,0,0,0,0,0,0,2.823703,?,?,0,?,0,0,0,0,0,0,2,31,?,1,1,1,99,99,3,1,2,6
2668,9,0,1,1,0,0,0,27,0,1,1,0,0,0,4,33.721865,?,?,?,?,?,?,?,2,1,2,1,0,1,0,0,0,0,0,0,2.823703,?,?,0,?,0,0,0,0,0,0,1,31,?,1,1,1,2,4,4,1,2,10
2669,6,0,1,1,0,0,0,29,0,1,?,0,0,0,2,33.721865,?,?,?,?,?,?,?,3,0,2,?,0,3,0,0,0,0,0,0,2.823703,?,?,0,?,0,0,0,0,0,0,1,31,?,1,1,99,2,4,3,1,2,2
2677,10,0,0,0,0,0,0,50,0,1,0,0,0,0,2,33.721865,?,?,?,?,?,?,?,2,0,2,0,0,2,1,1,0,1,0,0,2.823703,?,?,0,?,0,0,0,0,0,0,2,31,?,1,1,1,99,99,3,1,2,8
2678,5,0,1,0,0,0,0,17,0,1,0,0,0,0,2,33.721865,?,?,?,?,?,?,?,3,0,2,8,8,1,0,0,0,0,0,0,2.823703,?,?,0,?,0,0,0,0,0,0,2,31,?,1,1,1,2,4,4,1,2,14
2685,10,0,1,1,0,0,0,24,0,1,0,0,0,0,2,33.721865,?,?,?,?,?,?,?,3,0,2,?,8.619314,?,0,0,0,0,0,0,2.823703,?,?,0,?,0,0,0,0,0,0,1,31,?,1,1,1,99,99,3,1,2,5
2687,7,0,1,0,0,0,0,19,0,1,0,0,0,0,4,33.721865,?,?,?,?,?,?,?,2,0,2,0,0,1,0,0,0,0,0,0,2.823703,?,?,0,?,0,0,0,0,0,0,1,31,?,?,1,1,99,99,2,1,2,7
2695,10,0,0,0,0,0,1,20,?,1,0,?,0,0,4,33.721865,?,?,?,?,?,?,?,2,0,?,8,0,3,0,0,0,0,0,0,2.823703,?,?,0,?,0,0,0,0,0,0,1,31,?,1,1,1,99,99,2,1,2,5
2696,9,0,1,0,0,0,0,24,0,1,0,0,0,0,4,33.721865,?,?,?,?,?,?,?,4,0,2,0,0,2,0,0,0,0,0,0,2.823703,?,?,0,?,0,0,0,0,0,0,1,31,?,1,1,1,99,99,4,1,2,11
2700,9,0,1,0,0,0,0,19,0,1,0,0,0,0,3,33.721865,?,?,?,?,?,?,?,4,22,2,1,4,3,0,0,1,1,0,1,2.823703,?,?,0,?,0,0,0,0,0,0,1,31,?,1,1,1,2,4,5,1,2,12
2707,6,0,0,1,0,0,0,23,0,0,1,0,0,0,4,33.721865,?,?,?,?,?,?,?,3,0,2,6,0,1,0,0,1,1,0,0,2.823703,?,?,0,?,0,0,0,0,0,0,1,31,?,1,1,1,99,99,6,1,2,12
2709,10,0,1,1,0,0,0,34,0,1,1,0,0,0,4,33.721865,?,?,?,?,?,?,?,3,0,2,0,0,3,0,0,0,0,0,0,2.823703,?,?,0,?,0,0,0,0,0,0,1,31,?,1,1,1,2,99,3,1,2,6
2716,4,0,1,0,0,0,0,19,0,1,0,0,0,0,4,33.721865,?,?,?,?,?,?,?,3.247138,0,2,0,0,2,0,0,0,0,0,0,2.823703,?,?,0,?,0,0,0,0,0,0,2,31,?,?,1,99,99,99,2,1,2,6
2719,9,0,1,0,0,0,0,22,0,1,0,0,0,0,4,33.721865,?,?,?,?,?,?,?,2,0,2,8,0,3,0,0,0,0,0,0,2.823703,?,?,0,?,0,0,0,0,0,0,1,31,?,1,1,99,2,99,2,1,2,7
2725,9,0,1,1,0,0,0,26,0,1,1,0,0,0,4,33.721865,?,?,?,?,?,?,?,3,11,2,1,0,1,0,0,0,0,0,0,2.823703,?,?,0,?,0,0,0,0,0,0,2,31,?,1,1,1,2,99,3,1,2,10
2741,7,0,1,0,0,0,0,31,0,1,0,0,0,0,2,33.721865,?,?,?,?,?,?,?,3,2.788198,1,3,8.619314,1,0,0,0,0,0,0,2.823703,?,?,0,?,0,0,0,0,0,0,1,31,?,1,1,1,2,4,2,1,2,9
2749,10,1,0,0,0,0,0,26,1,0,0,0,0,0,4,33.721865,?,?,?,?,?,?,?,4,1,2,0,0,3,0,1,0,0,0,0,2.823703,?,?,0,?,0,0,0,0,0,0,1,31,?,1,1,1,2,4,13,1,2,13
2750,5,0,0,1,0,0,0,42,0,0,1,0,0,0,1,33.721865,?,?,?,?,?,?,?,3,1,?,?,8.619314,3,0,0,0,0,0,0,2.823703,?,?,0,?,0,0,0,0,0,0,1,31,?,1,1,1,99,99,7,1,2,10
2753,10,0,1,1,0,0,0,25,0,1,1,0,0,0,4,33.721865,?,?,?,?,?,?,?,2,0,2,0,0,?,0,0,0,0,0,0,2.823703,?,?,0,?,0,0,0,0,0,0,1,31,?,1,1,1,99,99,4,1,2,6
2756,1,1,0,0,0,0,0,20,1,0,0,0,0,0,4,33.721865,?,?,?,?,?,?,?,5,2,2,1,0,3,0,0,1,0,0,0,2.823703,?,?,0,?,0,0,0,0,0,0,1,31,?,?,1,1,2,4,6,1,2,11
2771,10,0,0,1,0,0,0,22,0,0,1,0,0,0,4,33.721865,?,?,?,?,?,?,?,4,0,2,1,0,1,0,1,1,0,0,0,2.823703,?,?,0,?,0,0,0,0,0,0,1,31,?,1,1,1,2,4,5,1,2,13
2778,7,0,1,0,0,0,0,24,0,1,0,0,0,0,1,33.721865,?,?,?,?,?,?,?,3,0,2,2,55,3,0,0,0,0,0,0,2.823703,?,?,0,?,0,0,0,0,0,0,2,31,?,1,1,1,2,4,5,1,2,10
2782,9,0,1,0,0,0,0,24,0,1,0,0,0,0,4,33.721865,?,?,?,?,?,?,?,6,11,1,3,0,?,1,1,1,1,0,0,2.823703,?,?,0,?,0,0,0,0,0,0,2,31,?,1,1,1,2,4,5,1,2,11
2796,10,0,0,1,0,0,0,37,0,0,1,0,0,0,1,33.721865,?,?,?,?,?,?,?,3,4,?,6,8.619314,?,0,0,0,0,0,0,2.823703,?,?,0,?,0,0,0,0,0,0,1,31,?,1,1,1,99,99,4,1,2,7
2804,10,0,1,1,0,0,0,26,?,?,1,?,0,?,4,33.721865,?,?,?,?,?,?,?,3,0,2,9,0,3,0,0,0,0,0,0,2.823703,?,?,0,?,0,0,0,0,0,0,2,31,?,1,1,99,99,99,3,1,2,6
2813,8,0,0,1,0,0,1,32,0,0,0,0,0,1,4,33.721865,?,?,?,?,?,?,?,3,6,2,1,0,1,1,1,1,0,0,0,2.823703,?,?,0,?,0,0,0,0,0,0,1,31,?,1,1,1,2,99,5,1,2,14
2833,9,0,0,0,0,1,0,23,0,0,0,0,1,0,4,33.721865,?,?,?,?,?,?,?,2,0,2,2,0,3,0,0,0,0,0,0,2.823703,?,?,0,?,0,0,0,0,0,0,1,31,?,1,1,1,2,99,2,1,2,8
2842,9,0,1,1,0,0,0,26,0,1,1,0,0,0,4,33.721865,?,?,?,?,?,?,?,3,1,2,0,0,1,0,1,1,0,0,0,2.823703,?,?,0,?,0,0,0,0,0,0,2,31,?,1,1,1,99,99,5,1,2,13
2854,3,0,1,1,0,0,0,20,0,1,0,0,0,0,3,33.721865,?,?,?,?,?,?,?,4,2,2,2,0,1,0,0,1,0,0,0,2.823703,?,?,0,?,0,0,0,0,0,0,1,31,?,1,1,1,2,99,3,1,2,13
2855,9,0,0,1,0,0,0,49,?,?,?,?,?,?,?,33.721865,?,?,?,?,?,?,?,3,2.788198,?,?,0,?,0,0,0,0,0,0,2.823703,?,?,0,?,0,0,0,0,0,0,2,33,?,1,1,99,99,99,3,1,2,6
2863,1,0,1,1,0,0,0,28,0,1,1,0,0,0,4,33.721865,?,?,?,?,?,?,?,2,0,2,2,0,3,0,0,0,0,0,0,2.823703,?,?,0,?,0,0,0,0,0,0,2,31,?,1,1,1,2,99,2,1,2,10
2870,7,0,1,1,0,0,0,19,0,1,0,0,0,0,4,33.721865,?,?,?,?,?,?,?,3,6,2,7,0,1,0,1,0,0,0,0,2.823703,?,?,0,?,0,0,0,0,0,0,1,31,?,1,1,1,2,4,5,1,2,13
2872,3,0,0,0,0,1,0,29,0,0,0,0,1,0,4,33.721865,?,?,?,?,?,?,?,3,1,2,9,0,1,0,0,0,0,0,0,2.823703,?,?,0,?,0,0,0,0,0,0,1,31,?,1,1,1,2,99,3,1,2,7
2874,1,0,0,0,0,1,0,30,0,0,0,0,1,0,1,33.721865,?,?,?,?,?,?,?,4,3,1,13,40,3,0,0,0,0,0,0,2.823703,?,?,0,?,0,0,0,0,0,0,1,31,?,1,1,1,2,4,3,1,2,11
2882,5,0,1,0,0,0,0,23,0,1,0,0,0,0,4,33.721865,?,?,?,?,?,?,?,5,0,2,1,0,1,0,1,1,0,0,0,2.823703,?,?,0,?,0,0,0,0,0,0,2,31,?,1,1,1,2,4,4,1,2,14
2888,10,0,0,1,0,0,0,18,0,0,1,0,0,0,4,33.721865,?,?,?,?,?,?,?,4,20,2,2,0,1,0,1,1,0,0,0,2.823703,?,?,0,?,0,0,0,0,0,0,2,31,?,1,1,1,2,99,7,1,2,13
2892,9,0,0,1,0,0,0,24,0,0,1,0,0,0,2,33.721865,?,?,?,?,?,?,?,3,1,2,6,8.619314,1,0,0,0,0,0,0,2.823703,?,?,0,?,0,0,0,0,0,0,2,31,?,1,1,1,99,99,4,1,2,3
2896,3,0,1,1,0,0,0,33,0,1,0,0,0,0,4,33.721865,?,?,?,?,?,?,?,4,0,2,11,0,3,0,0,1,1,0,0,2.823703,?,?,0,?,0,0,0,0,0,0,2,31,?,1,1,1,2,4,3,1,2,12
2901,4,0,1,0,0,0,0,24,0,1,0,0,0,0,2,33.721865,?,?,?,?,?,?,?,3,0,2,0,10,1,0,0,1,0,0,0,2.823703,?,?,0,?,0,0,0,0,0,0,2,31,?,1,1,1,2,4,5,1,2,10
2903,3,0,1,0,0,0,0,24,0,1,0,0,0,0,2,33.721865,?,?,?,?,?,?,?,3,0,2,2,20,1,0,0,0,0,0,0,2.823703,?,?,0,?,0,0,0,0,0,0,2,31,?,1,1,1,99,99,3,1,2,7
2928,6,0,1,1,0,0,0,27,0,1,1,0,0,0,1,33.721865,?,?,?,?,?,?,?,3,0,2,1,40,2,0,0,0,0,0,0,2.823703,?,?,0,?,0,0,0,0,0,0,2,31,?,1,1,1,2,4,4,1,2,9
2934,8,0,0,1,0,0,0,28,0,0,1,0,0,0,1,33.721865,?,?,?,?,?,?,?,3,3,2,8,12,1,0,0,0,0,0,0,2.823703,?,?,0,?,0,0,0,0,0,0,1,31,?,1,1,1,2,4,4,1,2,7
2941,9,0,0,0,0,0,1,20,0,0,0,0,0,1,4,33.721865,?,?,?,?,?,?,?,4,6,2,0,0,2,1,1,0,0,0,0,2.823703,?,?,0,?,0,0,0,0,0,0,2,31,?,?,1,1,99,99,6,1,2,7
2946,10,0,1,1,0,0,0,25,0,1,0,0,0,0,4,33.721865,?,?,?,?,?,?,?,2,0,2,1,0,2,0,0,0,0,0,0,2.823703,?,?,0,?,0,0,0,0,0,0,1,31,?,1,1,1,99,99,3,1,2,3
2958,10,0,0,1,0,0,0,22,0,0,1,0,0,0,4,33.721865,?,?,?,?,?,?,?,3,3,2,?,0,1,0,1,1,0,0,0,2.823703,?,?,0,?,0,0,0,0,0,0,1,31,?,1,1,1,2,99,8,1,2,14
2967,9,0,1,0,0,0,0,23,0,1,0,0,0,0,4,33.721865,?,?,?,?,?,?,?,3,19,2,0,0,1,0,0,1,0,0,1,2.823703,?,?,0,?,0,0,0,0,0,0,1,31,?,1,1,1,2,4,3,1,2,13
2969,9,0,0,1,0,0,0,20,0,0,1,0,0,0,4,33.721865,?,?,?,?,?,?,?,3,0,2,1,0,2,0,1,1,0,0,1,2.823703,?,?,0,?,0,0,0,0,0,0,2,31,?,1,1,1,2,99,10,1,2,12
2976,3,0,0,0,0,1,0,36,0,0,0,0,1,0,4,33.721865,?,?,?,?,?,?,?,3,0,1,10,0,3,0,0,0,0,0,0,2.823703,?,?,0,?,0,0,0,0,0,0,1,31,?,1,1,1,2,99,4,1,2,12
2977,10,0,0,1,0,0,1,19,0,0,1,0,0,0,4,33.721865,?,?,?,?,?,?,?,3,0,2,0,0,1,0,0,1,0,0,0,2.823703,?,?,0,?,0,0,0,0,0,0,1,31,?,1,1,1,2,4,8,1,2,14
2984,5,0,1,0,0,0,0,32,?,1,0,?,?,0,?,33.721865,?,?,?,?,?,?,?,3,0,?,?,0,1,0,0,0,0,0,0,2.823703,?,?,0,?,0,0,0,0,0,0,1,31,?,1,1,1,99,99,3,1,2,6
2998,7,0,1,0,0,0,0,20,0,1,0,0,0,0,4,33.721865,?,?,?,?,?,?,?,3,2,2,9,0,2,0,0,0,0,1,0,2.823703,?,?,0,?,0,0,0,0,0,0,1,33,?,1,1,1,2,4,7,1,2,11
3004,10,0,1,1,0,0,0,32,0,0,1,0,0,0,4,33.721865,?,?,?,?,?,?,?,3,0,2,0,0,1,0,0,0,0,0,0,2.823703,?,?,0,?,0,0,0,0,0,0,2,31,?,1,1,1,99,99,3,1,2,5
3018,9,1,0,0,0,0,0,33,1,0,0,0,0,0,4,33.721865,?,?,?,?,?,?,?,3,0,1,0,0,3,1,0,0,0,0,0,2.823703,?,?,0,?,0,0,0,0,0,0,2,31,?,1,1,99,2,99,7,1,2,12
3026,5,0,1,0,0,0,0,17,0,1,0,0,0,0,4,33.721865,?,?,?,?,?,?,?,3,0,2,0,0,1,0,0,0,0,0,0,2.823703,?,?,0,?,0,0,0,0,0,0,2,31,?,1,1,1,99,99,2,1,2,7
3029,9,0,1,1,0,0,0,30,0,1,1,0,0,0,4,33.721865,?,?,?,?,?,?,?,3,0,2,?,0,3,0,0,0,0,0,0,2.823703,?,?,0,?,0,0,0,0,0,0,2,31,?,1,1,1,2,99,4,1,2,7
3038,4,0,0,0,0,1,0,29,0,0,0,0,1,0,2,33.721865,?,?,?,?,?,?,?,5,1,2,11,8,?,0,0,1,0,0,0,2.823703,?,?,0,?,0,0,0,0,0,0,1,31,?,1,1,1,2,4,4,1,2,14
3046,3,0,1,0,0,0,0,40,0,1,0,0,0,0,1,33.721865,?,?,?,?,?,?,?,3,0,2,11,16,3,0,0,0,0,0,0,2.823703,?,?,0,?,0,0,0,0,0,0,2,31,?,1,1,1,2,99,4,1,2,5
3062,7,0,0,0,0,0,1,25,0,0,0,0,0,1,4,33.721865,?,?,?,?,?,?,?,3,20,?,1,0,2,0,0,0,0,0,1,2.823703,?,?,0,?,0,0,0,0,0,0,2,31,?,1,1,1,2,4,7,1,2,14
3065,3,0,0,1,0,1,0,19,0,0,0,0,1,0,1,33.721865,?,?,?,?,?,?,?,4,0,2,3,40,3,0,0,0,0,0,0,2.823703,?,?,0,?,0,0,0,0,0,0,1,31,?,1,1,1,2,4,4,1,2,13
3074,10,0,0,1,0,0,0,18,0,0,1,0,0,0,4,33.721865,?,?,?,?,?,?,?,2,0,2,0,0,1,0,0,1,0,0,0,2.823703,?,?,0,?,0,0,0,0,0,0,2,31,?,0,1,1,99,99,5,1,2,7
3081,10,0,1,1,0,0,0,27,0,0,1,0,0,0,4,33.721865,?,?,?,?,?,?,?,2,0,2,0,0,1,0,0,0,0,0,0,2.823703,?,?,0,?,0,0,0,0,0,0,1,31,?,1,1,1,99,99,3,1,2,5
3084,6,0,1,0,0,0,0,38,0,1,0,0,0,0,1,33.721865,?,?,?,?,?,?,?,3,4,1,10,40,2,0,0,0,0,0,0,2.823703,?,?,0,?,0,0,0,0,0,0,2,31,?,1,1,1,2,4,2,1,2,10
3095,9,0,1,0,0,0,0,20,0,1,0,0,0,0,4,33.721865,?,?,?,?,?,?,?,3,0,2,?,0,2,0,0,0,0,0,0,2.823703,?,?,0,?,0,0,0,0,0,0,1,31,?,1,1,1,2,99,3,1,2,10
3100,9,0,0,1,0,0,0,21,0,0,1,0,0,0,4,33.721865,?,?,?,?,?,?,?,3,21,2,1,0,1,0,0,1,0,0,0,2.823703,?,?,0,?,0,0,0,0,0,0,1,31,?,1,1,1,99,99,4,1,2,13
3110,8,0,0,0,0,1,0,42,?,0,0,0,?,0,?,33.721865,?,?,?,?,?,?,?,3,15,1,2,0,?,0,0,0,0,0,0,2.823703,?,?,0,?,0,0,0,0,0,0,2,31,?,1,1,1,2,4,3,1,2,8
3117,10,0,1,0,0,0,0,20,0,1,0,0,0,0,2,33.721865,?,?,?,?,?,?,?,3,0,2,0,0,3,0,0,0,0,0,0,2.823703,?,?,0,?,0,0,0,0,0,0,2,31,?,0,1,99,2,99,3,1,2,5
3122,9,0,1,0,0,0,0,27,0,1,0,0,0,0,4,33.721865,?,?,?,?,?,?,?,3,0,2,0,0,1,0,0,1,0,0,0,2.823703,?,?,0,?,0,0,0,0,0,0,2,31,?,1,1,1,99,99,7,1,2,11
3124,8,0,0,0,0,0,0,29,?,?,?,0,0,?,?,33.721865,?,?,?,?,?,?,?,3,2.788198,2,?,0,3,0,0,0,0,0,0,2.823703,?,?,0,?,0,0,0,0,0,0,1,31,?,1,11,1,99,99,5,1,2,7
3126,4,0,1,0,0,0,0,35,0,1,0,0,0,0,1,33.721865,?,?,?,?,?,?,?,5,1,1,9,30,2,0,0,0,0,0,0,2.823703,?,?,0,?,0,0,0,0,0,0,2,31,?,1,1,1,2,4,5,1,2,13
3128,10,0,1,1,0,0,1,25,0,1,0,0,0,1,1,33.721865,?,?,?,?,?,?,?,3,0,2,7,40,1,1,0,1,0,0,0,2.823703,?,?,0,?,0,0,0,0,0,0,1,31,?,1,1,1,2,4,3,1,2,10
3151,10,0,0,1,0,0,0,30,0,0,1,0,0,0,4,33.721865,?,?,?,?,?,?,?,3,0,?,0,0,1,0,0,0,0,0,0,2.823703,?,?,0,?,0,0,0,0,0,0,1,31,?,1,1,1,99,99,7,1,2,7
3166,10,0,1,0,0,0,0,24,0,1,0,0,0,0,3,33.721865,?,?,?,?,?,?,?,3,0,2,1,0,1,0,0,0,0,0,0,2.823703,?,?,0,?,0,0,0,0,0,0,2,31,?,1,1,1,2,4,5,1,2,7
3171,7,0,0,1,0,0,0,27,0,0,1,0,0,0,4,33.721865,?,?,?,?,?,?,?,3,1,2,?,0,1,0,0,0,0,0,0,2.823703,?,?,0,?,0,0,0,0,0,0,1,31,?,1,1,1,99,99,4,1,2,8
3173,10,0,0,0,0,0,1,30,0,0,0,0,0,1,4,33.721865,?,?,?,?,?,?,?,3,3,2,1,0,2,0,0,0,0,0,0,2.823703,?,?,0,?,0,0,0,0,0,0,1,31,?,1,1,99,2,4,5,1,2,5
3179,9,0,1,0,0,0,1,25,0,1,1,0,0,0,4,33.721865,?,?,?,?,?,?,?,3,19,2,9,0,3,0,0,1,1,0,1,2.823703,?,?,0,?,0,0,0,0,0,0,1,31,?,1,1,1,2,4,5,1,2,10
3181,7,1,0,0,0,0,0,36,1,0,0,0,0,0,4,33.721865,?,?,?,?,?,?,?,3,1,2,13,0,3,0,0,0,0,0,0,2.823703,?,?,0,?,0,0,0,0,0,0,1,31,?,1,1,1,2,99,4,2,2,2
3191,2,0,1,0,0,0,0,34,?,1,?,?,?,?,?,33.721865,?,?,?,?,?,?,?,3,2.788198,1,?,0,?,0,0,0,0,0,0,2.823703,?,?,0,?,0,0,0,0,0,0,2,31,?,1,1,1,2,4,2,1,2,3
3193,10,0,1,0,0,0,0,20,0,1,0,0,0,0,4,33.721865,?,?,?,?,?,?,?,2,0,2,1,0,1,0,0,0,0,0,0,2.823703,?,?,0,?,0,0,0,0,0,0,2,31,?,1,1,1,2,4,3,1,2,8
3195,8,0,1,0,0,0,1,23,0,1,0,0,0,0,4,33.721865,?,?,?,?,?,?,?,5,0,2,3,0,3,0,0,1,0,0,0,2.823703,?,?,0,?,0,0,0,0,0,0,1,31,?,1,1,1,2,99,8,1,2,13
3200,6,0,1,0,0,0,0,21,0,?,?,?,0,?,4,33.721865,?,?,?,?,?,?,?,4,5,2,?,0,1,0,0,1,0,0,0,2.823703,?,?,0,?,0,0,0,0,0,0,1,31,?,1,1,1,2,99,5,1,2,12
3216,9,0,0,1,0,0,1,31,0,0,1,0,0,0,3,33.721865,?,?,?,?,?,?,?,3,0,2,0,20,1,0,0,0,0,0,0,2.823703,?,?,0,?,0,0,0,0,0,0,1,31,?,1,1,1,2,4,6,1,2,5
3219,4,0,1,0,0,0,0,34,0,1,?,?,0,?,4,33.721865,?,?,?,?,?,?,?,3,2,?,2,0,1,0,0,0,0,0,0,2.823703,?,?,0,?,0,0,0,0,0,0,1,31,?,1,1,1,2,4,3,1,2,6
3222,6,0,1,1,0,0,0,21,0,1,1,0,0,0,3,33.721865,?,?,?,?,?,?,?,3,2,2,8,0,3,0,0,1,0,0,0,2.823703,?,?,0,?,0,0,0,0,0,0,1,31,?,1,1,1,99,99,5,1,2,11
3238,1,0,1,0,0,0,0,39,0,1,0,0,0,0,4,33.721865,?,?,?,?,?,?,?,3,1,1,4,0,3,0,0,0,0,0,0,2.823703,?,?,0,?,0,0,0,0,0,0,2,31,?,1,1,1,2,4,3,1,2,2
3240,8,0,1,0,0,0,1,25,0,1,0,0,0,1,4,33.721865,?,?,?,?,?,?,?,4,2,2,0,0,1,0,0,0,0,0,0,2.823703,?,?,0,?,0,0,0,0,0,0,1,31,?,1,1,1,2,99,4,1,2,10
3242,10,0,1,0,0,0,0,23,0,1,0,0,0,0,4,33.721865,?,?,?,?,?,?,?,3,0,2,1,0,1,0,0,0,0,0,0,2.823703,?,?,0,?,0,0,0,0,0,0,1,31,?,1,1,1,99,99,3,1,2,6
3256,9,0,1,1,0,0,0,26,0,1,1,0,0,0,4,33.721865,?,?,?,?,?,?,?,3,0,2,1,0,1,0,0,0,0,0,0,2.823703,?,?,0,?,0,0,0,0,0,0,2,31,?,1,1,1,2,4,3,1,2,6
3264,6,0,0,0,0,0,0,31,?,?,?,?,?,?,4,33.721865,?,?,?,?,?,?,?,3,2.788198,?,1,0,?,0,0,1,0,0,0,2.823703,?,?,0,?,0,0,0,0,0,0,1,31,?,1,1,99,2,99,3,1,2,11
3281,6,0,1,0,0,0,0,37,0,?,1,0,0,0,?,33.721865,?,?,?,?,?,?,?,2,2.788198,?,?,0,1,0,0,0,0,0,0,2.823703,?,?,0,?,0,0,0,0,0,0,1,31,?,1,1,1,99,99,3,1,2,7
3325,5,0,1,1,0,0,0,20,0,1,0,0,0,0,4,33.721865,?,?,?,?,?,?,?,3,1,2,7,0,1,0,0,0,0,0,0,2.823703,?,?,0,?,0,0,0,0,0,0,1,31,?,1,1,1,99,99,4,1,2,10
3371,3,0,0,1,0,0,0,15,0,0,1,0,0,0,2,33.721865,?,?,?,?,?,?,?,3,4,2,2,20,1,0,0,0,0,0,0,2.823703,?,?,0,?,0,0,0,0,0,0,2,31,?,1,1,1,2,4,6,1,2,12
3387,10,0,0,1,0,0,0,26,0,0,1,0,0,0,4,33.721865,?,?,?,?,?,?,?,2,0,2,2,0,1,0,0,1,0,0,0,2.823703,?,?,0,?,0,0,0,0,0,0,1,31,?,1,1,1,99,99,7,1,2,7
3407,8,0,1,1,0,0,0,32,0,1,1,0,0,0,4,33.721865,?,?,?,?,?,?,?,3,2,2,1,0,1,0,0,0,0,0,0,2.823703,?,?,0,?,0,0,0,0,0,0,2,31,?,1,1,1,99,99,3,1,2,8
3413,10,0,0,1,0,0,1,24,0,0,0,0,0,0,4,33.721865,?,?,?,?,?,?,?,3,4,2,0,8.619314,1,1,0,1,1,1,0,2.823703,?,?,0,?,0,0,0,0,0,0,1,31,?,1,1,1,99,99,10,1,2,13
3415,7,1,0,0,0,0,0,29,1,0,0,0,0,0,4,33.721865,?,?,?,?,?,?,?,2,0,2,4,0,3,0,0,0,0,0,0,2.823703,?,?,0,?,0,0,0,0,0,0,1,31,?,1,1,99,2,99,3,1,2,1
3435,8,0,0,1,0,0,0,20,0,0,1,0,0,0,1,33.721865,?,?,?,?,?,?,?,2,1,?,1,0,1,0,0,0,0,0,0,2.823703,?,?,0,?,0,0,0,0,0,0,2,31,?,1,11,1,99,99,3,1,2,3
3448,7,0,0,0,0,0,1,29,0,0,0,0,0,1,1,33.721865,?,?,?,?,?,?,?,2,6,2,2,30,3,0,0,0,0,0,1,2.823703,?,?,0,?,0,0,0,0,0,0,1,31,?,1,1,1,2,99,5,1,2,13
3449,10,0,0,1,0,0,0,17,0,0,1,0,0,0,4,33.721865,?,?,?,?,?,?,?,3,2,2,7,0,1,1,1,1,0,0,0,2.823703,?,?,0,?,0,0,0,0,0,0,2,31,?,1,1,1,99,99,5,1,2,8
3454,8,0,0,1,0,0,0,25,0,0,1,0,0,0,4,33.721865,?,?,?,?,?,?,?,4,0,2,0,0,1,0,0,0,0,0,0,2.823703,?,?,0,?,0,0,0,0,0,0,1,31,?,1,1,99,99,99,5,1,2,4
3472,7,0,1,1,0,0,0,24,0,1,0,0,0,0,4,33.721865,?,?,?,?,?,?,?,3,0,2,1,0,2,0,1,1,1,0,0,2.823703,?,?,0,?,0,0,0,0,0,0,2,31,?,1,1,1,2,4,4,1,2,11
3493,4,0,0,0,0,0,1,25,0,0,0,0,0,1,4,33.721865,?,?,?,?,?,?,?,5,22,2,1,0,3,0,0,1,0,0,0,2.823703,?,?,0,?,0,0,0,0,0,0,1,31,?,1,1,1,2,99,8,1,2,14
3506,6,0,1,0,0,0,0,17,0,1,0,0,0,0,4,33.721865,?,?,?,?,?,?,?,3,2.788198,2,1,0,1,0,0,0,0,0,0,2.823703,?,?,0,?,0,0,0,0,0,0,2,31,?,0,1,1,2,99,2,1,2,5
3516,1,0,1,0,0,0,0,53,0,1,0,0,0,0,2,33.721865,?,?,?,?,?,?,?,2,8,1,11,24,3,0,0,0,0,0,1,2.823703,?,?,0,?,0,0,0,0,0,0,1,31,?,1,1,1,2,99,5,1,2,13
3523,8,1,0,0,0,0,0,31,1,0,0,0,0,0,4,33.721865,?,?,?,?,?,?,?,3,4,2,4,0,3,0,0,0,0,0,0,2.823703,?,?,0,?,0,0,0,0,0,0,1,31,?,1,1,99,2,99,2,1,2,5
3524,6,0,1,0,0,0,0,42,0,1,0,0,0,0,4,33.721865,?,?,?,?,?,?,?,3,2,1,12,0,3,0,0,0,0,0,0,2.823703,?,?,0,?,0,0,0,0,0,0,2,31,?,1,1,1,2,4,2,1,2,13
3525,7,0,0,1,0,0,0,23,0,0,1,0,0,0,4,33.721865,?,?,?,?,?,?,?,3,0,2,6,0,1,1,0,1,0,0,0,2.823703,?,?,0,?,0,0,0,0,0,0,1,31,?,1,1,1,2,99,6,1,2,13
3541,7,0,1,1,0,0,0,40,0,1,1,0,0,0,1,33.721865,?,?,?,?,?,?,?,3,4,1,11,34,2,0,0,0,0,0,0,2.823703,?,?,0,?,0,0,0,0,0,0,2,31,?,1,1,1,2,4,4,1,2,11
3542,6,0,0,1,0,0,0,18,0,0,1,0,0,0,4,33.721865,?,?,?,?,?,?,?,3,11,2,0,0,1,1,1,1,0,0,0,2.823703,?,?,0,?,0,0,0,0,0,0,2,31,?,1,1,1,2,4,6,1,2,14
3553,7,0,1,1,0,0,0,28,0,1,1,0,0,0,4,33.721865,?,?,?,?,?,?,?,2,1,2,0,0,1,0,0,0,0,0,0,2.823703,?,?,0,?,0,0,0,0,0,0,1,31,?,1,1,1,99,99,3,1,2,5
3564,9,0,1,0,0,0,0,21,0,1,0,0,0,0,4,33.721865,?,?,?,?,?,?,?,3,3,2,0,0,1,0,0,0,0,0,0,2.823703,?,?,0,?,0,0,0,0,0,0,2,31,?,1,1,1,99,99,5,1,2,8
3569,9,0,0,1,0,0,0,23,0,0,1,0,0,0,3,33.721865,?,?,?,?,?,?,?,2,6,2,2,0,1,0,1,1,0,0,0,2.823703,?,?,0,?,0,0,0,0,0,0,2,31,?,1,1,1,2,99,5,1,2,11
3580,6,0,1,0,0,0,0,24,0,1,0,0,0,0,4,33.721865,?,?,?,?,?,?,?,3,1,2,2,0,2,0,0,0,0,0,0,2.823703,?,?,0,?,0,0,0,0,0,0,1,31,?,1,1,1,2,99,3,1,2,5
3589,6,0,1,0,0,0,0,18,0,1,0,0,0,0,4,33.721865,?,?,?,?,?,?,?,2,0,2,0,0,?,0,0,0,0,0,0,2.823703,?,?,0,?,0,0,0,0,0,0,1,31,?,1,1,99,99,99,2,1,2,3
3591,7,0,1,0,0,0,0,20,0,1,0,0,0,0,4,33.721865,?,?,?,?,?,?,?,3,22,2,0,0,3,0,0,1,1,0,0,2.823703,?,?,0,?,0,0,0,0,0,0,2,31,?,1,1,1,2,99,3,1,2,4
3605,1,0,1,0,0,0,0,25,?,1,?,?,0,?,?,33.721865,?,?,?,?,?,?,?,3,2.788198,?,11,0,?,0,0,0,0,0,0,2.823703,?,?,0,?,0,0,0,0,0,0,1,31,?,1,1,1,2,99,3,1,2,8
3617,8,0,1,0,0,1,0,23,0,1,0,0,0,0,4,33.721865,?,?,?,?,?,?,?,4,2,2,1,0,2,1,1,1,0,0,0,2.823703,?,?,0,?,0,0,0,0,0,0,1,31,?,1,1,1,2,4,6,1,2,13
3620,8,0,0,1,0,0,0,30,0,0,1,0,0,0,4,33.721865,?,?,?,?,?,?,?,3,27,2,3,0,2,1,0,1,0,0,0,2.823703,?,?,0,?,0,0,0,0,0,0,1,31,?,1,1,1,2,99,4,1,2,12
3632,6,0,1,1,0,0,1,24,0,1,1,0,0,0,4,33.721865,?,?,?,?,?,?,?,3,0,2,2,0,2,0,0,0,0,0,0,2.823703,?,?,0,?,0,0,0,0,0,0,1,31,?,1,1,1,99,99,4,1,2,9
3638,10,0,1,1,0,0,0,35,0,1,0,0,0,0,4,33.721865,?,?,?,?,?,?,?,1,0,?,?,0,?,0,0,0,0,0,0,2.823703,?,?,0,?,0,0,0,0,0,0,2,31,?,1,1,1,99,99,4,1,2,11
3640,4,0,1,0,0,0,1,20,0,1,0,0,0,0,4,33.721865,?,?,?,?,?,?,?,5,15,2,7,0,1,0,1,0,0,0,0,2.823703,?,?,0,?,0,0,0,0,0,0,2,31,?,1,1,1,2,4,4,1,2,14
3659,10,0,0,1,0,0,0,30,0,0,1,0,0,0,4,33.721865,?,?,?,?,?,?,?,3,17,2,3,0,2,0,0,0,0,0,1,2.823703,?,?,0,?,0,0,0,0,0,0,1,31,?,1,1,99,2,99,3,1,2,14
3695,4,0,0,0,0,1,0,33,0,1,0,0,1,0,4,33.721865,?,?,?,?,?,?,?,3,5,1,3,0,2,0,0,0,0,0,0,2.823703,?,?,0,?,0,0,0,0,0,0,1,31,?,1,1,1,2,4,3,1,2,10
3709,5,1,1,0,0,0,0,35,1,0,0,0,0,0,4,33.721865,?,?,?,?,?,?,?,3,2,2,4,0,3,0,0,0,0,0,0,2.823703,?,?,0,?,0,0,0,0,0,0,2,31,?,1,1,1,2,4,4,1,2,9
3718,3,1,0,0,0,0,0,30,1,0,0,0,0,0,4,33.721865,?,?,?,?,?,?,?,3,1,2,7,0,3,0,0,0,0,0,0,2.823703,?,?,0,?,0,0,0,0,0,0,2,31,?,1,1,99,2,4,3,1,2,6
3721,8,0,0,0,0,1,0,31,0,0,0,0,1,0,4,33.721865,?,?,?,?,?,?,?,3,3,2,?,0,2,0,0,0,0,0,0,2.823703,?,?,0,?,0,0,0,0,0,0,2,31,?,1,1,1,2,99,3,1,2,5
3723,8,0,1,1,0,0,1,25,0,0,1,0,0,0,1,33.721865,?,?,?,?,?,?,?,3,2,2,3,40,1,0,0,0,0,0,0,2.823703,?,?,0,?,0,0,0,0,0,0,1,31,?,1,1,1,99,99,3,1,2,11
3737,6,0,1,1,0,0,0,19,0,1,1,0,0,0,4,33.721865,?,?,?,?,?,?,?,3,5,2,?,0,2,0,0,1,0,0,0,2.823703,?,?,0,?,0,0,0,0,0,0,2,31,?,1,1,1,2,4,5,1,2,14
3740,8,0,1,0,0,0,0,19,0,1,0,0,0,0,2,33.721865,?,?,?,?,?,?,?,4,7,2,9,8,2,0,0,0,0,0,0,2.823703,?,?,0,?,0,0,0,0,0,0,1,31,?,1,1,1,2,4,3,1,2,7
3741,10,0,0,0,0,0,1,29,0,0,0,0,0,1,1,33.721865,?,?,?,?,?,?,?,3,2.788198,2,3,38,3,0,0,0,0,0,1,2.823703,?,?,0,?,0,0,0,0,0,0,1,31,?,1,1,99,2,99,5,1,2,13
3745,10,0,0,0,0,0,1,26,0,0,0,0,0,1,4,33.721865,?,?,?,?,?,?,?,3,25,2,7,0,?,0,0,1,0,0,1,2.823703,?,?,0,?,0,0,0,0,0,0,1,31,?,1,1,1,2,99,4,1,2,14
3756,8,0,0,1,0,0,0,38,0,0,1,0,0,0,2,33.721865,?,?,?,?,?,?,?,3,4,1,0,0,1,0,0,0,0,0,0,2.823703,?,?,0,?,0,0,0,0,0,0,2,31,?,1,1,1,2,4,7,1,2,10
3769,7,0,1,0,0,0,0,33,0,1,0,0,0,0,4,33.721865,?,?,?,?,?,?,?,3.247138,0,2,?,0,1,0,0,0,0,0,0,2.823703,?,?,0,?,0,0,0,0,0,0,1,31,?,?,1,99,99,99,2,1,2,5
3773,6,0,1,0,0,0,0,31,0,1,0,0,0,0,4,33.721865,?,?,?,?,?,?,?,4,0,2,11,0,3,0,0,0,0,0,1,2.823703,?,?,0,?,0,0,0,0,0,0,2,31,?,1,1,1,2,99,6,2,2,14
3774,9,0,0,1,0,0,0,22,0,0,1,0,0,0,2,33.721865,?,?,?,?,?,?,?,2,0,2,8,0,1,0,0,0,0,0,0,2.823703,?,?,0,?,0,0,0,0,0,0,2,31,?,?,1,1,2,99,3,1,2,6
3789,9,0,0,1,0,0,0,36,0,0,1,0,0,0,4,33.721865,?,?,?,?,?,?,?,3,3,2,0,0,1,0,0,0,0,0,0,2.823703,?,?,0,?,0,0,0,0,0,0,2,31,?,1,1,99,99,99,5,1,2,4
3791,6,0,1,0,0,0,0,19,0,1,0,0,0,0,1,33.721865,?,?,?,?,?,?,?,5,10,2,9,8.619314,2,0,0,1,0,0,0,2.823703,?,?,0,?,0,0,0,0,0,0,1,31,?,1,1,1,2,4,7,1,2,13
3794,9,0,0,1,0,0,0,22,0,0,1,0,0,0,4,33.721865,?,?,?,?,?,?,?,4,4,2,0,0,1,0,1,1,0,0,0,2.823703,?,?,0,?,0,0,0,0,0,0,1,31,?,1,1,1,2,4,5,1,2,13
3797,10,0,0,1,0,0,0,32,?,0,?,0,0,0,4,33.721865,?,?,?,?,?,?,?,3,0,?,?,0,3,0,0,0,0,0,0,2.823703,?,?,0,?,0,0,0,0,0,0,2,31,?,1,1,1,99,99,5,1,2,12
3800,10,0,1,1,0,0,1,25,0,1,1,0,0,0,4,33.721865,?,?,?,?,?,?,?,1,2,2,9,0,1,0,0,0,0,0,0,2.823703,?,?,0,?,0,0,0,0,0,0,2,31,?,1,1,99,99,99,4,1,2,7
3801,8,0,1,1,0,0,0,23,0,1,1,0,0,0,2,33.721865,?,?,?,?,?,?,?,2,2,2,?,15,2,0,0,0,0,0,0,2.823703,?,?,0,?,0,0,0,0,0,0,1,31,?,1,1,1,2,4,3,1,2,5
3809,10,0,0,0,0,0,1,49,0,0,0,0,0,1,1,33.721865,?,?,?,?,?,?,?,4,6,2,0,8.619314,3,0,0,0,0,0,0,2.823703,?,?,0,?,0,0,0,0,0,0,1,33,?,?,1,1,2,99,6,1,2,13
3823,6,0,1,0,0,0,1,38,0,1,0,0,0,0,1,33.721865,?,?,?,?,?,?,?,3,4,1,11,40,3,0,0,0,0,0,0,2.823703,?,?,0,?,0,0,0,0,0,0,2,31,?,1,1,1,2,4,2,1,2,14
3829,5,0,0,1,0,0,1,33,0,?,?,0,0,1,4,33.721865,?,?,?,?,?,?,?,3,2.788198,?,10,0,1,0,0,0,0,0,0,2.823703,?,?,0,?,0,0,0,0,0,0,2,31,?,1,1,99,2,4,4,1,2,5
3839,4,0,0,0,0,0,0,21,?,?,?,?,0,0,4,33.721865,?,?,?,?,?,?,?,5,0,?,0,0,1,0,0,1,0,0,0,2.823703,?,?,0,?,0,0,0,0,0,0,2,31,?,1,1,1,2,99,11,2,2,12
3844,10,0,1,0,0,0,1,26,0,1,0,0,0,1,4,33.721865,?,?,?,?,?,?,?,3,2,2,7,0,1,0,1,1,0,0,0,2.823703,?,?,0,?,0,0,0,0,0,0,1,31,?,1,1,1,2,99,5,1,2,11
3851,6,0,1,0,0,0,0,28,0,1,0,0,0,0,4,33.721865,?,?,?,?,?,?,?,3,0,2,1,0,1,0,0,0,0,0,0,2.823703,?,?,0,?,0,0,0,0,0,0,1,31,?,1,1,1,2,99,3,1,2,6
3854,7,0,0,0,0,1,0,18,0,0,0,0,1,0,4,33.721865,?,?,?,?,?,?,?,5,0,2,?,0,3,0,0,0,0,0,1,2.823703,?,?,0,?,0,0,0,0,0,0,1,33,?,1,1,1,2,4,5,1,2,14
3862,10,0,1,1,0,0,1,16,0,1,1,0,0,0,4,33.721865,?,?,?,?,?,?,?,3.247138,9,2,0,0,1,0,1,1,0,0,0,2.823703,?,?,0,?,0,0,0,0,0,0,1,33,?,?,1,99,2,99,3,1,2,5
3868,10,0,1,0,0,0,0,38,0,1,0,0,0,0,4,33.721865,?,?,?,?,?,?,?,5,3,1,8,0,1,0,0,0,0,0,0,2.823703,?,?,0,?,0,0,0,0,0,0,2,31,?,1,1,1,2,4,4,1,2,10
3875,3,0,0,1,0,0,0,27,0,1,0,0,0,0,3,33.721865,?,?,?,?,?,?,?,1,3,2,8,14,1,0,0,0,0,0,0,2.823703,?,?,0,?,0,0,0,0,0,0,1,31,?,1,1,1,2,99,3,1,2,7
3887,8,0,0,1,0,0,0,25,0,0,1,0,0,0,4,33.721865,?,?,?,?,?,?,?,3,1,2,3,0,1,1,0,1,0,0,0,2.823703,?,?,0,?,0,0,0,0,0,0,2,31,?,1,1,1,2,99,13,1,2,14
3892,2,0,1,0,0,0,0,34,0,1,0,0,0,0,4,33.721865,?,?,?,?,?,?,?,4,0,2,14,0,3,0,1,1,0,0,0,2.823703,?,?,0,?,0,0,0,0,0,0,1,31,?,1,1,1,2,4,4,1,2,11
3900,5,0,1,0,0,0,0,31,0,1,0,0,0,0,4,33.721865,?,?,?,?,?,?,?,3,0,2,4,0,1,0,1,1,0,0,0,2.823703,?,?,0,?,0,0,0,0,0,0,1,31,?,1,1,1,2,99,5,1,2,13
3903,4,0,1,0,0,0,0,49,0,1,0,0,0,0,1,33.721865,?,?,?,?,?,?,?,5,1,1,10,40,1,0,0,0,0,0,0,2.823703,?,?,0,?,0,0,0,0,0,0,1,31,?,1,1,1,2,99,2,1,2,10
3920,6,0,0,1,0,0,0,29,0,0,1,0,0,0,4,33.721865,?,?,?,?,?,?,?,3,29,2,0,0,1,0,0,1,0,0,1,2.823703,?,?,0,?,0,0,0,0,0,0,2,31,?,1,1,1,2,4,5,1,2,13
3924,3,0,0,1,0,0,0,30,0,0,1,0,0,0,2,33.721865,?,?,?,?,?,?,?,3,2,2,0,10,3,0,0,0,0,0,0,2.823703,?,?,0,?,0,0,0,0,0,0,2,31,?,1,1,1,99,99,3,1,2,4
3940,5,0,1,0,0,0,0,34,0,1,0,0,0,0,4,33.721865,?,?,?,?,?,?,?,4,4,1,9,0,3,0,0,0,0,0,0,2.823703,?,?,0,?,0,0,0,0,0,0,1,31,?,1,1,1,2,4,4,1,2,5
3941,8,0,1,1,0,0,0,22,0,1,0,0,0,0,4,33.721865,?,?,?,?,?,?,?,3,0,2,0,0,3,0,0,0,0,0,0,2.823703,?,?,0,?,0,0,0,0,0,0,1,31,?,1,1,1,99,99,3,1,2,7
3950,8,0,1,1,0,0,0,18,0,1,1,0,0,0,4,33.721865,?,?,?,?,?,?,?,2,0,2,?,0,2,0,0,0,0,0,0,2.823703,?,?,0,?,0,0,0,0,0,0,2,31,?,1,1,1,99,99,2,1,2,4