random_ID,singparstat,'predicted total_income_hhld_code'
4547,1,12
7446,1,14
6336,1,14
8316,1,13
5559,1,10
9063,2,6
6651,1,12
6911,1,12
7979,2,13
8223,1,14
9323,2,14
5084,1,12
7783,1,14
7902,1,14
6915,2,6
7293,1,13
4525,1,14
6450,1,14
9110,1,14
8367,1,14
4536,1,12
6681,1,12
5704,1,12
8990,1,14
6633,1,14
9068,1,11
6310,1,12
5580,1,14
9715,1,14
7149,1,14
7690,1,13
5849,1,11
7935,1,12
7214,2,14
4548,2,7
9239,1,14
6635,1,13
9454,1,12
5549,1,14
6556,2,6
7384,1,14
9580,1,14
6640,1,12
7861,1,13
4980,2,12
7355,1,12
5563,3,12
6832,1,10
4112,1,12
8642,1,13
8436,1,12
7161,2,5
7060,1,14
8913,1,14
7081,2,7
6707,1,13
8590,2,7
9860,1,14
8989,1,14
6112,1,10
8420,1,12
6381,1,12
8475,1,12
8588,1,12
5598,2,13
8589,1,14
9839,1,14
4066,1,13
4474,1,14
5413,1,14
8656,1,14
6311,1,13
8694,1,12
8374,1,12
5100,3,13
9272,1,13
7033,1,12
4973,1,13
4222,1,13
6316,1,13
4679,1,13
6339,1,14
5865,1,14
7386,1,14
9856,1,13
9062,1,12
9701,1,14
6546,1,14
4207,1,13
5646,1,14
8075,1,13
9425,1,14
3976,1,12
8699,2,7
6654,2,6
5236,1,12
4367,1,14
5266,1,14
8260,1,14
7311,1,13
4787,1,12
9760,1,14
6329,1,13
7318,1,14
4119,1,13
7241,3,12
7755,1,14
8779,1,14
8941,1,13
5038,1,13
8872,1,14
4842,1,12
6983,1,12
9974,1,13
7508,1,13
5303,1,12
4415,2,5
5807,1,14
4417,1,14
8132,1,13
7706,1,13
8702,1,13
4537,1,13
9700,1,13
6290,1,12
6342,1,12
4591,1,13
7544,1,14
9993,1,13
4856,1,14
6817,2,7
5668,2,12
7156,1,14
4637,1,13
5960,1,14
6320,1,12
5366,1,14
9763,1,14
4759,2,14
8418,1,13
8629,1,12
4738,1,11
5315,1,13
4007,1,12
6671,2,14
4244,1,13
4060,1,13
4993,1,12
9850,1,14
8745,1,12
5319,1,12
9165,1,13
4392,1,13
4292,1,12
8504,1,12
8808,1,12
6198,1,10
4868,2,10
7638,1,13
8603,1,13
7323,3,7
4290,2,5
6827,1,12
4249,1,13
8610,1,13
7260,1,12
7051,1,12
7441,1,14
8653,1,12
6620,1,13
8299,1,14
9046,3,12
8235,1,12
7493,1,10
6147,1,13
4442,1,14
9103,1,9
5089,2,7
8056,1,11
6385,1,12
6417,1,13
7895,1,12
6186,1,13
8741,1,12
5537,1,12
9117,1,12
4243,1,12
8836,1,12
7101,1,12
8354,1,13
7964,2,14
6919,2,6
5251,1,12
5014,1,12
9651,1,9
4642,1,14
5290,1,14
8222,1,12
9722,1,14
7377,1,13
6508,1,13
6519,1,12
8578,1,13
9778,1,14
6956,1,13
4095,1,13
8432,1,12
9032,1,12
9219,1,14
9370,1,13
5635,3,14
8465,1,14
5150,2,7
7875,1,12
7815,1,12
5419,1,14
4361,1,12
4012,2,13
9615,2,6
8265,1,12
8758,1,13
6325,2,5
7237,1,14
9926,1,12
6579,1,13
4939,1,14
8671,1,7
7309,2,5
6974,1,14
8664,1,14
4963,1,12
6425,1,13
7056,1,14
3954,1,12
7609,1,14
6605,1,14
7439,2,13
7962,1,12
9486,3,5
7253,1,12
5296,2,7
7999,2,7
7357,1,13
6219,1,14
7271,1,12
9611,1,12
9517,1,12
5854,1,14
9988,1,14
5000,1,14
9881,1,12
8284,1,12
6352,1,14
9897,1,14
7624,1,14
5570,1,14
6431,2,5
8087,2,14
4056,1,12
5569,1,13
8972,2,7
6861,1,14
7310,1,12
6173,1,13
7597,2,13
5830,1,12
4052,2,13
9020,2,5
7751,1,13
9220,1,10
8617,1,12
5933,1,14
6626,1,14
7400,2,14
5980,1,13
9463,1,12
4268,2,12
5132,1,13
9004,1,12
5390,1,13
4543,1,14
6897,1,14
4318,1,12
6738,1,14
7502,3,7
5794,1,12
7103,2,14
9597,1,14
5097,1,14
7671,1,14
9091,2,14
6890,1,13
5322,1,7
8213,1,14
5750,1,12
8512,1,10
8963,3,14
7124,1,10
5601,1,12
9764,2,5
4602,1,12
6258,1,13
4195,1,14
4384,2,14
5542,1,13
6190,2,5
7113,1,13
7627,1,12
9034,1,12
6271,1,14
8152,1,14
5986,1,13
8637,2,12
7463,2,7
4618,1,12
7871,1,12
6550,1,12
5863,1,13
9424,2,14
8898,1,14
5160,1,7
5342,1,14
7199,1,12
8155,1,14
4719,1,13
8151,1,14
4743,1,14
7743,1,14
4583,1,12
6548,1,7
8310,1,14
6428,1,14
9703,1,13
4253,1,12
5664,1,13
8228,1,14
9430,1,8
6488,1,13
8327,1,12
9141,1,12
7793,1,12
4577,1,11
5058,1,12
4395,2,7
6035,1,14
6571,1,14
8593,2,7
4189,3,7
4555,1,12
7460,1,13
8002,1,14
6367,1,14
5360,1,9
5040,2,7
8645,1,12
9514,1,14
8306,1,14
7886,2,7
9241,2,14
6916,1,13
5359,1,14
4419,1,14
8514,1,7
5679,1,14
5016,1,14
9126,1,12
9500,1,13
6457,1,13
8055,1,12
4005,1,14
6127,1,13
4125,1,7
4421,1,13
7603,1,14
4301,1,12
9579,2,5
4881,1,14
6542,1,14
9624,1,12
9019,1,7
5217,1,14
8238,1,13
6270,1,13
9740,1,13
7459,1,12
4672,1,12
4036,1,12
9575,1,12
4938,1,13
5043,1,12
9086,1,13
8016,1,7
7227,1,12
8032,1,13
9115,1,13
7942,1,14
6231,1,13
8237,1,14
7589,1,12
4428,1,14
8786,2,12
5694,1,13
6380,1,14
8581,1,12
9641,1,13
4765,2,14
8649,1,14
6610,1,11
7957,1,13
6389,2,7
8174,1,12
8903,1,12
9822,2,14
9953,1,14
9276,1,13
8308,1,12
6841,1,14
4634,1,12
9562,1,12
5481,1,14
7114,1,14
8488,1,13
9538,1,14
4096,1,7
9114,1,14
6366,1,10
7292,2,5
6008,1,14
4473,1,13
8034,2,6
6063,2,6
4229,1,12
6574,2,6
7826,1,12
8562,1,14
5574,1,14
9639,2,10
8778,2,5
8210,1,14
6447,1,14
9422,1,14
4085,1,13
4800,1,10
4816,2,5
5241,1,13
7664,2,14
7466,1,14
6017,1,14
5162,1,13
7668,1,12
8800,1,14
4855,1,12
5708,1,14
5801,1,14
8139,2,7
9568,1,11
5775,2,5
9616,1,11
3990,2,7
4751,1,13
6344,1,14
9811,1,13
5276,1,14
1,1,13
155,1,14
3535,1,13
2313,1,12
3743,1,12
41,1,14
61,1,12
1323,1,13
3410,1,13
2827,1,12
1489,1,14
3952,1,12
2788,1,14
3336,1,12
1074,1,13
1768,1,14
677,1,12
603,1,12
1098,1,12
3467,1,12
3418,1,13
1432,1,12
2136,1,14
2537,1,13
3017,1,13
937,1,13
2028,2,14
667,1,14
1403,1,14
2439,1,12
3510,1,12
2232,1,13
3832,1,12
2599,2,14
39,1,12
1291,1,14
2169,1,12
3010,1,14
1115,1,13
566,1,14
458,1,14
1275,1,13
3919,1,13
409,1,13
2885,1,12
1421,1,13
1931,1,12
349,1,14
2401,1,14
2227,1,13
3442,1,13
3109,1,14
627,1,14
2870,2,14
3766,1,12
984,1,14
2485,1,13
488,1,13
353,1,14
704,1,14
643,1,14
2835,1,14
1192,1,13
1553,1,14
379,1,13
3750,1,14
1683,1,12
1649,1,14
378,1,12
3841,1,13
580,1,14
3815,1,12
2551,1,13
377,1,14
1476,2,13
3713,1,12
3884,1,12
47,1,13
2717,3,12
3024,1,13
2189,1,12
88,1,12
2026,1,12
2713,1,12
642,1,14
2464,1,13
330,1,14
3329,1,13
1494,1,12
2617,1,11
3444,1,12
1063,1,13
3361,1,13
1496,1,13
1326,1,12
186,1,13
55,1,13
1562,1,12
3699,1,12
1395,1,13
7,1,13
3641,1,12
2773,1,12
1671,1,13
1718,2,11
3624,1,13
1506,1,12
2486,1,12
989,1,13
3930,1,12
113,1,13
2726,1,11
2003,1,12
1804,1,12
1942,1,12
3666,1,12
1182,1,14
923,1,13
292,1,12
2190,1,12
686,1,13
1134,1,14
893,1,12
3619,1,13
3620,2,14
19,1,12
550,1,14
560,1,14
3557,1,11
3259,1,12
1918,1,12
1413,1,14
2013,2,11
2171,1,13
781,1,14
1570,1,14
1724,1,14
1208,1,14
3724,1,14
2975,1,13
2019,1,14
3687,1,13
1661,1,14
225,1,14
196,1,14
3395,1,13
1151,1,14
2902,1,14
3491,1,13
1113,2,11
2463,2,13
486,1,14
493,1,12
2898,1,12
561,1,13
1861,1,14
215,1,13
2455,1,14
1120,1,12
2562,1,14
558,1,14
62,1,12
152,1,14
948,1,13
2281,1,12
1383,1,12
1165,1,13
3612,1,14
3339,1,12
1660,1,14
3882,1,14
242,1,14
2201,1,12
3654,1,14
2509,1,14
454,1,12
2678,2,7
2104,1,10
3441,1,14
780,1,12
354,1,14
1366,1,14
2841,1,14
2858,1,14
1739,1,14
1251,1,13
2706,1,12
1435,1,12
1206,1,14
240,1,14
2293,1,14
3212,1,14
4,1,14
3651,1,12
2336,1,14
2904,1,13
1883,1,14
356,1,14
3368,1,14
802,1,14
3281,2,6
1806,1,12
52,1,13
740,1,7
2001,2,5
3478,1,12
2641,2,5
1756,2,7
1758,2,7
2062,1,12
2496,1,7
1266,2,12
890,2,7
2687,2,7
1884,1,13
190,1,12
714,1,12
3786,1,12
691,1,11
131,2,14
3080,1,14
3264,2,5
1617,1,12
368,1,12
2801,1,12
881,1,12
3275,1,13
355,2,7
3298,1,13
3555,1,12
2263,1,6
1899,1,13
333,2,5
2472,1,14
2734,1,7
3658,1,13
3856,1,12
2183,1,12
1505,1,14
3514,1,12
151,1,12
3128,2,12
3934,1,12
332,1,14
1097,1,12
2018,1,12
110,1,12
3944,1,11
748,2,14
1407,1,12
506,2,6
696,2,7
3578,1,10
265,1,10
3598,1,13
3194,1,12
301,1,12
222,2,12
1117,1,12
1558,1,11
1433,1,14
1824,1,12
1723,2,7
2202,1,11
2579,2,10
3389,1,13
3528,1,12
1055,2,7
1812,2,7
1742,2,14
3774,2,7
2780,1,6
2133,1,12
2078,2,5
441,2,7
675,1,12
178,1,12
2567,2,12
2323,1,13
2871,1,13
1575,2,7
784,2,13
1238,1,12
860,1,12
2946,2,6
2257,2,11
3589,2,5
2378,2,12
588,2,7
728,2,5
850,2,5
2669,2,12
2408,2,12
833,2,6
2744,1,12
3553,2,5
3156,1,10
1239,2,14
2450,2,8
3415,2,5
7066,2,12
8905,1,12
9194,1,14
5585,1,14
5207,1,14
4412,1,13
6304,2,14
6091,1,13
4633,1,14
7206,1,14
9227,2,10
4860,1,12
6523,1,13
4595,1,13
8020,1,13
5088,1,12
7569,1,14
9826,1,13
5498,1,12
6300,1,12
9667,1,12
6442,2,5
9289,1,13
8798,1,13
7375,1,13
7599,1,12
6938,2,5
6794,1,12
5436,1,12
8245,1,12
4037,2,5
4904,1,14
4363,2,14
5952,1,14
5957,1,12
7910,1,12
4932,1,13
9203,1,12
5059,1,13
5449,1,14
9346,1,14
6102,2,6
6250,1,11
8777,1,12
4309,1,14
4339,1,14
9613,1,14
8232,1,13
8257,1,14
5275,1,12
8027,2,14
5134,1,12
7825,2,14
9857,1,12
7485,1,12
4381,1,12
7931,1,12
5306,1,14
8652,1,12
4161,1,14
9506,1,13
6895,1,13
8737,1,14
6043,1,14
5020,2,12
7635,1,14
8254,1,14
9917,1,13
8341,1,13
6248,1,12
7727,1,13
5859,1,12
5944,1,14
4065,1,13
8090,1,12
6831,2,5
8750,1,11
5421,2,14
9519,1,12
4949,1,12
5102,1,13
6498,1,13
5770,1,12
6604,1,14
4867,2,4
8958,2,7
6683,1,13
8665,1,12
6873,1,12
4892,1,11
8159,1,10
7982,1,14
5496,2,8
9886,1,12
9177,1,11
6889,1,14
7675,1,12
5478,1,14
7882,1,12
6108,1,12
5183,1,14
9127,1,14
6990,1,12
6795,1,13
5232,1,14
5719,1,12
9570,1,11
7408,1,12
6677,1,12
5023,1,12
5743,1,13
4556,1,12
6166,1,12
4883,1,14
4331,1,13
9266,1,12
9189,1,12
7218,2,9
8105,2,10
4486,1,13
6246,1,14
9263,1,12
5616,1,12
4320,2,13
4826,1,14
8764,1,12
9228,1,12
7045,1,14
9920,1,13
5454,1,12
8301,1,12
6444,1,12
8461,1,13
7307,1,13
7516,1,12
8897,1,13
9608,3,12
8324,1,13
4144,1,12
5332,2,5
9636,1,13
4500,1,7
8840,1,14
4259,1,11
6645,1,13
8164,1,13
7478,2,14
5881,1,13
4691,1,13
4572,1,14
6437,1,12
8877,1,13
5978,2,6
9725,1,12
9563,1,13
7469,1,14
9901,1,12
8197,1,12
4968,1,12
9598,1,14
8194,1,13
9553,1,14
6705,1,12
4397,1,14
6278,1,13
6758,1,14
7231,1,12
7426,1,14
6081,2,13
9561,1,13
4082,1,14
4079,2,7
6874,2,7
5599,1,13
5147,1,14
7561,1,13
8856,1,12
9870,1,14
8433,1,14
9460,1,12
8871,1,13
6038,1,12
9900,2,5
4831,1,12
6908,1,14
8188,1,13
8398,1,12
6590,3,12
7598,1,14
9039,1,14
6955,1,12
7110,1,14
9742,2,14
4329,2,14
7230,1,13
4358,2,7
7262,2,12
7686,1,12
9469,1,10
7702,1,14
4659,1,12
6554,1,7
5987,1,13
4668,1,12
8732,1,12
9978,1,6
5171,1,14
5471,1,13
4564,1,12
9847,1,12
5550,1,14
5081,1,14
7488,1,12
5118,2,4
7212,1,14
8595,1,12
4315,2,14
9155,1,12
9218,1,13
7080,1,13
6134,2,5
8286,1,14
7797,2,14
7385,1,12
8123,1,7
7986,1,14
9679,1,13
9419,2,5
4619,1,14
9095,2,7
4586,2,13
8359,2,6
8137,1,14
8577,1,13
4303,1,12
7578,1,14
4322,2,8
6515,1,12
5675,1,12
5374,1,12
8838,1,12
6706,1,13
4156,1,14
9688,2,9
5511,1,13
4645,2,12
8959,1,14
4446,1,12
9785,1,11
4573,1,14
5434,1,12
4254,1,13
7985,1,12
6934,1,12
3961,1,11
9735,1,14
7656,1,13
4194,1,12
9188,1,12
8680,1,12
4264,1,13
4746,1,13
5051,1,7
8787,1,13
7768,1,12
4707,1,14
7273,1,12
9921,2,14
6233,1,14
7866,1,13
4553,1,12
9680,1,12
4827,1,14
4275,1,12
5085,1,14
7774,1,13
8785,2,8
7663,1,12
8041,1,14
7565,1,14
9485,1,12
9381,1,12
7854,1,12
3964,1,13
7211,1,12
6292,1,14
6333,1,12
7688,2,14
7606,1,12
5650,2,8
8784,1,12
5181,1,14
8945,2,12
7430,1,12
6403,1,14
7374,2,5
9882,2,7
7645,1,12
7853,1,12
4673,1,14
6296,1,14
4666,2,6
4452,1,13
6025,1,12
6764,1,14
4391,1,12
6418,1,13
9748,1,14
4561,1,12
8754,2,7
4687,1,14
5557,1,13
8333,1,14
8357,3,14
4091,1,13
9416,1,13
6739,2,13
6119,1,12
8482,1,12
6230,1,13
7234,1,12
4026,2,12
8805,1,14
8489,1,14
8833,1,14
7009,1,11
5410,1,13
9879,2,14
7767,1,13
8219,1,7
8974,1,13
6814,1,13
8960,1,12
9112,1,13
4002,1,12
5472,1,12
9534,1,12
7210,1,13
5597,1,14
4753,1,14
4957,1,12
6882,1,13
6945,1,11
9979,1,14
9627,1,7
7276,1,13
6458,1,14
7600,1,12
4697,1,10
5004,1,14
5888,1,14
5177,1,14
4286,1,13
9081,1,13
5682,1,14
6846,1,12
5564,2,9
7891,2,13
8044,1,13
6958,1,13
8860,1,12
9223,2,13
8703,1,14
7620,1,12
4935,1,12
9521,1,12
6647,1,12
8362,1,10
5377,1,14
8119,1,13
8363,1,14
7235,1,13
7634,1,14
8022,1,12
8403,1,14
4970,1,12
8338,1,12
7097,2,8
6507,1,13
4097,1,14
6968,1,13
9204,1,13
4964,1,12
9277,2,11
8332,1,13
7932,2,7
8377,1,14
7587,1,13
7282,1,11
4074,1,13
6400,1,14
6157,1,14
8096,2,14
5642,1,12
9536,1,12
6621,2,7
9962,1,7
4982,1,14
4201,1,13
7073,1,13
9035,1,13
5487,1,12
6632,1,12
5459,2,14
6297,2,11
4209,1,12
4277,2,13
9058,1,14
5163,1,14
7501,1,13
5669,1,14
4843,1,13
6106,1,14
7655,1,14
4269,2,12
4472,2,7
8564,1,12
7395,1,13
8411,2,8
7833,1,12
9751,1,13
5169,1,12
9549,1,12
6803,1,14
7808,1,12
7062,1,13
5762,1,11
9602,1,12
4519,1,12
5279,1,14
5138,1,12
4294,1,12
6809,1,12
8004,1,14
9923,1,12
5649,1,12
8924,1,14
6914,1,12
6497,1,14
8574,1,12
5618,2,5
4908,1,13
5474,1,14
4506,1,13
4972,1,11
8650,1,12
9101,1,14
5348,2,13
7472,1,14
6086,1,12
6986,1,11
5304,3,12
5728,1,13
6845,1,13
8862,1,14
4088,2,4
4067,1,12
4218,1,14
4407,1,14
7607,1,13
4162,1,14
9970,1,13
3692,1,14
995,1,13
1520,1,14
305,1,14
1878,1,14
1685,1,12
1313,2,12
2930,1,13
2921,1,14
94,1,13
894,1,12
2462,1,12
3525,2,14
3484,1,13
2076,2,13
599,1,14
426,1,14
1219,1,12
3100,2,7
208,1,14
2515,1,13
3291,1,14
3582,1,12
1528,1,13
2623,1,14
1888,1,14
2728,1,13
2722,1,12
2589,1,12
2675,1,14
1016,1,13
3778,1,12
472,2,7
1826,2,13
340,1,13
1081,1,14
2698,1,12
3022,1,13
2299,1,14
1730,1,14
3203,1,14
2067,1,13
3440,1,13
1428,1,14
1677,1,13
2106,1,12
3210,1,12
3388,1,14
3105,1,14
2126,1,14
482,1,12
2015,1,13
694,1,12
914,1,12
3741,2,13
3420,1,14
3263,1,13
2543,1,14
3108,1,13
1200,2,13
803,1,14
2899,1,12
1094,1,14
1185,1,11
3037,1,13
2771,2,13
471,1,12
3154,1,12
2448,1,14
360,1,14
3292,1,12
1079,1,11
453,1,12
3522,1,12
855,1,14
3152,1,12
2326,1,12
1851,1,12
1860,1,12
2999,1,14
1825,1,14
867,1,14
716,1,14
840,1,13
1416,1,12
965,1,13
2324,1,14
1636,1,13
1778,1,13
3498,1,12
1564,1,12
1340,1,14
341,1,14
2337,1,13
1279,1,12
2379,1,13
2644,1,14
3469,1,12
3755,1,12
3432,1,11
2229,1,13
1657,1,13
966,1,12
2259,1,12
3836,1,12
3314,1,12
3576,1,14
637,1,14
1686,1,12
809,1,12
634,1,12
3224,1,14
2707,2,11
1638,1,14
3157,1,12
955,1,13
1152,1,14
3106,1,13
388,1,12
1705,1,12
1135,1,12
286,1,14
1667,1,13
708,1,13
369,1,12
1732,1,12
2535,1,12
2691,1,12
3338,1,14
3132,1,13
690,1,13
1715,1,13
1832,2,13
3908,1,14
2819,1,14
1235,2,14
3279,1,12
154,1,14
1102,1,12
1589,1,14
3739,1,14
2138,1,14
1663,3,7
3286,1,14
3746,1,14
2511,1,12
120,1,13
1639,1,13
3326,1,14
891,1,14
3137,1,14
3818,1,14
3634,1,13
3233,1,12
414,1,12
1849,1,14
1024,1,13
921,1,14
2637,1,13
841,1,14
3150,1,14
1265,1,14
2264,1,14
2436,1,12
760,1,13
33,1,14
1915,1,14
3161,1,14
1924,1,14
1796,1,14
3431,1,14
2611,1,14
3015,1,14
2859,1,11
2990,1,14
1798,1,13
2608,1,12
3500,1,14
3943,1,13
2132,2,12
3764,1,14
624,1,14
1419,1,14
2154,1,14
1375,1,14
496,1,12
2805,1,13
257,1,14
3077,1,13
205,1,13
835,1,12
3859,1,14
3289,1,14
34,1,12
3023,1,14
1548,1,14
1296,1,14
3188,1,7
2852,1,14
1995,1,13
1885,1,12
3387,2,7
2588,1,7
1802,2,10
1212,1,7
1224,2,7
1096,1,13
3374,1,12
3252,1,12
3124,2,7
3665,1,12
3074,2,7
492,2,7
3166,2,6
1681,1,8
2592,1,13
3115,1,12
3638,2,5
3385,1,12
2756,2,14
1000,1,12
3111,1,13
2609,1,13
359,1,12
975,1,12
2487,1,13
2655,1,12
1875,1,12
1634,1,12
3236,1,12
1072,1,14
3122,2,7
3762,1,6
1862,1,13
3852,1,13
3747,1,12
197,3,11
2718,1,12
1284,2,13
3041,1,12
3349,1,13
713,2,11
1408,1,11
2730,1,14
663,1,13
2475,1,13
2880,1,13
130,1,12
3857,1,13
3215,1,10
3453,1,12
2090,1,10
3455,1,12
1469,1,12
2997,1,11
20,1,12
2100,1,13
3240,2,10
15,1,12
253,1,14
1922,2,8
132,1,13
3049,3,8
2900,1,14
2743,1,12
123,1,12
2833,2,7
318,2,11
2303,2,6
2406,2,14
3601,1,12
3718,2,5
2815,1,12
2753,2,5
1288,2,14
3401,1,12
367,1,12
1872,1,11
1229,2,7
733,1,13
2277,2,13
1979,1,12
1543,1,14
1748,1,12
1041,1,13
1110,2,5
1853,1,7
71,2,7
1611,2,7
1477,1,7
2338,1,7
815,2,13
106,3,4
376,2,5
481,1,7
3117,2,6
1652,2,7
2570,1,14
2103,2,5
2389,2,5
5505,1,13
5972,1,14
4819,1,12
7090,1,14
7579,1,12
7048,2,7
8647,1,13
6991,1,12
4394,1,14
5885,2,7
8857,1,12
8520,1,12
7088,1,12
7840,1,12
4137,1,12
5959,1,14
5224,1,13
8322,1,13
5467,1,14
9495,1,14
9350,1,14
5600,1,12
9022,1,12
8191,2,6
6863,1,14
4617,2,7
4075,1,13
5203,1,14
5453,2,13
7464,1,13
5647,1,14
4016,1,14
9182,1,12
7862,1,13
9510,1,14
4103,1,14
8706,1,12
5442,2,6
9192,1,14
7551,1,14
8816,1,12
9356,2,13
9403,1,14
4840,1,12
4148,1,14
7567,1,13
5740,1,14
5451,1,14
5653,1,12
8567,1,11
6541,1,14
7296,1,12
8763,1,13
9804,1,14
8006,2,14
6598,1,11
6975,1,13
8835,1,13
8730,1,14
5706,2,14
7112,1,12
5895,1,7
6521,1,12
8842,1,12
7651,1,12
6088,2,14
6622,1,13
5329,1,12
7852,1,13
7613,1,12
6599,1,14
8849,2,7
8804,1,13
7798,1,14
5803,2,5
5416,1,14
4230,1,12
7201,2,7
5022,1,12
8097,1,12
4346,1,14
7274,1,14
4017,1,12
9892,1,12
8868,1,14
8276,1,12
9029,1,14
7546,1,12
4934,2,7
7912,2,5
6104,1,14
8109,1,14
5908,1,12
9273,1,14
8753,2,13
4546,1,14
9781,1,13
7715,1,14
6689,1,13
4379,2,7
4802,2,13
9059,2,13
6660,2,7
7640,2,7
6331,1,13
6750,1,12
8969,2,14
8896,1,12
5722,1,7
6674,1,12
8141,1,14
8439,1,12
6103,1,14
9354,1,12
7448,1,12
6303,1,12
7154,1,13
9303,2,12
7734,1,14
5249,2,14
5903,2,6
4362,1,13
9966,1,14
7678,1,14
4200,1,11
3955,1,11
5973,1,12
8045,1,12
4621,1,14
6257,1,12
6797,1,12
4675,1,13
9675,1,13
8071,1,14
9843,1,14
6000,1,12
8382,2,7
7990,1,14
4694,1,13
4852,1,13
6518,1,12
8345,1,13
4203,3,7
8313,1,12
5337,1,13
5308,1,12
4034,1,14
5620,2,7
7398,1,14
8150,1,12
6397,2,7
6252,1,12
4185,1,13
6141,1,14
8986,1,11
9614,1,13
8243,1,12
4009,1,14
7804,2,14
9140,1,14
8060,1,12
9395,1,12
5777,1,12
5711,1,7
4326,1,12
5943,1,13
7122,1,14
6129,1,14
7721,1,12
8967,1,13
9064,1,12
8956,1,14
9849,1,14
9375,1,14
9956,1,7
9031,1,14
8067,1,14
6362,1,14
8126,1,14
5441,1,14
7545,2,13
7695,2,7
8078,1,12
8024,1,12
8624,1,14
8064,1,13
5212,1,13
8823,1,13
8389,1,10
5462,1,12
4958,1,14
5953,1,14
5771,1,12
7490,1,12
9327,1,13
8911,1,14
4869,1,13
7732,1,13
6953,1,14
7082,1,14
6954,1,13
4739,2,5
4160,1,14
7838,1,13
6267,1,14
8569,1,14
5874,1,12
8725,1,13
4782,2,7
7371,1,12
4893,1,13
7961,1,13
5164,1,14
4492,1,13
5607,1,12
7134,1,14
7933,1,14
7885,1,13
4967,1,13
8579,1,14
8712,1,12
5716,1,12
5424,2,11
7874,1,7
5744,2,6
9933,1,12
5578,2,5
8507,1,12
5551,1,14
5602,1,14
8344,1,12
9973,1,12
5064,1,12
5262,1,14
5715,1,14
6695,1,12
9438,1,12
8165,1,13
7776,1,12
3984,1,12
4130,1,11
8462,1,12
8573,1,14
8206,1,13
6512,2,8
7083,1,14
9181,1,14
9325,1,10
4998,2,7
8611,1,12
9236,1,12
8709,1,7
8689,1,12
9176,2,13
9583,1,12
7438,1,13
8195,2,6
9353,1,12
5902,2,14
7951,1,12
5727,2,7
4680,1,14
8571,1,12
4897,1,12
6929,1,13
5667,1,12
6659,1,12
9389,1,7
8023,1,12
6734,1,13
5988,1,14
6777,1,13
7921,1,12
5408,1,14
7949,1,12
4921,2,7
4817,1,7
8094,2,7
5876,1,13
5910,1,12
5186,1,12
7506,1,14
9100,1,12
5403,1,14
4579,1,13
7244,1,11
8103,1,13
7202,2,7
3973,2,5
5671,1,12
7884,1,12
9865,2,6
8865,1,14
8435,1,3
8881,1,12
8428,1,12
5929,1,14
9288,1,12
5897,1,14
5261,1,13
4239,1,14
6753,1,12
8575,1,13
8415,1,14
9030,1,14
7575,1,13
7563,1,14
8700,1,14
8704,1,13
9995,2,6
9909,1,12
6456,1,12
7762,1,12
4049,1,12
8177,1,12
6575,2,7
5324,1,11
4256,2,7
5628,1,13
8046,1,12
9264,2,5
8017,2,12
6196,2,6
9392,1,12
5438,3,12
7420,1,14
9587,1,14
5318,1,14
7839,1,12
6747,1,12
5556,1,12
4652,1,14
9560,1,12
9154,2,7
6203,1,13
6675,2,9
4133,1,12
7055,1,12
6167,2,13
7972,2,11
4245,1,14
8887,1,14
8599,1,13
9036,1,10
7388,1,12
4020,1,12
3969,1,13
4276,2,4
7146,1,12
6762,2,10
3958,1,14
4815,2,14
8807,1,13
5991,1,12
5008,1,12
4288,1,13
4601,2,7
9437,1,12
8455,1,12
8920,1,12
9305,1,14
6943,1,14
6269,1,12
5615,1,14
7500,1,12
7680,1,12
9802,2,14
4077,1,12
9489,1,13
7312,1,13
7351,1,12
9753,1,14
9394,2,7
4727,1,12
4400,1,13
6090,1,12
7188,1,12
8733,1,14
6978,1,13
7342,1,14
8366,1,13
9334,1,12
6936,1,11
4878,1,14
6715,1,12
4359,1,13
5870,2,7
9420,1,12
4273,1,12
7269,1,12
7499,2,7
9699,1,14
7652,1,12
6159,1,12
8201,2,14
7219,1,12
9451,1,11
3960,1,13
4281,2,10
5742,1,3
8635,1,14
5397,2,7
8112,1,13
4187,1,12
6735,1,12
9221,1,12
4677,1,13
8355,2,13
6649,1,12
8326,1,12
6959,1,14
5267,1,13
5227,1,13
7305,1,11
9378,1,14
5634,3,14
8970,1,12
4366,1,4
5344,1,12
8239,1,12
5282,1,11
8843,1,12
9073,1,12
8748,1,12
4170,2,9
4736,1,13
9552,1,12
4994,1,13
8400,1,13
7347,1,12
9167,1,13
5779,1,12
7850,1,14
7354,1,12
5265,1,13
6046,1,12
3997,1,13
9634,2,7
7340,1,14
5114,1,14
8609,1,14
7415,2,13
5709,2,14
8115,1,12
5938,2,10
8729,1,14
6880,1,12
6121,1,12
4529,1,11
4930,2,7
4070,1,12
9248,1,13
8099,1,12
8762,1,13
4295,1,14
9159,1,12
9270,2,8
9635,1,14
8192,1,12
8560,1,13
8818,2,7
5765,1,14
3736,1,14
2331,2,13
2470,1,13
2828,1,14
2814,1,14
3184,1,12
1329,1,13
267,1,14
549,1,13
574,1,13
1091,1,13
1454,1,14
2085,1,13
532,1,13
3464,1,12
118,1,13
2981,1,14
1430,1,13
362,1,14
1866,1,14
520,1,13
3176,1,12
2444,1,14
1743,1,14
1613,1,13
623,1,14
2652,1,13
829,1,11
1648,1,14
3613,1,11
3195,2,14
1745,1,14
996,1,13
1774,1,13
3849,1,12
3732,1,12
1457,1,12
2490,1,13
2889,1,12
2092,1,12
942,1,13
3700,1,13
3012,1,14
1352,1,14
1579,1,12
653,1,12
3897,1,13
1656,1,13
1409,1,14
1382,1,12
852,1,14
3356,1,14
122,1,14
3508,1,13
494,1,12
3540,1,14
1274,1,14
247,1,12
1190,1,13
3126,2,7
3377,1,14
949,1,12
3411,1,14
2384,2,14
2034,1,14
1341,1,12
3358,1,14
1947,1,13
3759,3,12
462,1,12
1485,1,13
2895,1,13
1309,1,13
790,1,13
820,1,14
1026,1,11
1793,1,14
1882,1,12
2431,1,12
259,1,12
871,1,14
2664,1,12
29,1,12
962,1,13
2621,1,14
3297,1,7
999,2,7
1136,1,12
2306,1,12
1909,1,13
2344,2,14
782,1,14
1143,1,14
3200,2,13
1919,2,13
3839,2,14
636,1,13
2530,1,13
1614,1,13
2322,1,14
571,1,13
3129,1,12
420,1,13
2969,2,14
868,2,14
2222,1,14
2118,1,12
3716,1,12
2393,1,12
1145,1,13
3307,1,12
2172,2,14
2038,1,13
3893,1,14
3408,1,12
418,1,14
46,1,12
3327,1,13
3681,1,12
1149,1,12
256,1,12
2929,1,14
2553,1,12
1673,1,12
1037,1,13
1203,1,13
2965,1,13
684,1,13
2288,1,14
2071,1,12
2614,1,14
981,1,13
2335,1,13
3270,1,12
3487,1,14
957,1,14
882,1,12
3102,1,14
2007,1,14
1647,1,14
1538,1,14
457,1,14
2647,1,14
1568,1,14
3745,2,14
3777,1,14
1807,1,13
2864,1,14
2772,1,14
3887,2,13
3539,1,13
81,2,14
3427,1,14
3572,1,13
1153,2,14
3854,2,14
381,1,14
1317,1,14
2689,1,12
2986,1,14
649,1,13
233,1,13
1398,1,12
607,1,14
2196,1,14
2111,2,12
1376,1,14
3543,1,13
3196,1,13
1277,1,12
1118,1,14
1829,1,14
3060,1,14
685,1,14
2851,1,13
1453,1,12
3381,1,14
2790,1,14
3905,1,14
2358,1,14
3936,1,14
3630,1,13
3645,1,13
3493,2,14
313,1,14
3322,1,12
1787,1,13
326,1,13
1526,1,14
3867,1,12
83,1,14
2045,1,14
3511,1,12
3792,1,12
1236,1,12
1490,1,14
3860,1,13
917,1,12
3223,1,14
69,1,13
3175,1,14
1045,2,4
1533,1,7
875,1,7
2587,1,12
1901,1,12
1093,1,12
3386,1,12
547,2,7
2089,2,5
183,2,8
3139,1,13
3373,1,7
2532,1,7
639,1,14
3376,1,13
806,1,13
1245,2,14
2134,1,14
1027,1,12
3892,2,14
1542,1,14
3404,1,13
2607,2,13
1703,1,12
3711,1,12
1436,1,12
342,1,14
1994,1,13
3569,2,13
79,1,12
1515,1,12
1864,1,11
1438,2,14
1220,1,11
1988,2,5
129,1,14
2887,1,12
3237,1,12
115,1,14
507,1,12
655,1,12
1624,1,12
2524,1,13
3153,1,12
3179,2,14
1007,1,12
594,1,13
1276,1,14
3366,1,12
1480,1,13
3574,1,12
951,1,12
1600,1,14
1406,1,10
1998,1,10
3266,1,12
302,1,13
239,1,12
3563,1,14
3449,2,13
2645,1,7
477,2,7
396,1,12
3341,1,13
2198,2,7
404,2,8
2195,2,7
828,2,13
3851,2,5
385,2,7
1304,2,7
384,1,12
1985,1,7
2497,1,13
1370,1,13
3163,1,11
1349,1,12
2605,1,12
266,2,4
1273,1,10
3784,1,13
2339,2,5
1035,2,14
1612,2,7
579,2,13
1011,2,7
1050,2,12
1776,2,7
988,1,13
3030,1,12
3649,1,11
3238,2,3
3752,3,7
1414,2,7
1431,2,7
3216,2,14
722,2,5
987,2,5
2305,1,12
6570,1,14
6223,2,14
9249,1,12
9997,1,14
5985,1,12
6669,1,12
6078,1,14
5665,1,14
7257,1,12
9648,1,6
5157,2,13
5800,2,6
9739,1,12
6630,1,14
9745,1,14
6374,1,14
6977,1,13
8172,1,14
5726,1,9
8621,1,12
4181,1,12
9964,1,10
3999,1,14
9183,1,11
9379,1,12
5729,3,14
6495,1,11
4198,1,13
8979,1,14
4706,1,12
7580,1,14
10000,1,14
5302,1,7
8383,1,14
7263,1,14
5339,1,13
8251,2,5
5539,2,5
9405,2,14
9685,1,14
6602,1,13
9294,1,13
8050,1,12
5307,1,12
8882,1,6
9853,1,7
5396,1,11
4300,1,14
9150,2,14
6557,1,12
5907,1,7
9825,2,14
8275,1,12
8612,1,12
5735,2,6
7444,1,13
5737,1,12
8738,1,9
5021,1,12
8231,1,12
7710,1,12
7483,2,13
5309,1,12
6438,1,14
9770,2,5
5175,1,14
8864,1,12
6812,1,14
6463,1,14
3983,1,12
8542,2,11
7572,1,13
6572,1,12
9075,1,12
8623,1,12
4196,1,13
9125,1,13
4781,1,14
8566,1,14
9105,1,13
6411,1,14
5683,1,14
8832,1,13
8287,1,12
8196,1,12
9960,1,11
8883,1,14
4527,1,12
4873,1,14
5761,1,14
5713,1,13
4158,1,14
7642,1,12
8875,1,13
9707,1,12
8580,1,7
5199,1,13
4324,1,14
4585,1,14
4053,1,13
4760,1,14
4575,1,12
8069,1,12
5376,1,13
5824,2,7
9537,1,11
4589,1,12
9047,1,14
7401,2,7
6213,1,13
9666,1,12
7789,2,8
8666,1,14
5368,1,14
8305,1,12
4988,1,14
8606,1,13
4409,1,12
6870,1,12
7353,2,5
5143,2,7
5311,1,12
4142,1,13
5828,1,14
6449,2,7
4665,1,12
9487,1,12
9730,2,14
5562,1,12
9874,1,12
6662,1,14
9061,1,12
7601,1,13
9528,2,13
7330,1,14
4402,2,14
6395,1,14
4225,2,7
8591,1,13
8544,1,10
7754,1,12
4422,2,13
6322,1,14
6073,1,7
8631,2,13
4371,1,12
9179,2,7
7106,2,13
4283,1,7
7068,3,12
6111,1,12
8499,1,9
9306,1,12
6894,1,10
8806,1,12
5280,1,14
7322,1,13
7105,1,13
5488,1,13
8263,1,13
5992,1,13
9833,1,14
5234,2,13
7205,1,12
4792,1,13
6904,1,14
8618,1,14
8627,1,12
9168,1,12
5009,1,14
7125,1,12
5696,3,12
6137,1,14
8707,1,14
6210,1,12
6072,1,13
8317,1,14
4597,2,7
5052,1,12
9474,1,14
9967,1,11
6847,1,12
4833,1,12
4024,1,14
7900,1,7
9443,1,14
4335,1,14
6293,1,14
5466,1,12
3962,1,7
5887,1,14
8655,1,14
6083,1,12
9067,1,14
8026,2,14
4247,1,14
5766,1,14
9447,1,12
8120,1,14
5710,1,14
4296,1,14
9057,1,13
7288,1,13
9343,1,13
8766,1,14
5955,1,12
5093,2,5
7072,1,12
5287,2,7
7810,2,14
9197,1,14
4429,1,14
9898,2,7
9033,1,13
6351,1,13
6560,1,14
8278,1,12
4115,1,14
7521,2,13
8711,2,5
7692,2,5
5365,3,8
5919,2,14
8315,1,12
8608,1,11
9048,1,12
9377,1,14
4923,2,7
8874,2,7
5900,1,13
5205,1,14
6859,1,14
5298,1,11
9472,2,5
8167,1,12
7519,1,14
8479,1,14
5122,1,14
5350,1,12
8409,1,12
6288,1,12
6312,1,12
6883,1,13
6868,1,14
3971,1,14
7393,1,12
5065,1,14
6298,1,13
5502,1,14
8166,1,14
5853,1,14
7294,1,14
9243,1,14
8496,1,12
9851,1,12
6506,1,13
4319,2,14
5732,1,12
9792,1,14
8925,1,14
6581,1,14
9520,1,14
9961,2,7
5046,1,13
8314,1,14
5544,1,13
6582,1,12
7659,1,13
4550,3,12
7934,1,12
8368,2,5
4670,2,13
6617,1,14
5915,1,14
5299,1,14
5168,1,12
5905,1,12
7628,1,13
5417,1,13
5909,2,14
8092,1,13
4014,1,12
9714,1,12
5018,1,12
5055,1,12
4487,1,13
6094,1,14
5044,1,14
8429,1,12
5128,2,11
8522,1,12
6490,1,13
5606,1,14
5834,1,14
4600,2,13
9044,1,12
9965,1,10
6282,1,12
4735,1,14
8682,1,12
4368,1,12
4756,1,14
4635,1,14
4813,1,14
6899,1,12
5546,1,14
4581,1,14
5588,2,7
7445,1,12
6164,1,13
8879,2,12
7857,1,14
4657,1,14
8065,1,14
9387,1,12
6855,1,14
4761,1,12
5994,2,13
8385,1,12
7178,1,12
9037,1,14
6335,1,12
4123,1,13
5208,1,13
7242,1,12
6711,1,14
5636,1,14
4099,1,14
7746,1,13
7650,1,12
7573,1,14
8634,2,12
8518,1,14
8066,1,13
4912,1,12
9312,1,14
7930,1,14
5553,1,14
8980,1,13
5911,1,13
7050,1,12
5398,1,14
5271,1,12
8513,1,14
4587,1,12
5153,1,14
5373,1,12
5316,1,12
9365,1,12
7001,1,14
4369,1,14
6752,1,14
7338,1,12
8829,1,13
5195,2,5
6644,1,11
6420,1,12
4959,1,12
4282,1,14
8811,1,13
4210,1,14
4220,1,13
6658,1,13
7059,1,12
9948,1,12
6740,1,14
7290,1,13
7877,1,14
5333,1,12
4140,1,12
9324,1,14
4398,1,12
4549,1,14
7916,1,12
9983,1,13
4233,1,11
4497,1,12
9397,2,7
9328,1,12
4338,1,14
6616,1,13
6778,1,12
8563,1,12
7304,1,13
6950,1,14
5469,1,13
7708,2,5
6082,1,14
7649,2,5
8124,1,14
4748,1,12
6996,1,10
5184,1,14
4786,1,13
9496,1,12
4485,1,12
7756,1,13
5697,1,12
7474,1,14
5446,1,12
9279,1,12
9726,2,5
8318,1,13
7314,1,10
8523,1,13
7714,1,14
6853,1,13
4076,1,13
7965,1,12
5922,1,13
8827,1,14
5491,1,13
6054,1,14
5816,1,12
7023,2,6
8270,1,12
8130,1,14
4257,1,14
8890,1,14
4175,1,12
5699,1,12
6426,1,10
4965,1,14
6037,1,14
9174,2,5
9991,1,14
6815,1,14
5741,2,13
8083,1,12
4387,1,12
4674,1,14
3988,1,11
9669,1,13
5239,1,12
7784,1,14
9758,1,14
8895,1,14
7213,1,12
5747,1,13
6095,1,12
6172,2,7
6673,1,7
8538,1,12
4708,1,12
9410,1,14
9242,1,12
7100,1,13
6407,1,14
6994,1,12
6565,1,12
8297,1,12
4528,1,12
7138,1,12
4055,1,14
5189,1,14
3977,1,13
4830,1,14
5934,1,14
4623,1,14
8714,1,12
6716,1,14
6768,1,14
1968,1,12
2380,1,12
768,1,14
3688,1,13
2371,1,12
2635,1,13
3315,1,14
3011,1,12
3731,1,13
3267,1,14
3201,1,12
1047,1,10
1367,1,14
3340,1,13
2137,1,13
312,1,12
1785,1,13
2854,2,12
2139,1,14
3400,1,12
2842,2,11
2140,1,12
1272,1,13
21,1,13
431,1,13
1604,1,13
103,1,13
721,1,12
3707,1,12
521,1,14
1014,1,13
100,2,14
2955,1,12
3809,2,13
528,1,14
2704,1,12
1525,1,14
3403,1,12
1591,1,14
1501,1,11
1897,1,13
645,1,13
2033,1,14
1044,1,14
2050,1,13
1310,1,14
3446,1,14
1659,1,14
2849,1,12
3683,1,14
1654,1,12
2479,1,13
2374,1,12
187,1,12
1929,1,12
1775,1,13
450,2,11
2710,1,14
1740,1,12
2341,1,13
2127,1,12
2909,1,13
2762,1,13
1100,1,12
1322,2,14
3910,1,12
1582,1,13
2469,2,13
3530,1,13
2596,1,12
1894,1,12
2552,1,12
17,3,12
2130,1,12
2521,1,14
578,2,10
392,1,12
1207,1,12
2234,1,12
1623,1,14
2557,1,12
527,1,14
1368,1,13
3697,1,12
2146,1,12
1338,1,13
179,2,14
3566,1,13
1991,1,12
2351,1,14
2474,1,13
1840,1,13
1539,1,12
2296,2,5
3234,1,14
3353,1,13
211,1,14
1987,1,14
3097,1,12
626,2,11
1328,2,14
2039,1,14
2618,1,14
2124,1,12
1025,1,13
648,1,13
2789,1,13
1744,2,11
3039,1,14
2619,1,13
539,1,13
1049,1,14
3350,1,14
2883,1,13
3728,1,12
3197,1,12
3253,1,7
2957,1,12
3209,1,13
3813,1,12
3942,1,14
3879,1,13
3785,1,14
3772,1,12
128,1,13
2438,2,5
2873,1,13
793,1,13
2520,1,13
998,1,12
1886,2,4
99,1,14
1698,2,14
3507,1,13
3067,1,14
757,1,13
807,1,14
3814,1,14
13,1,14
3003,1,14
741,1,14
31,1,12
2927,1,12
1232,1,14
2869,1,14
2280,2,14
3567,1,14
3228,1,12
2882,2,14
108,1,14
3243,1,14
1880,1,14
2430,1,14
657,1,12
1593,1,14
872,1,13
2112,2,14
2395,1,14
2980,1,14
2403,1,14
1694,1,13
3321,1,14
3426,1,14
117,1,12
2702,1,14
1013,1,13
1560,1,14
2412,1,14
1881,1,14
1173,1,12
2435,1,14
3733,1,14
2502,1,14
500,1,14
1199,1,14
309,1,7
3311,1,13
2445,1,14
3245,1,14
3896,1,12
463,1,14
1385,1,13
2971,1,14
3424,1,14
2676,1,13
2320,1,12
1253,1,14
231,1,14
531,1,13
1629,1,14
2960,1,12
3447,1,14
3518,1,14
3726,1,14
89,2,7
791,1,14
2813,2,14
3450,1,14
177,1,13
1597,1,13
575,1,13
1215,2,6
2923,1,7
726,2,13
3497,1,13
229,1,12
1246,2,7
1394,2,6
1772,2,7
2941,2,11
474,2,5
2638,1,14
2529,1,7
3820,3,7
24,1,14
863,1,14
3133,1,12
777,1,14
1621,1,12
2937,1,10
97,1,13
1267,3,14
2649,1,7
2951,1,12
3301,1,14
435,1,12
1440,1,12
908,1,14
2160,1,14
193,1,11
2327,1,12
3070,1,12
2027,1,13
2913,1,11
1023,2,14
3414,1,12
899,1,12
260,1,12
759,1,13
812,1,12
3596,1,13
3468,1,13
565,1,13
3494,1,12
3628,1,12
621,2,14
3355,1,12
836,1,13
1283,1,12
2668,2,7
865,1,11
3561,1,10
370,1,12
2215,1,11
3868,2,5
2187,2,10
2180,1,13
3254,1,12
1415,1,11
2309,1,12
3110,2,5
2102,1,12
2223,1,12
2419,2,8
2657,1,13
3193,2,7
1734,2,8
2709,2,5
2658,2,7
2584,2,7
1628,1,11
1337,2,7
533,2,7
2421,1,7
799,1,12
2568,2,14
1598,2,11
1903,2,6
249,2,7
2310,2,7
76,1,7
834,1,9
136,1,12
2142,1,12
1679,1,12
1855,2,5
953,2,5
430,1,7
133,2,6
2848,1,12
3789,2,5
749,1,12
869,1,7
456,2,7
1605,1,7
1334,2,5
3862,2,14
2560,2,7
2119,2,7
3007,1,12
8160,1,14
4317,1,13
4559,1,12
5220,1,14
4131,1,13
6692,2,14
8021,1,13
6357,1,14
8918,2,5
8885,2,7
9043,1,12
4499,1,12
6767,1,13
7835,1,12
5486,1,14
6452,2,13
5662,1,14
7315,2,7
4882,1,12
5258,1,14
5354,1,13
7992,2,7
6150,2,7
6062,1,12
9297,1,10
6892,1,13
7923,1,14
4803,2,7
8667,1,13
4174,1,14
9555,2,5
8170,1,12
5811,1,14
9376,1,14
4862,1,13
7421,1,12
9398,1,12
4720,1,12
5751,1,12
8181,1,14
9169,1,14
5355,1,10
9951,1,12
7864,1,12
8942,1,12
5414,1,14
6985,1,14
5783,1,14
7584,2,5
7533,1,14
7750,2,7
8923,1,14
7358,2,11
6170,1,6
8906,1,12
5340,1,14
8684,1,14
7960,1,14
4086,2,7
6678,1,14
9607,1,14
9743,1,12
5460,1,14
9546,1,12
6676,1,7
9645,1,12
5461,1,12
5176,1,13
4850,1,12
8249,1,12
5073,1,14
8216,1,14
6720,2,14
7820,2,8
6503,2,7
9143,1,12
6719,1,13
9481,1,14
4829,1,7
8727,1,14
7207,1,14
7806,1,14
6416,1,10
5780,1,13
7583,1,12
9999,1,13
7335,1,12
5037,1,11
9173,1,7
4316,1,14
4414,1,13
4955,1,14
8597,1,13
5568,2,8
9808,1,14
7116,1,12
8910,1,13
5210,1,12
4754,1,13
5739,1,6
8042,1,12
7376,1,11
7557,1,13
6577,1,12
9202,1,13
7679,1,12
5867,1,14
7991,1,12
6625,1,14
9663,1,14
7226,2,8
4837,1,14
7413,1,12
9697,1,13
7283,1,13
9732,2,14
9640,1,14
9840,1,12
6522,1,13
6970,1,12
8113,1,12
5535,1,14
7873,2,6
8014,1,12
7619,1,12
7332,2,7
6779,1,13
5452,1,14
6835,1,12
9523,1,12
8939,1,12
4217,1,12
6135,1,14
8921,1,12
6018,1,14
8375,1,14
5375,1,14
7187,1,10
5763,1,12
7396,1,12
5906,1,12
7225,1,12
7898,1,10
8532,2,7
6194,1,12
5855,1,12
4443,2,4
4566,1,13
7487,1,12
5353,1,10
5490,1,7
7811,1,12
4797,2,5
4508,1,12
6242,1,13
6461,1,13
8410,1,14
9566,1,13
7431,1,12
6254,1,13
6392,1,12
5422,1,14
8307,1,12
7095,2,5
9013,1,14
8229,2,5
8500,1,12
6663,1,12
3985,1,14
8620,2,7
9121,1,14
8820,1,13
4068,1,12
4539,1,14
4795,1,14
5698,2,7
6933,2,13
8182,1,13
9357,1,13
5566,2,10
7831,1,14
8824,1,12
4933,1,14
6496,1,14
6148,1,14
7665,1,14
7535,1,14
8508,1,12
5984,1,13
5078,1,13
8938,1,14
4805,1,14
7872,1,12
9827,1,12
7759,1,12
9225,2,12
7938,1,12
4776,1,13
8770,1,12
6614,1,12
6089,1,12
9166,1,12
4188,1,12
5942,1,12
8528,1,13
6124,1,13
4460,1,12
5772,1,12
7189,1,14
4424,1,13
5202,1,10
9251,1,12
4712,1,13
9083,2,12
4270,2,7
5139,1,12
5130,1,14
4048,2,12
8540,1,13
6093,1,14
7730,1,12
8643,1,14
4167,2,6
4134,2,7
9412,1,12
5204,1,13
6176,1,14
5054,1,12
7470,1,14
6854,1,12
9459,1,12
9599,1,13
5638,1,14
6139,1,12
9945,1,14
6446,1,12
9987,1,12
6375,1,14
9468,1,12
5343,1,14
8912,1,12
5468,1,11
5066,1,13
8759,1,12
6993,1,6
4767,1,12
4914,1,13
8052,1,12
8085,1,12
7812,2,14
4058,1,12
7343,1,12
7006,1,11
5035,1,12
5842,1,14
7130,2,5
8325,1,12
8663,1,11
4430,2,7
9950,1,14
9866,1,12
7341,1,14
9801,2,8
6492,1,13
5965,1,12
7432,1,14
6470,1,14
5587,2,12
7844,1,14
4768,1,13
4347,1,12
6680,2,14
9875,1,12
9620,1,14
6888,1,14
9545,1,14
4810,3,7
4448,1,14
7507,2,11
4423,2,13
6783,1,14
4514,2,14
4567,1,13
6691,1,12
7409,1,13
6791,2,7
6818,1,9
4045,2,8
6432,1,14
5027,1,14
4745,1,12
7782,1,12
4081,1,14
7660,1,11
7387,2,13
7264,2,14
4961,1,14
8625,1,13
6746,1,13
4127,1,13
9234,1,14
6414,1,14
8648,2,5
6730,1,13
6462,1,14
7418,1,12
9185,1,6
9052,1,14
5920,1,14
9944,1,13
6482,1,14
5913,1,13
4857,1,12
5790,1,12
6486,1,14
8672,1,14
8630,1,14
5194,1,14
6806,1,14
9360,1,12
7435,1,12
6843,1,14
4176,2,5
4216,1,13
6869,1,14
7251,1,13
4345,1,12
6643,1,13
6028,1,14
5060,1,14
8339,1,13
5924,1,12
6002,1,14
6155,2,9
7639,1,12
9439,2,8
6314,1,12
9871,1,12
6909,1,14
8632,1,12
6189,1,14
6226,1,12
7275,1,13
5923,1,12
9788,1,14
9038,1,13
6287,1,13
6478,1,12
9803,1,13
9832,1,11
8554,2,8
8803,1,14
4484,1,12
4667,1,12
8038,1,7
4731,1,14
8543,1,14
9026,1,14
5182,1,14
9736,1,12
5313,2,14
9231,2,13
6193,1,12
9137,1,12
4523,1,12
6539,1,13
8413,1,13
5835,2,8
6034,1,13
9017,1,14
5754,2,5
8484,1,12
4710,1,12
6260,2,7
4906,1,12
7604,1,11
6997,1,14
3975,2,12
4182,2,14
4502,2,5
5006,2,8
6903,1,11
4164,1,12
7284,1,12
8586,1,12
7503,1,12
4311,1,11
5558,1,12
4886,1,12
6355,1,13
8030,1,12
7126,1,14
9550,3,12
7005,1,13
6026,2,14
4824,1,14
7008,1,14
9936,2,7
8485,1,11
9477,2,6
5937,1,12
4226,1,12
9992,1,12
6578,1,12
6136,1,7
4337,1,13
4184,2,14
5993,1,13
9878,2,5
6116,1,12
7552,1,14
5062,1,13
7117,2,7
5382,1,14
5805,1,14
8517,2,14
5230,1,14
4308,1,13
8252,1,14
9837,1,13
6205,1,12
9497,1,12
9805,1,12
5330,1,13
5522,1,14
9191,1,14
8791,1,12
8996,1,12
9681,1,14
7981,1,14
7615,1,12
8471,1,12
5873,1,12
5156,1,12
7915,1,14
8309,1,13
7787,3,6
8502,1,13
5845,1,14
9258,1,14
7071,1,12
6549,1,14
6510,1,14
9060,1,6
5026,1,12
4272,1,12
4604,1,14
5328,1,11
7918,1,14
6460,1,14
6222,1,12
8008,1,13
4943,2,13
7167,1,12
5431,1,12
4729,1,12
8780,2,5
5861,1,13
8010,1,12
9502,1,14
9710,1,14
6031,1,13
1809,1,11
717,1,14
846,1,13
1400,1,14
729,1,14
672,1,14
1821,1,12
2504,1,14
3793,1,13
3554,1,13
3430,1,13
1891,1,14
2477,1,13
2192,1,12
1471,1,14
936,1,12
787,1,14
2495,1,12
28,1,14
2572,1,13
1468,1,13
150,2,14
3524,2,8
2433,1,12
738,1,14
1243,1,12
2701,1,12
2985,1,12
2908,1,13
1713,1,14
2267,1,13
986,1,12
3016,1,14
2959,1,13
1941,2,14
767,1,14
2508,1,13
1619,1,14
813,1,13
3028,1,14
2979,1,14
3939,1,12
3626,1,13
612,2,13
805,1,14
2356,1,13
845,1,14
2518,1,13
3380,1,14
1950,1,14
2199,1,14
1622,1,12
3920,2,14
1034,1,14
2684,1,14
827,1,12
96,1,13
2525,1,14
386,1,12
3668,1,14
3367,1,12
3248,1,12
2217,1,14
3501,1,14
3005,1,14
3830,1,14
279,3,11
460,1,12
1765,1,12
2944,1,12
1378,1,13
421,1,12
160,1,13
902,1,14
3490,1,12
372,1,13
1581,1,12
82,1,12
1168,1,13
1524,1,14
344,1,12
1889,1,14
3230,1,12
3247,1,12
2760,1,13
3357,1,13
156,1,13
1766,1,13
2049,1,14
2505,2,7
2249,1,14
3712,1,14
3205,1,13
3888,1,12
2794,1,14
2868,1,12
3660,1,12
2325,1,12
2425,1,14
535,1,14
3244,1,12
467,1,14
3749,1,12
1997,1,13
2274,1,12
2680,1,13
3549,1,12
2117,1,14
2988,1,13
3529,1,13
3714,1,14
2428,1,14
2275,1,14
248,1,14
2328,1,14
255,1,13
1031,1,14
610,1,12
933,1,13
3198,1,12
2481,1,14
1618,1,13
25,1,13
1012,1,14
3642,1,12
3412,1,12
1412,1,14
878,1,13
3334,1,11
3840,1,12
1292,1,13
3058,1,14
1446,1,12
2693,1,13
1298,1,12
2766,1,14
2381,1,12
1898,2,14
3038,2,12
3382,1,14
2650,1,14
2838,1,12
3146,1,14
335,1,14
2382,2,14
3429,1,14
1311,3,11
3103,1,13
3538,1,14
387,1,12
1392,1,13
540,1,13
1056,1,14
1019,1,14
2853,1,14
263,1,12
3609,1,12
1509,1,14
3221,1,14
147,1,14
22,1,7
2219,1,14
3480,1,14
3722,1,14
415,1,14
1935,1,14
2554,1,12
592,1,14
3061,1,12
2420,1,14
1460,2,6
712,1,12
2682,1,14
2022,1,14
402,1,14
1258,1,13
1960,1,14
3655,1,14
3466,1,12
3312,1,14
2723,1,14
1816,1,14
2507,1,14
811,1,14
2004,1,14
842,1,14
753,1,14
3585,1,14
727,1,14
1221,2,13
2166,1,14
2065,1,12
1700,1,14
3812,1,14
3823,2,10
2938,1,14
2110,1,13
1463,1,14
2890,1,14
1973,1,13
2958,2,13
3531,1,14
814,2,6
789,2,3
3682,1,12
489,1,12
3151,2,5
555,1,12
1142,1,13
2526,2,7
1601,2,7
2822,1,7
1583,2,5
2903,2,7
1789,1,7
2932,1,13
698,1,10
2355,1,14
1076,1,12
2672,1,14
1167,1,12
427,1,14
3710,1,13
912,2,12
632,2,14
3167,1,14
1586,1,12
218,2,7
444,1,12
2316,1,13
2777,1,13
1397,1,14
2204,1,14
1357,1,12
2739,1,14
1522,1,13
315,3,14
3222,2,13
1626,1,11
1209,1,12
451,1,12
1452,1,12
2471,1,14
162,1,11
1218,1,12
2342,1,12
3695,2,12
3783,1,14
3756,2,12
1559,1,11
705,1,14
2750,2,7
397,1,13
505,1,11
2009,1,13
3550,1,12
2733,1,10
35,1,12
1974,1,14
3250,1,12
1333,1,14
1911,1,7
2245,1,12
2031,2,8
608,2,7
3894,3,8
725,1,7
1163,2,7
2884,1,11
2716,2,7
3219,2,4
3604,1,14
391,2,7
1631,2,7
3632,2,7
559,1,9
2333,1,12
2646,1,12
1689,2,13
2741,2,7
206,1,12
765,1,12
3056,1,12
2613,1,11
400,2,11
3191,2,9
1838,2,5
620,2,7
3950,2,7
822,2,5
3924,2,7
3225,1,7
1003,1,13
3580,2,8
307,2,7
3506,2,7
2685,2,6
2746,1,7
542,2,5
671,3,7
7673,1,14
6215,1,13
8186,2,5
8977,2,6
6289,1,13
4035,1,13
5148,1,14
4494,2,7
5007,1,12
7662,1,14
9028,1,13
4730,1,13
6723,1,14
4946,1,14
7779,1,12
4435,1,12
4976,1,12
4044,1,12
7559,1,12
7270,1,14
7926,1,12
8855,1,9
8285,1,12
4622,2,7
8340,1,13
4459,1,13
6410,2,7
9089,1,12
9594,1,12
6631,1,13
4376,1,14
4090,1,12
5237,1,14
6313,1,12
6775,1,14
6181,1,12
9952,1,14
9429,1,13
9869,1,12
4250,1,13
6799,1,13
7788,1,14
6893,1,14
4734,1,14
9094,1,12
7467,1,7
7407,2,14
9282,1,12
6948,1,14
8463,2,14
6823,2,5
7169,1,14
6808,2,8
5192,1,14
9307,2,12
9296,3,5
8679,1,14
7489,1,12
5005,1,12
5882,1,14
7451,1,13
8947,2,5
7040,1,14
4848,1,12
4093,1,7
8501,1,14
8919,1,13
7297,1,14
9261,1,14
7133,1,13
9834,2,9
9911,1,14
5860,1,13
9544,1,12
4157,1,14
8494,2,10
5778,1,12
8101,1,14
6712,1,14
4028,1,12
5939,1,14
8351,1,13
7946,1,13
5430,1,13
9151,1,12
4299,1,14
9226,2,5
6611,1,14
4305,1,14
9333,2,7
8983,1,12
9456,1,14
4661,1,12
6931,1,12
6608,1,12
6264,1,14
9113,1,12
6774,1,12
4343,1,12
9045,1,12
9888,1,14
4711,1,13
5352,3,14
6591,1,13
7372,1,12
4351,1,6
7070,1,12
5914,1,14
5323,1,12
9409,2,9
8826,1,12
7145,2,14
9916,2,14
6183,1,14
8708,1,14
8916,1,12
6080,1,12
4496,2,6
6332,1,12
5573,1,13
5379,1,13
6568,1,14
4021,1,13
5586,2,14
8982,1,13
7185,3,7
5749,1,14
3987,1,12
8628,1,12
9642,1,13
6537,1,14
4643,1,12
9164,1,14
8379,1,14
9484,1,13
4150,1,12
7141,1,12
4431,1,12
7936,2,13
5660,1,13
9404,1,9
7043,1,13
9109,2,13
4080,1,12
7197,1,14
5331,1,13
6443,1,13
9293,1,13
4449,1,13
7954,1,14
7697,1,14
7152,2,7
7281,1,14
8199,1,14
9320,1,13
9618,1,13
7757,2,12
4839,2,5
8546,1,14
7924,1,14
4310,1,13
9480,1,12
9693,1,13
5879,1,12
7716,1,13
9161,1,12
4526,1,12
9656,2,14
5721,1,12
6613,1,14
6718,1,11
4314,1,14
4178,2,14
8200,1,12
9433,1,12
6877,1,14
9252,2,11
7834,1,12
6301,1,14
5300,1,14
8456,1,12
6429,1,12
6143,1,14
8534,2,13
6191,1,12
7513,3,12
7763,2,5
9254,2,14
5823,1,12
7277,1,14
7741,1,11
4655,1,14
7880,1,14
6517,1,12
8346,1,12
8973,1,13
8873,1,12
9862,1,14
6188,3,14
6283,1,13
9638,1,13
9473,1,12
9660,1,13
9267,2,12
9465,1,12
7150,1,14
9556,1,13
9233,1,12
5240,2,10
5013,1,13
8688,1,14
7098,2,8
9690,1,14
7530,1,12
9829,1,13
8724,1,11
6387,1,12
7099,1,12
9904,1,13
8421,1,12
7003,1,14
9554,1,12
6951,1,14
7143,1,12
7024,1,14
9298,1,14
5654,1,12
8984,1,12
6836,1,13
8570,1,12
7929,1,13
7827,1,14
6710,1,12
9852,1,12
6160,1,13
4766,1,14
8933,1,11
4818,1,12
9413,1,14
9208,1,14
8142,1,12
7147,2,14
9138,1,14
8662,2,14
8330,1,12
6544,1,13
4721,1,13
7823,1,12
5497,1,12
9784,1,13
6440,1,14
4941,1,14
5963,1,12
6211,1,13
6058,1,12
7252,1,13
9230,1,14
4936,1,13
4219,1,12
6721,1,12
4922,1,13
4451,1,13
5345,1,14
5981,1,13
7974,1,13
5817,1,13
8515,2,11
8992,1,12
7345,1,14
6115,1,12
6543,1,13
4646,2,7
4155,1,14
9861,2,14
5295,1,12
7391,2,6
5755,1,14
7135,1,13
7091,1,12
6075,1,13
9939,1,11
5685,1,14
6065,1,13
4396,2,13
8088,1,12
9290,2,7
5852,1,12
5289,2,5
5457,2,8
5050,1,14
7876,1,12
4919,1,12
4533,1,13
9516,2,7
8934,1,12
7482,1,12
5500,1,12
5979,1,13
8140,1,14
8809,1,13
9352,1,13
6731,1,12
7313,1,13
4969,2,7
5688,1,14
9712,1,11
4490,1,13
7568,2,14
9592,1,14
4562,1,13
6686,2,7
6946,2,11
4582,1,12
6960,1,13
9617,1,12
4820,1,10
3974,2,14
5584,3,12
6399,1,14
4004,2,4
4534,2,12
6849,1,13
8526,1,12
4804,1,14
9585,1,14
7078,1,13
4676,1,11
8441,1,12
6015,1,14
5479,1,12
5567,2,7
6097,1,12
9245,2,13
4846,1,13
7046,1,14
4640,1,7
8545,1,7
6133,1,12
5090,1,12
9300,1,13
9070,1,12
7360,1,13
6110,1,11
9304,1,13
4728,1,13
9750,1,13
7339,1,12
5225,1,13
6627,1,13
9077,1,14
4569,1,12
9713,2,7
6999,1,12
6937,1,13
7574,2,7
6792,1,12
4271,1,12
5033,2,14
6728,1,13
7228,1,14
7711,1,13
6963,1,12
4265,1,7
4340,1,12
9524,1,13
7120,2,8
9024,1,12
8131,1,12
5409,1,13
7366,1,13
4928,1,12
5785,1,14
9942,1,14
6501,1,12
9798,1,13
6042,1,12
4462,1,14
5949,1,12
8266,2,14
7208,1,12
6665,1,12
6441,1,14
5252,2,7
6538,1,12
9971,1,9
5701,1,13
7486,1,12
9919,1,14
8659,1,12
6268,2,14
4678,1,14
4558,1,14
8224,1,13
6821,1,13
3970,1,12
9281,1,12
7913,1,14
9205,1,12
6511,1,14
8173,1,14
9677,1,13
5235,1,14
8710,1,14
8080,1,12
3968,1,14
5180,1,14
9008,1,13
9280,1,12
9452,1,14
4356,1,12
7809,1,14
4513,1,13
7119,2,13
9777,1,12
7548,1,13
7306,1,12
9001,1,13
5844,1,14
4608,2,7
6828,1,12
6771,1,12
8854,1,12
6421,1,13
5813,1,12
8859,2,5
6865,1,13
9769,1,12
4563,1,14
8483,1,9
4598,1,12
6848,1,10
4522,1,12
4038,2,5
8408,1,14
8104,1,7
5753,1,13
7865,2,7
7021,1,14
6479,1,12
4532,1,14
9754,1,14
4825,1,13
7203,1,12
8156,2,7
4350,1,12
5077,1,12
8468,1,12
5420,1,14
6648,1,11
8110,1,14
6006,1,12
9423,2,7
6924,1,14
8342,1,12
9268,1,13
9984,1,13
6261,1,14
4789,1,14
8225,1,13
7553,1,11
8604,1,12
5513,1,14
1210,1,14
1148,1,14
2312,1,14
1914,2,14
1202,1,12
2749,2,13
1902,1,12
3921,1,13
973,1,14
3213,1,12
1331,1,13
773,1,12
1836,3,12
1760,2,4
2030,1,13
1069,1,14
616,1,14
2297,1,13
2209,1,13
2512,1,14
3048,1,14
1555,2,4
68,1,13
1693,1,14
3309,1,13
1009,1,12
1981,1,14
1517,1,12
300,1,14
2776,1,14
1474,1,12
2233,1,14
3393,1,14
2101,1,13
3621,1,12
2017,1,13
86,1,14
816,1,14
2478,1,13
2740,1,13
1042,1,14
3610,1,13
2144,1,13
1805,1,14
2673,1,13
1342,1,13
284,1,14
3413,2,7
681,1,12
590,1,14
1198,1,14
1738,1,13
1423,1,7
443,1,13
798,1,13
858,3,14
1925,1,12
268,1,12
2910,1,13
2724,1,14
3076,1,12
1712,1,13
593,1,14
1137,1,13
3516,2,13
1324,2,7
1332,1,12
2906,1,13
1320,1,13
1351,1,12
587,1,11
1116,1,14
199,1,12
1984,1,13
1833,1,12
614,1,12
1843,1,13
3770,1,14
901,1,12
3536,1,14
3671,1,13
1088,1,12
3559,1,14
1757,1,14
554,2,11
2411,1,14
3127,1,13
2410,1,14
1912,2,4
745,1,12
824,1,13
3378,1,13
2197,1,13
442,1,14
3079,1,10
345,1,12
2817,1,14
2639,1,14
1302,1,12
1890,1,13
3098,1,12
3018,2,5
2131,1,12
336,1,12
3276,1,13
668,1,13
2385,1,13
1237,1,14
1908,1,12
2978,1,13
2661,1,13
958,2,14
2844,1,14
3865,1,14
1066,1,12
1451,1,12
569,1,13
227,1,14
1171,1,12
237,1,14
658,1,12
3036,1,12
2674,1,14
985,1,13
1848,2,7
3846,1,13
1518,2,13
674,1,12
2270,1,12
1721,1,12
2244,1,13
2005,1,14
2598,1,12
530,1,12
3277,1,14
3460,1,14
2080,1,14
125,1,13
1103,1,12
3192,1,14
2581,1,14
3159,1,13
1060,1,14
2398,1,14
3754,1,14
36,1,14
1516,1,14
3142,1,14
1479,1,14
1511,1,14
2402,1,14
250,1,12
2362,1,12
1240,1,14
762,1,13
1447,1,14
2367,1,13
2386,1,14
3134,1,10
1938,1,13
2561,1,12
1156,1,14
1006,1,14
87,1,12
2032,1,14
651,1,12
3032,1,14
776,2,14
2920,1,14
2628,1,14
3168,1,14
3767,1,14
3295,1,14
1913,1,14
2255,1,12
2123,1,12
2806,1,13
1965,1,14
2867,1,14
1906,1,14
1783,1,14
2261,1,14
165,1,13
2891,1,14
1278,1,14
3069,1,14
2359,1,14
750,1,12
1746,2,12
1204,1,12
2936,1,12
2243,1,14
3640,2,14
3631,1,14
3116,1,14
1666,1,13
2591,1,14
3611,1,14
2830,1,12
3235,1,12
2107,1,14
149,1,7
2170,2,7
2796,2,7
947,2,8
719,2,14
2872,2,7
135,1,13
438,1,11
394,2,14
1550,2,9
938,1,11
1028,2,4
918,2,4
1876,2,7
2211,1,12
3541,2,7
3929,1,12
401,1,11
3923,1,14
980,1,12
2659,1,14
3686,1,6
847,1,14
1953,1,14
1448,1,12
3873,1,13
2998,2,13
2962,1,13
2480,1,13
2800,1,12
3932,1,14
3220,1,13
2357,1,14
1181,2,14
2300,1,12
3590,1,13
2861,1,10
2175,2,6
2876,1,12
3365,1,13
1684,1,10
1781,1,12
1969,1,12
2727,1,12
157,1,12
2002,1,11
185,1,14
3652,1,14
2369,1,14
2023,2,7
2290,1,12
687,1,10
710,1,12
1857,1,13
2208,1,13
48,1,10
552,1,12
2279,1,13
1038,2,7
2677,2,7
990,2,14
839,1,14
1588,1,12
1362,2,8
3946,1,13
3822,3,5
1999,2,7
2457,2,7
3951,1,7
2875,1,12
3864,1,12
2177,1,12
786,2,7
3057,1,12
810,1,12
3709,2,6
1680,2,6
650,1,14
2933,1,12
172,1,12
2456,1,12
1054,1,11
1934,1,14
1197,3,12
2918,1,11
59,1,7
3435,2,6
2514,2,5
1702,2,3
351,2,5
1828,2,14
3169,1,7
1822,2,7
3721,2,5
744,1,7
3801,2,7
3523,2,5
577,2,5
2662,1,7
8102,2,13
7701,1,14
8839,1,12
7175,2,7
4971,1,14
6594,1,13
5242,1,13
5079,1,14
9632,1,14
4059,1,13
4064,1,14
6168,1,13
8337,1,14
7703,1,7
6041,2,7
4383,1,12
7995,1,12
5482,1,13
8492,1,12
5288,1,12
8430,1,7
9672,1,11
4008,1,12
4441,1,12
7160,2,5
4518,1,13
6884,1,12
9162,1,12
4420,1,13
6113,2,7
5954,1,12
9331,1,14
7084,1,13
8049,1,13
8901,1,10
5029,1,11
4552,1,14
6032,3,12
7997,2,7
8457,1,12
8447,2,11
8870,2,5
9724,1,14
5891,1,12
6852,1,14
7666,1,13
8561,1,12
6801,1,14
9295,1,12
6558,2,5
3992,1,14
9625,1,12
9684,1,14
5402,1,13
4940,1,13
6386,1,14
4495,1,12
6319,2,7
7259,1,12
9817,1,14
8300,1,12
4152,1,12
3989,1,13
7963,2,14
6327,1,13
9503,1,12
5031,1,12
5637,1,14
6529,1,14
9158,1,14
4806,1,12
8161,1,14
4071,1,14
4594,1,13
5083,1,14
9986,1,13
7087,1,14
8350,2,7
9005,1,12
7498,1,13
6505,1,13
9512,1,14
9623,1,12
5641,1,14
9972,1,7
4524,2,14
6805,1,12
9347,1,12
6045,1,14
7450,1,14
6237,1,14
6369,1,14
8304,1,14
8551,1,12
8352,2,7
7039,1,12
7181,1,14
4798,1,12
8793,1,12
8511,2,13
5756,1,13
6014,1,14
6603,1,13
4510,1,12
4471,1,14
6698,1,14
4794,1,14
9637,1,12
9812,1,14
5610,1,14
6962,1,11
5400,1,13
8292,1,13
6798,1,14
9584,1,14
7682,1,12
4945,1,13
4274,1,12
9574,2,9
9657,2,6
5810,1,14
8444,1,14
8467,1,14
7720,1,12
9771,1,14
6928,1,12
8790,1,13
4136,1,13
6004,1,12
5967,1,14
8289,1,13
8657,1,12
4489,1,13
6016,2,14
6593,1,10
5964,2,7
4166,1,12
4624,1,12
8469,1,13
9941,1,12
5075,1,11
6763,1,13
8107,1,7
4493,1,10
9776,1,13
9749,1,14
5378,1,13
6545,2,7
4749,1,11
5041,2,13
4287,1,14
9129,1,12
5131,1,12
8267,1,14
4758,1,14
8031,1,12
8536,2,11
9595,1,12
9981,1,12
6700,2,7
9609,1,11
6092,1,14
6448,1,12
8319,1,14
6876,1,14
7232,1,13
8043,2,10
6295,1,14
8298,1,12
9691,1,12
9088,1,12
8204,1,14
9244,1,14
7216,1,12
5356,1,14
6491,1,12
7111,1,7
9796,1,14
8343,1,12
9314,1,14
5996,1,13
8660,1,12
8861,1,14
5253,1,14
4279,1,14
6030,1,14
8005,1,12
6749,1,13
5534,1,13
4440,1,7
3980,1,12
9108,1,13
4032,1,14
6967,1,14
8968,2,7
5768,1,13
4560,1,14
4903,2,7
7397,1,12
9859,1,14
7958,1,12
5769,2,6
4406,1,12
8553,1,12
7172,1,12
8427,3,7
5723,1,11
9053,1,12
4703,1,12
9400,1,14
6998,1,13
4770,1,12
5489,1,12
8795,1,14
7993,2,4
4689,1,12
9824,1,14
8388,1,13
5094,1,13
4742,1,14
4378,1,12
5411,1,12
9782,1,12
6324,2,5
4084,1,14
9996,1,13
6664,1,12
6408,1,12
9362,1,14
3982,1,13
5178,1,13
8692,1,12
6359,1,14
9547,1,14
6840,1,12
6235,1,13
8954,1,14
7894,1,14
6811,1,12
9626,1,13
9958,1,14
5930,1,13
4334,2,7
5285,1,13
9156,1,13
5999,1,7
9042,1,11
6765,1,14
6547,2,14
6592,1,14
8891,1,14
4126,2,7
8470,2,12
4682,1,14
8039,2,7
6971,2,7
7361,1,12
4110,1,14
4648,2,13
4057,2,5
4413,1,13
6528,1,12
6754,1,14
7899,1,12
7061,1,13
7830,1,14
7802,1,13
5080,1,13
4349,1,12
9659,3,5
9478,1,14
7171,1,14
9806,2,13
4453,1,11
4836,1,14
6225,2,7
8157,1,14
8331,1,12
9841,1,14
9780,1,12
7617,1,12
7778,1,13
5527,1,13
5767,1,12
6722,1,13
6770,1,14
8084,1,14
5623,1,13
4284,1,14
7646,1,12
8272,1,14
9311,1,12
7239,1,12
4101,1,12
8817,1,14
5405,1,14
8510,2,14
4116,1,12
5809,1,14
5968,1,13
7272,1,14
4656,1,13
8220,1,14
8867,1,13
4901,1,10
9737,1,13
8999,1,12
4620,1,14
9557,1,10
5684,1,12
7994,1,12
7136,1,11
4538,2,8
5969,2,7
6175,1,12
9698,1,14
8074,1,12
5748,1,14
9842,1,13
9757,1,13
6995,1,14
7075,1,13
9209,1,10
9411,1,13
5676,1,12
9144,1,13
6402,1,12
8244,2,5
7166,2,7
9066,1,14
5655,1,14
7379,1,14
6390,1,12
4540,1,12
4580,1,14
9661,1,14
6927,1,14
5912,1,13
5982,1,13
9146,2,5
5433,1,14
5681,1,13
9692,1,14
4411,1,13
9434,1,14
3998,1,12
4565,1,7
4629,2,5
5135,1,13
9906,1,14
5465,1,13
5274,1,12
8062,1,14
7943,1,14
9178,2,12
4306,1,11
9918,1,12
5190,1,12
5700,1,13
4823,1,14
6021,1,14
9522,1,7
8414,1,14
5334,1,13
5604,2,5
7465,2,14
7089,2,4
6976,1,12
8417,2,12
8951,1,14
7429,1,11
4686,1,14
8111,2,5
7512,1,14
6100,1,12
8638,2,7
5589,1,13
9147,1,14
8193,1,12
8743,1,11
8863,1,12
5499,1,12
5848,2,13
8394,1,9
6682,1,14
6187,3,5
6434,1,14
4352,2,14
6027,1,12
4312,2,6
7416,1,14
7657,1,12
8851,2,5
6619,1,14
4741,2,13
5126,1,14
9278,1,12
6713,2,5
8057,2,7
5720,2,3
5159,1,14
6830,2,7
5619,1,11
7704,1,13
4433,1,12
3959,1,12
6330,1,12
5677,1,12
7908,1,14
7092,1,14
5257,1,14
8450,1,14
6940,2,7
4588,1,14
9526,1,12
5494,1,12
4571,2,14
5463,1,13
7334,1,12
4073,1,12
5140,1,14
9180,2,5
8086,1,13
8946,1,12
9338,1,12
9759,1,13
4924,1,12
4237,1,12
4410,1,11
5357,2,3
9809,1,12
7669,1,12
7198,1,13
6891,1,13
9271,1,12
9421,1,12
7428,2,7
8118,1,14
7641,1,13
9262,1,13
5432,1,12
6174,1,14
9797,1,12
5053,1,11
4671,1,14
8955,1,14
5603,1,12
8247,3,11
4206,1,14
9977,1,13
9316,1,12
4851,1,13
5523,2,7
7843,1,13
4135,1,13
8535,1,14
7064,1,12
9269,1,12
7412,2,12
5565,1,14
8740,1,14
6697,1,12
763,1,13
2108,2,14
2156,1,13
1662,1,13
862,1,13
72,1,13
1067,1,12
2888,2,14
204,1,14
1466,1,14
2712,1,14
246,1,14
619,1,13
3456,1,14
3422,1,14
534,1,14
1462,1,12
3303,1,14
825,1,12
1841,1,13
3031,1,12
2533,1,13
3662,1,12
1637,1,13
2597,1,12
3826,1,14
3693,1,14
1458,1,13
3900,2,11
3537,1,14
2319,1,13
264,1,13
73,1,14
1193,1,12
2665,1,12
2311,1,12
823,1,12
3125,1,14
3438,1,13
3078,1,12
2517,1,12
3650,1,12
3088,1,14
1286,1,14
3145,1,13
3305,1,13
3274,1,12
2069,1,12
1424,1,13
1350,1,12
3489,1,12
2366,2,14
1131,1,13
3705,1,13
2099,3,11
1868,1,13
974,1,13
3635,1,13
1978,1,13
58,1,13
2400,1,14
2670,1,14
3938,1,14
2681,1,12
2945,1,14
3170,1,13
1770,1,12
1610,1,12
3397,1,13
2037,1,11
2083,2,14
3560,1,13
879,1,14
479,1,13
2575,1,12
3021,1,13
2350,1,12
2453,1,14
2765,1,14
3207,1,12
1166,1,12
1125,2,14
1996,1,13
2994,1,14
1668,1,13
1164,1,12
138,1,12
112,1,14
3239,1,12
1831,1,12
3475,1,12
2916,1,14
3371,2,14
553,2,14
424,1,12
3808,1,13
1616,1,13
475,1,11
3019,1,14
3296,1,13
783,1,12
3866,1,12
3891,1,12
280,1,12
2832,1,14
311,1,14
3138,1,12
175,1,12
3647,1,14
1082,1,14
235,1,12
1512,1,14
920,1,13
1073,1,14
2377,1,12
940,1,12
1923,1,14
2968,1,12
1255,1,12
209,1,12
2993,1,12
695,1,14
1150,1,12
572,1,13
3677,1,13
210,1,14
3113,1,14
2654,1,13
1867,1,13
2413,1,12
3323,1,12
1530,1,14
364,1,14
2484,1,14
2720,1,14
1119,1,14
3644,1,14
2826,1,14
682,2,14
277,1,14
2982,1,14
1176,1,12
2193,1,12
2010,2,14
1803,1,12
470,1,13
1127,1,13
1205,1,14
2287,1,14
641,1,14
3595,1,14
3509,1,14
1085,1,13
2415,1,14
1354,1,14
2035,1,14
262,1,13
323,1,13
3928,1,14
991,1,14
30,1,14
1633,1,14
954,1,12
2738,1,13
3226,1,14
601,2,14
2494,1,14
1687,1,12
3062,2,14
3343,1,13
2164,1,14
1040,1,14
3807,1,13
2221,1,13
3396,1,13
1057,1,14
502,1,14
2114,1,13
573,1,14
2417,1,14
843,1,14
294,1,12
258,2,14
854,1,12
1445,2,14
3737,2,14
775,1,14
2454,1,14
2242,1,14
2501,1,14
2729,1,14
2705,1,14
278,1,14
3310,1,14
2091,1,14
3214,1,14
1799,1,14
2063,1,14
2363,1,12
734,1,14
374,2,7
905,1,12
2708,1,11
1980,2,7
2,2,7
924,3,11
1106,1,7
2633,2,10
3740,2,5
3941,2,5
1422,2,14
1921,2,8
2314,1,12
1075,1,12
1874,2,6
2278,1,13
1847,1,11
1211,1,12
433,1,13
2161,1,13
3723,2,7
1502,1,12
3451,1,12
2492,1,14
1459,3,12
3689,1,12
1725,1,12
346,1,14
3059,1,12
538,1,12
2094,1,8
2482,1,12
1008,1,12
817,1,12
3436,1,12
731,2,7
1905,1,13
808,1,13
3086,1,12
1399,1,12
423,1,14
622,1,12
3071,1,12
1863,1,13
1319,1,12
3821,1,12
3399,1,10
772,1,14
2153,1,14
3104,1,7
176,1,7
3084,2,12
2949,3,13
2129,1,10
2725,2,6
291,1,13
1790,2,7
2442,1,13
254,1,13
2924,1,7
3795,1,14
1386,2,7
3171,2,7
1635,2,8
925,2,5
635,2,7
662,2,7
2804,2,5
1307,1,7
1230,2,7
1653,2,6
3608,1,11
2246,2,11
1080,3,7
756,1,10
1697,1,7
2792,1,12
3344,1,9
2441,1,10
961,1,11
644,1,12
844,2,7
2460,2,7
1658,1,13
2791,1,12
3586,1,14
3034,1,7
1675,2,7
1499,2,9
1234,1,11
1846,2,6
1371,2,7
525,1,7
287,2,7
2451,2,5
221,2,5
2231,2,7
2042,1,14
3046,2,8
1294,2,14
6204,2,7
8153,1,14
7581,1,10
9836,1,14
5531,2,6
7647,1,12
9985,1,13
4517,1,13
8497,1,12
4507,1,13
6169,1,13
4481,1,12
8691,1,12
6646,1,14
5151,1,14
3986,2,5
4615,2,5
8148,1,13
9145,1,13
7920,1,14
6725,1,14
5793,1,12
9947,1,14
6365,1,12
8390,1,12
9098,1,12
7740,1,13
5269,1,13
6878,1,13
6066,1,13
6474,1,14
6467,2,14
7878,1,12
7173,3,12
6690,3,7
6576,1,13
9581,2,5
5864,1,13
9284,1,14
4242,1,14
4978,1,7
8397,1,13
7975,1,13
9470,2,5
5415,1,12
4006,1,13
9646,1,12
7813,1,13
9175,1,14
5555,1,12
7625,1,13
6704,1,14
9576,1,12
7433,1,13
7761,1,12
7491,1,14
6123,2,6
6153,1,14
6569,1,13
8019,1,12
7303,1,12
6142,2,14
7468,2,6
4750,1,12
7863,1,14
7038,1,12
5245,1,14
6406,1,12
4382,1,14
5247,1,13
4165,2,6
7807,2,14
9565,1,14
8605,1,14
4063,1,13
4355,1,14
8423,1,12
7562,1,13
4695,1,14
9382,1,10
6489,1,7
8241,1,12
5011,1,11
4461,1,12
9366,1,12
8531,1,14
5935,1,14
9259,1,12
8592,1,12
4521,1,13
8146,1,12
5030,2,8
5995,2,7
9791,2,8
8932,2,14
8506,1,14
9816,2,5
8701,1,14
5536,1,14
4342,1,14
6838,1,12
7425,1,14
4092,1,14
6180,1,12
9761,1,14
6703,2,7
8527,2,5
7917,1,12
4083,3,12
8674,2,5
5745,1,13
4483,1,12
9813,1,13
6413,1,12
7222,1,12
6145,2,13
4681,1,14
8792,1,13
8399,2,5
8801,1,14
6850,2,5
7790,2,6
6326,1,12
7980,1,13
8185,1,14
8558,1,14
9794,1,14
6881,1,14
6019,1,13
5512,2,6
8163,1,12
7058,1,14
5012,2,13
5894,2,7
4722,1,13
5385,1,12
7855,2,14
4568,1,13
5899,1,12
9431,1,12
6972,3,13
4541,1,12
9957,1,12
4236,1,14
7586,1,14
6152,1,12
6866,1,12
6114,1,13
9462,1,14
8547,1,12
7799,2,7
9767,1,12
4172,1,12
9899,1,12
7123,1,13
5508,1,12
5818,1,14
4323,2,14
6624,1,12
7585,1,13
3991,1,14
9980,1,14
7153,1,12
5272,2,6
4480,1,12
4183,1,12
5746,1,11
6277,2,7
8003,1,14
8524,1,13
9092,1,13
5838,1,12
4920,2,12
5712,1,14
9130,1,13
4434,1,14
8975,1,13
9924,1,12
5639,1,13
9283,1,14
6672,1,12
7102,1,14
5429,1,12
8393,1,14
4977,1,14
9650,1,14
4747,2,5
4025,1,14
4989,1,14
8734,2,13
6757,1,14
7344,1,12
6694,1,13
7594,1,13
5445,1,14
7674,1,12
9518,1,13
8713,1,14
9265,1,13
8931,1,13
4293,1,13
6502,1,14
8852,1,12
8089,1,14
6454,1,12
9214,1,14
9436,1,12
4987,1,12
7629,1,12
7368,1,14
5019,1,10
7278,1,12
6727,1,12
5246,1,11
7632,1,12
7190,1,7
5970,1,14
6396,1,12
4913,1,12
4173,1,14
6423,2,14
6947,2,7
7528,1,12
7944,2,13
4752,1,12
6615,1,14
9831,1,11
7919,1,13
8412,1,12
7969,2,13
9050,1,13
9471,2,14
4373,2,6
9455,1,12
4699,1,13
7194,1,12
7031,1,14
5950,1,13
7889,1,13
7000,1,14
9505,1,14
4267,1,14
6234,1,14
4364,1,13
4929,1,13
4942,1,12
4104,1,13
9069,1,14
6199,2,7
5759,2,13
6494,1,12
8962,2,14
7462,1,13
4605,2,7
4252,1,14
6299,1,14
4327,1,14
8202,1,12
8847,1,14
4087,1,14
5149,1,7
5773,1,14
5593,1,13
6409,1,12
6132,2,6
8134,1,14
4235,2,14
8419,1,14
6229,1,14
5383,1,14
7349,1,12
5532,2,14
4733,1,12
8884,1,13
4612,2,14
4450,1,13
4757,2,6
6361,1,12
9890,1,14
4260,1,12
8516,1,12
9085,2,7
9335,2,7
8576,1,14
6941,1,12
7736,1,14
5193,2,7
5886,2,7
9134,1,13
8434,1,14
9652,1,12
9345,2,14
8746,1,12
8203,1,12
4701,1,12
6781,1,12
9883,2,6
9152,1,12
7550,2,6
6637,1,13
4888,1,12
7523,2,7
4698,1,12
8782,1,14
7713,1,14
5191,2,7
4377,2,5
8639,1,13
6266,1,13
6221,2,6
9344,1,14
4811,1,12
4466,1,13
9386,1,12
6871,1,14
9683,2,14
7032,1,12
8654,1,14
7939,1,13
9007,1,12
9491,1,12
6321,1,14
5821,1,14
4717,1,12
5974,1,12
8760,1,14
6251,1,14
8880,1,12
8246,1,12
4302,1,13
9855,1,14
5941,1,12
5277,1,14
6780,1,13
4041,1,12
4393,1,11
8681,1,12
7707,1,14
5485,2,7
9949,1,12
6212,1,13
7905,1,14
4926,1,14
7359,1,13
5263,1,12
5473,1,14
7215,1,12
9823,1,13
5836,1,10
7233,1,12
7959,1,13
8993,2,14
6601,1,14
5776,1,13
7526,1,14
8685,1,12
6595,1,12
5025,2,5
7677,1,13
5336,1,10
5819,1,12
4504,1,12
4069,1,13
9201,2,13
4628,2,5
6061,1,13
8282,1,14
5541,1,12
6642,1,14
7025,1,12
9003,1,12
6563,1,12
5248,1,12
6349,2,12
4723,2,14
5758,1,13
7731,1,14
9504,1,14
4503,1,12
5260,1,10
7529,1,14
5975,1,7
8876,1,12
5363,1,13
9369,1,12
7605,1,14
7369,1,12
4900,2,6
8402,1,14
7883,1,13
9741,1,14
5506,1,12
9868,1,13
6979,1,12
4214,1,14
7728,1,14
7471,2,14
9435,2,6
5631,1,14
4821,1,14
9989,1,14
5096,1,13
6245,1,13
5517,1,13
5798,1,14
7753,1,14
9943,1,12
8466,1,14
9461,1,12
5440,1,14
9755,1,12
9163,1,13
7452,1,14
4724,1,12
6910,1,7
5455,1,13
8769,1,13
8171,1,14
6800,1,14
5714,1,10
7699,1,13
7556,1,12
4106,1,12
5672,2,6
9407,2,13
5971,1,14
8361,1,14
7030,1,14
7196,1,13
7497,2,5
9479,1,14
6530,2,7
5238,1,12
6480,1,12
7373,1,14
8048,2,5
7596,1,12
8312,1,12
4947,1,14
6761,1,13
4875,1,14
7818,2,14
6913,2,7
4692,1,12
9633,1,12
6424,3,13
9132,1,14
9596,2,5
5736,1,14
9326,1,12
8091,1,12
7266,1,14
6328,1,14
5428,1,12
9336,1,12
5829,1,14
4353,1,14
9838,1,14
5226,1,13
7298,2,14
4043,1,14
6451,1,12
3670,1,13
3457,1,14
746,1,12
3833,1,14
1227,1,13
640,1,12
3850,1,13
2353,1,14
281,1,13
1592,1,12
3118,1,14
3824,1,14
429,1,14
952,1,12
2935,1,13
929,1,12
188,2,14
1264,1,12
3333,1,12
628,1,13
3284,1,12
2432,1,14
3492,1,14
141,1,12
1401,1,14
1138,1,12
2586,1,13
1095,1,13
2388,1,12
1029,2,14
1345,1,13
1464,1,14
2802,1,14
2989,1,12
2206,1,13
3552,1,14
3913,1,12
3051,1,12
826,1,13
1535,1,12
800,1,13
1318,1,13
548,1,12
2041,1,12
2775,1,14
2157,1,13
3448,2,13
3206,1,14
1896,1,14
1043,1,13
689,1,14
3702,1,14
2152,1,12
1062,1,14
1606,1,13
329,1,14
3735,1,14
1580,1,14
1058,1,13
1410,1,13
95,1,14
1811,1,13
347,1,12
1257,1,14
2616,1,13
1948,1,13
1817,1,13
1289,1,12
3099,1,14
3085,1,13
2558,1,12
343,1,12
3758,1,12
3907,1,13
1077,1,13
2467,1,12
922,1,12
3047,1,13
2373,1,12
3704,1,12
1374,1,13
389,1,14
1046,1,9
3300,1,14
1256,1,13
2811,1,13
751,1,12
289,1,13
310,1,14
2120,2,7
2601,1,14
609,1,12
1444,1,12
2590,1,13
2214,1,12
683,1,12
2051,1,14
2679,1,14
2642,1,13
2620,1,14
2721,1,12
1850,1,9
2200,1,14
1180,1,13
3725,1,13
3690,1,13
2239,2,13
1717,1,9
358,1,12
2809,1,14
2354,1,12
2816,3,7
2546,1,13
919,1,12
910,1,12
735,1,13
979,1,13
818,1,12
598,1,14
900,1,12
1532,1,13
3288,1,14
390,1,12
1169,1,12
2113,1,13
926,1,12
408,1,12
1955,1,14
1664,1,12
3204,1,12
1170,1,13
1646,1,14
1121,1,12
3257,1,13
2483,2,14
956,1,13
2799,1,13
3674,1,13
1434,1,14
1670,2,14
1128,1,13
515,1,12
1437,1,14
656,1,14
42,1,14
1497,1,14
3659,2,12
298,2,14
2423,1,14
3562,1,13
3211,1,13
3810,1,14
134,1,13
1554,1,13
939,1,14
1691,1,14
2273,1,14
1223,1,14
1966,1,12
3542,2,13
1250,1,13
3470,1,14
1315,1,14
1958,1,14
173,1,12
1084,1,12
3313,1,14
3657,1,14
1514,1,14
2914,1,14
3093,1,14
1159,1,14
2473,1,13
200,1,13
466,1,14
1993,1,14
3935,1,14
1495,1,13
1039,2,14
1387,1,13
2155,1,14
3316,1,12
49,1,12
3515,1,14
1059,3,13
969,2,14
1754,2,14
2631,3,14
3751,1,14
3364,1,14
297,1,13
3805,1,14
866,1,13
1301,1,13
1887,1,13
2544,1,14
1090,2,14
517,1,14
1643,1,14
3828,1,14
3026,2,6
856,2,7
3953,1,6
2763,1,7
3875,2,7
1377,2,7
2719,2,8
434,1,12
1786,2,7
723,1,13
1297,2,6
907,2,11
3914,1,12
1241,2,7
2122,1,12
1549,1,12
604,1,12
3782,1,12
678,1,14
2840,1,14
983,1,11
1728,1,10
3842,1,13
1844,2,11
1157,1,14
3035,1,6
2210,1,11
1645,1,12
50,1,12
1356,1,13
895,1,10
785,1,12
2769,1,12
3717,1,13
299,1,14
1450,1,13
3675,1,12
1982,2,13
485,1,12
2081,1,13
3869,1,12
1782,1,14
3877,1,12
3114,1,12
3013,1,12
303,1,10
2447,2,10
419,1,13
889,1,12
2458,1,14
3052,1,13
1823,1,12
3178,1,12
465,1,10
2778,2,7
1930,1,12
3359,1,13
3903,2,13
1764,1,12
2555,3,7
1710,1,13
174,2,7
2583,2,5
736,2,14
1032,1,13
348,1,12
1339,1,11
217,1,7
1578,1,9
1791,1,12
2059,1,11
3251,1,11
2135,2,7
2984,2,7
857,1,13
60,1,13
382,1,12
3265,1,14
2265,2,6
886,2,7
764,1,7
295,1,12
3282,1,14
1534,2,9
2928,2,14
1425,2,7
1455,2,5
1472,2,6
3591,2,14
977,2,7
2503,2,6
3527,1,12
3261,1,7
1161,2,7
2468,2,5
2258,2,5
586,2,7
1777,2,4
3769,2,5
3512,1,13
9406,1,13
6404,2,13
7158,1,14
6641,1,12
6952,1,12
6471,1,12
9417,1,12
7777,1,12
8539,1,12
9818,1,12
6012,1,12
9548,1,12
7726,1,12
7449,1,14
9912,1,14
4280,1,12
4775,1,13
4013,1,14
5692,1,14
8899,1,13
8721,1,13
6122,1,14
9247,1,12
4304,1,13
6465,1,13
8474,1,14
4669,1,12
6455,1,14
9600,1,11
7223,2,14
4501,2,5
4457,1,12
6597,1,12
7381,1,10
4953,1,13
8845,1,12
5136,2,9
9250,1,14
8705,1,14
5384,1,12
8550,1,14
9128,1,14
4544,1,12
4990,1,11
4918,1,14
9622,1,13
4000,1,12
4769,1,13
9799,1,14
5989,1,13
5591,1,14
8370,1,13
4515,3,12
9884,2,7
9260,1,13
6564,1,14
6128,1,12
8116,1,13
5509,2,7
9315,1,13
6144,1,12
7047,2,3
8944,1,14
7018,2,13
4132,1,14
7893,1,14
5503,1,14
8651,1,13
8061,1,13
6923,1,12
6540,1,13
6784,1,14
5133,1,12
8162,1,12
7967,1,14
7256,2,11
5286,1,13
9006,2,13
8230,1,12
4416,1,14
8751,2,7
8797,1,12
5554,1,12
4999,1,12
4944,1,14
9285,1,12
5071,1,12
5577,2,7
7582,1,12
8908,1,12
7845,1,12
7026,1,14
6743,1,12
6981,1,12
6886,3,10
6079,1,13
9619,1,14
4479,1,12
7109,1,14
5590,1,13
6826,1,12
6926,1,12
8503,1,14
8658,1,12
4108,2,10
5464,1,13
9629,1,14
5946,1,13
5215,1,14
5858,1,14
8236,1,14
4684,1,11
5802,1,12
8007,2,7
6559,1,11
6729,2,7
6060,1,12
9789,1,12
8189,1,12
9355,1,13
7968,1,14
4849,1,13
4714,2,13
7258,1,14
6051,1,3
4212,1,14
7220,1,11
4022,1,12
6068,2,6
4141,1,12
4974,1,13
6281,1,14
5983,1,13
4223,2,13
7658,1,12
6607,1,13
8000,1,13
4685,1,12
6782,1,14
9016,2,5
6435,2,7
9889,1,11
7966,1,12
5545,1,14
6243,2,7
7164,1,12
9093,1,14
3995,1,14
6551,1,14
6177,1,14
8100,1,14
5047,2,7
5125,1,11
5196,1,13
5731,1,12
9232,1,12
9490,1,12
9385,1,12
4418,1,14
9678,1,14
5211,1,12
7457,1,13
6535,1,14
8744,1,13
4401,1,14
5961,1,12
8799,1,14
6524,2,14
5278,1,12
7747,1,13
7115,1,13
5583,1,14
6969,1,14
7571,1,12
6684,1,12
8794,1,14
5633,1,14
9671,1,12
4960,1,12
4864,1,12
6833,1,14
7683,1,12
8253,1,12
5594,1,12
9775,1,14
9170,1,14
4360,1,12
4570,2,12
4662,1,11
6430,1,12
5657,1,14
8723,1,14
6984,1,14
8892,1,14
8495,1,12
8789,2,4
5814,1,14
4094,1,10
7248,1,12
4051,1,12
6309,2,7
4388,1,14
7752,1,10
8602,1,14
6356,1,14
8971,1,12
6839,1,14
7352,1,13
7002,1,13
4654,1,12
6405,1,12
4690,1,14
6552,1,10
4321,1,13
8395,1,14
9717,2,5
5595,1,12
5609,1,13
6500,1,12
4996,2,14
5871,1,13
9358,1,13
6748,2,9
4660,1,13
6131,1,12
7522,1,12
5904,2,14
8149,1,12
5107,1,12
6067,1,12
5504,1,14
7129,2,13
7151,1,12
8768,1,14
7538,2,11
8587,1,9
8018,1,13
8226,1,14
5806,1,13
6036,1,14
7128,1,13
8771,3,12
7796,1,14
3956,1,14
8072,1,14
3965,1,10
6064,1,12
9256,1,12
8731,1,14
7442,1,12
5515,1,12
9274,1,12
6553,1,14
9040,1,14
5170,3,12
4469,1,12
5087,1,7
7955,1,12
6109,1,11
7534,1,13
8812,1,12
8952,1,12
8347,1,12
4649,1,10
4117,1,12
7792,1,14
9428,1,14
4683,1,13
4835,1,12
8147,2,7
5917,2,7
4019,1,12
7687,1,13
8988,1,14
5926,1,14
4854,1,14
4784,1,12
9388,2,5
6666,1,14
5782,1,13
5103,1,14
9087,1,13
4788,1,14
4030,1,14
5213,1,14
9025,1,12
8227,1,13
7983,1,14
8273,1,13
7317,2,10
6829,2,5
7108,2,9
6206,1,14
7224,1,13
6398,1,14
7672,1,14
4937,1,14
8129,2,8
9747,1,12
8207,2,5
8935,1,12
6464,1,10
7654,1,14
4895,2,11
8255,1,12
6306,1,13
8335,1,13
9446,1,14
4651,1,12
9332,2,7
8640,1,14
6244,1,7
6348,1,12
5321,1,13
6047,1,13
9363,1,13
7766,1,12
8277,1,12
4838,1,11
6485,1,14
9733,1,14
7484,1,12
6476,1,12
9148,1,10
6702,1,14
8719,1,14
4169,1,12
6744,1,7
6163,1,13
6192,1,13
4118,1,14
8846,1,6
5326,1,12
8556,1,14
8819,1,13
7121,1,12
5476,1,12
7591,1,14
9041,1,14
7881,1,12
4205,1,14
7434,1,12
6896,1,12
7250,1,14
6373,2,5
8834,1,13
6810,1,12
5820,1,13
9291,2,13
9658,1,14
9475,1,14
8025,1,13
4863,1,12
5626,1,14
5687,1,12
4905,1,14
9863,1,12
6156,2,7
8521,1,13
6942,2,7
8607,1,14
4847,1,14
4439,1,14
4344,2,12
4467,1,14
4027,1,14
4638,1,14
7576,2,12
4627,1,13
5259,2,6
7539,1,12
9589,1,12
5395,1,12
4812,1,14
4874,2,7
6323,1,13
8464,1,12
7684,1,14
5291,1,14
7868,1,14
6842,2,10
4098,1,14
4891,3,12
4774,1,14
9793,1,13
6860,1,14
6766,1,13
7822,1,14
9704,1,9
9508,1,12
7174,1,14
5998,1,13
9877,1,13
7179,1,13
4783,1,12
5695,1,14
4231,1,13
7221,1,14
4593,1,12
9604,1,14
8613,1,12
8093,1,12
8296,1,14
4054,1,12
9492,2,14
4740,1,7
5209,1,12
9572,1,14
5940,1,14
5072,1,12
8011,1,12
8217,1,14
7057,1,14
5221,1,12
6005,1,13
8076,1,14
9507,1,10
5880,1,14
9074,1,11
5076,1,14
9982,1,12
6819,1,12
4208,2,5
4258,2,14
6179,1,14
3981,1,14
7229,1,14
4726,1,12
8964,2,8
8095,1,14
8943,2,5
6056,1,12
6020,1,14
4153,1,12
6149,1,14
9891,1,14
5702,1,14
7733,1,14
4262,1,13
9080,1,13
7036,1,13
6628,1,14
6760,1,12
8271,1,14
8813,1,12
4478,2,5
8889,1,14
9689,1,13
6393,2,14
8937,2,5
6776,2,6
4785,2,7
6009,2,7
5092,1,13
8136,1,14
7077,1,14
5658,1,13
4228,1,13
5629,1,12
8009,1,12
5392,1,7
9649,1,14
3520,1,12
1640,1,14
779,1,12
2073,2,12
1347,1,13
80,1,12
3320,1,13
2167,1,12
1704,1,12
2626,1,14
3703,1,13
880,2,14
3837,1,13
602,1,13
3545,1,14
1940,1,13
2315,1,13
1348,1,13
1842,1,14
2527,1,13
2176,1,13
2768,1,14
3901,1,13
2694,1,14
3330,1,14
576,1,14
3617,2,13
78,3,14
510,2,14
23,1,14
2409,1,10
3140,1,14
3629,1,13
1343,1,14
1747,1,14
529,1,12
3937,1,14
3827,1,14
1971,1,13
282,1,14
2947,1,12
2105,1,14
2862,1,14
195,1,12
2845,1,12
3663,1,12
3521,1,13
473,1,14
1213,1,14
1484,1,12
399,1,13
2795,1,14
2831,1,14
2054,1,14
896,2,14
198,1,14
2783,1,14
3776,1,13
3579,1,12
3271,1,13
1900,1,14
771,3,13
1306,1,14
2565,1,12
3835,1,13
2593,1,12
585,1,12
3948,1,14
2346,2,12
3834,1,14
2896,2,14
478,1,12
3,1,14
853,1,14
700,2,11
1720,1,12
2926,1,13
3558,1,14
324,1,13
1287,1,14
2294,1,13
1852,1,14
2178,2,7
2426,1,14
3790,1,13
1696,1,14
8,1,13
851,1,12
189,1,12
413,1,12
3202,1,14
14,1,11
3379,1,12
3053,1,14
1750,1,12
743,1,12
1381,1,12
932,1,12
2304,1,12
523,1,13
1030,1,13
3622,1,12
1216,1,12
2881,1,12
1390,1,12
2230,1,11
1641,1,12
3000,1,12
526,1,12
737,1,14
1384,1,14
1871,1,12
702,1,12
3119,1,12
2498,1,14
3055,1,13
3912,1,13
3906,1,14
1018,1,12
1678,1,14
410,1,14
2983,1,12
3798,1,12
153,1,13
137,1,13
994,1,13
2976,2,7
3909,1,12
927,1,13
2550,1,10
238,2,14
288,1,14
3280,1,14
2422,1,11
2836,1,14
1321,1,14
3584,1,14
3799,1,14
380,1,10
2332,1,14
3706,1,13
2995,1,14
1140,1,12
1587,1,14
3870,1,14
3246,1,12
3285,1,14
935,1,14
3189,1,14
3008,1,14
2043,1,13
140,2,14
3532,1,14
945,1,12
2907,1,14
2894,1,14
3730,1,14
2370,1,14
2241,1,14
3775,1,14
363,1,12
2513,1,12
2096,1,14
1780,1,12
3185,1,14
724,1,14
916,1,13
1004,1,14
3773,2,12
1195,1,14
3375,1,13
633,1,14
3398,1,12
2948,1,12
509,1,14
184,1,12
2272,1,12
3249,1,12
1336,1,14
1358,1,14
1795,1,12
3155,1,12
2361,1,12
2072,1,14
2688,1,14
10,1,13
3496,1,14
967,1,14
2390,1,13
2365,2,14
101,1,13
92,1,14
2012,1,12
519,1,14
692,1,14
490,1,14
3615,1,14
1154,1,13
2440,1,14
181,1,13
3029,2,7
3190,1,10
3495,1,7
688,2,7
3800,2,5
126,1,7
2021,2,7
2414,2,7
1174,2,8
3001,1,12
1536,1,7
2349,3,7
747,1,12
375,2,6
3780,1,10
2024,2,5
2821,1,10
1465,1,7
398,1,14
3504,1,13
1048,1,12
2437,1,12
2564,1,12
3177,1,12
143,1,13
2696,2,5
161,2,9
2252,1,14
1316,2,7
1609,1,10
234,1,12
2465,1,14
1620,1,12
2782,2,14
732,1,12
595,1,12
2298,1,14
3472,2,14
2179,1,12
98,2,11
2850,1,12
1869,2,12
1268,2,14
1788,1,10
2191,1,10
570,1,12
2247,1,10
337,1,10
57,1,12
1707,1,12
3346,1,12
796,1,12
2901,2,14
2580,1,12
2392,1,12
3796,1,13
1109,1,12
2168,1,12
1132,1,12
3407,2,6
1299,1,13
1261,1,12
43,2,12
3564,2,7
3605,2,8
331,2,7
3256,2,10
2855,2,6
170,1,14
3242,2,7
1498,1,12
1792,2,5
3162,1,11
1108,2,13
778,1,12
37,1,11
1963,1,12
2625,1,9
3072,1,13
3482,1,12
236,1,12
3738,1,7
203,1,12
1269,1,13
1393,1,13
2892,2,7
1767,2,5
2220,2,4
1493,2,6
2574,2,6
665,1,6
212,1,14
3004,2,6
2251,2,6
3829,2,5
1939,2,5
3081,2,5
1521,2,7
1259,2,3
2917,1,14
5560,1,12
7717,1,14
6049,1,12
7805,1,14
8802,1,12
7014,1,12
5115,1,14
9867,1,12
5519,1,12
5495,1,12
5113,1,13
5082,1,14
9696,1,13
7053,1,14
7504,1,13
9644,1,14
9893,1,14
5575,1,12
8302,1,13
9494,1,13
7541,1,12
4146,2,13
9894,1,14
6216,1,12
9535,1,12
8584,2,7
4896,1,13
9453,2,7
7148,1,13
9766,1,14
4454,1,14
9216,1,12
5936,2,10
5069,1,12
4551,1,14
8848,1,12
5123,1,12
6473,1,13
4061,2,14
7515,1,12
7738,1,14
8478,1,14
9719,2,12
8279,1,13
4808,1,14
7748,1,14
7069,1,12
9564,1,13
5074,1,13
4545,1,13
9373,1,14
8555,1,9
7724,2,6
5426,2,7
9097,2,7
7760,1,12
9414,1,12
5028,1,14
6087,1,14
4436,1,14
9711,1,14
9768,2,14
8615,1,13
5104,1,12
5846,1,13
5119,1,14
4149,1,13
6209,2,7
8098,1,12
5857,1,14
6741,1,12
6477,1,12
7155,1,14
5141,1,12
7118,1,13
5281,2,14
9339,2,5
9673,2,5
5399,1,14
6844,1,12
4385,1,12
9734,2,5
9359,2,8
6364,2,14
7560,2,7
5976,1,14
6255,1,13
8311,1,13
4603,2,5
6668,2,6
8966,1,14
4488,2,5
4763,1,14
9380,1,13
7897,1,12
8614,1,14
8033,1,12
7644,1,14
4509,1,12
9969,1,12
6334,1,13
7947,1,14
8323,1,12
5293,1,14
9287,1,12
4171,1,11
7320,1,14
7020,1,12
4046,1,12
6585,1,13
8644,1,13
9954,1,12
5540,1,12
5231,2,13
9828,2,14
8121,2,14
6285,1,7
9559,1,13
6370,2,12
4986,1,12
8145,1,13
9321,1,12
9212,1,14
8850,1,12
4100,1,14
5521,1,14
9184,1,11
6241,3,7
7301,1,10
5219,1,13
7705,1,12
8633,1,14
5070,1,12
9000,1,14
4403,1,14
8268,1,13
8636,1,12
7765,1,14
7328,1,11
9157,1,13
7869,1,12
9055,1,14
4475,1,14
6202,1,12
8454,1,12
8548,1,13
9929,1,14
7693,1,13
4432,1,13
9676,2,6
5099,2,5
6514,1,12
5068,1,14
8321,1,12
9308,1,14
7517,1,14
5142,1,14
4607,1,14
8391,1,13
7168,1,12
8683,1,12
9509,3,12
8480,1,12
6284,1,6
7403,1,13
4658,1,12
6898,2,13
7842,1,14
8234,1,12
6010,1,12
5048,1,12
8054,1,14
7531,1,12
9807,1,14
7480,1,12
8878,1,14
7144,1,12
5255,2,5
5109,1,14
7364,1,12
5480,1,13
5187,1,12
9302,1,14
8541,1,13
4042,1,14
9253,1,12
9887,1,13
6029,1,13
7907,1,13
5063,1,13
7086,1,13
6427,1,14
5391,2,7
6053,1,14
9591,1,14
6273,1,12
5145,1,13
8081,2,13
7723,1,12
7004,1,13
4952,1,13
7127,1,14
6347,2,14
7265,1,12
6279,1,12
6949,2,5
8291,1,12
6445,1,14
7832,1,12
6657,1,14
5301,2,12
5174,1,12
5648,1,11
7593,1,12
9482,1,13
5576,1,14
6048,1,12
9440,1,14
8376,1,14
7200,1,13
5129,1,14
8180,1,14
7846,1,12
9903,1,14
8678,1,14
4456,1,14
6696,1,12
6907,1,12
8372,1,14
6077,1,13
4040,1,13
7618,1,13
6520,2,12
9702,1,14
8726,1,14
5111,2,7
5386,1,14
6773,1,12
5703,1,14
4458,1,14
4191,1,13
8114,1,14
7337,1,13
8248,1,14
7630,1,12
8211,1,13
6772,1,12
9846,1,14
6935,1,12
5437,1,14
4023,1,14
6354,3,14
5250,1,14
8169,1,12
9090,1,12
4215,2,14
9787,1,11
7365,1,12
9959,1,14
4557,1,12
6117,1,12
7737,1,13
6802,1,7
9341,1,14
8557,1,12
5827,1,12
5200,1,12
4554,1,14
6499,2,8
9694,1,13
6098,1,12
4241,1,13
4809,1,14
6905,2,7
7182,2,6
3978,1,12
7419,1,13
4221,2,7
9718,1,13
7044,1,12
6513,2,7
7249,1,14
6039,1,12
6099,1,12
7159,1,12
9310,2,7
4505,1,12
7348,1,14
9120,1,13
6076,1,14
4576,2,5
4828,1,12
5086,1,12
8386,1,13
7588,1,14
6930,1,12
4139,1,13
9994,3,14
8572,1,10
8438,1,13
9450,2,14
7685,1,13
5611,1,12
5847,1,13
3972,1,12
7389,1,12
4713,1,12
7712,1,12
9371,1,13
5956,1,12
5404,1,12
6459,2,14
7637,1,12
3957,2,12
9206,1,14
8552,2,13
5381,1,13
9885,1,14
9532,1,12
6867,1,11
4145,1,13
8669,1,14
5661,1,13
7405,1,12
6918,1,14
8998,1,12
7285,1,14
4584,1,12
6667,2,7
5529,1,14
9708,1,13
7329,1,12
6151,1,13
8559,1,12
4224,1,14
9476,3,12
7896,1,14
6118,1,13
4192,1,12
6307,1,14
5764,1,13
9540,1,14
9364,2,13
6921,2,7
7540,2,9
6588,2,14
4227,1,12
7700,1,13
6372,1,11
9372,1,14
4650,1,13
4211,1,13
7236,1,12
7325,1,13
9930,1,14
6346,1,14
9946,1,14
8077,1,12
6439,3,12
8431,1,14
8373,1,14
4520,1,14
5673,2,12
4408,1,12
5444,2,6
4885,1,13
9858,2,10
8349,1,13
7079,1,12
8190,1,12
9931,1,12
8922,1,14
6726,1,12
4138,1,12
8668,1,13
4530,1,14
4444,1,14
7636,1,12
7927,1,12
8082,1,12
5516,1,12
6315,1,12
8978,2,13
9122,2,7
6688,3,12
9071,1,12
6483,1,14
6623,1,14
9513,1,12
6256,1,14
7496,1,11
9072,1,13
7455,1,13
7007,1,9
5154,1,13
8154,1,14
7771,1,14
5730,1,14
9299,1,12
5875,1,12
9653,1,14
9391,1,13
8594,1,14
9968,1,12
5533,1,13
7745,1,14
5244,2,12
8930,1,12
7034,1,12
9207,1,12
5158,2,6
5393,1,12
7243,2,8
6786,1,12
5690,1,12
4390,1,11
8426,1,12
9196,1,14
4590,1,14
4834,1,12
4876,1,12
8886,1,12
4298,2,12
5369,1,14
6294,1,13
5804,1,13
7331,1,12
7722,1,14
5185,2,7
7851,1,12
4029,2,5
4062,2,8
6745,1,12
7525,1,12
6379,1,7
6596,1,14
6059,1,12
6195,1,12
5106,1,14
6655,1,12
7841,2,14
7142,1,12
6472,1,12
4251,1,12
8212,2,7
5774,1,14
5418,1,12
5572,1,12
6071,2,7
6708,3,13
6024,2,5
8135,1,12
6816,1,14
9240,1,13
4614,2,7
7035,1,12
8915,2,5
9149,1,12
9124,1,14
6084,1,12
8472,2,13
5608,2,10
501,1,13
3533,1,12
1603,1,12
3217,1,13
9,1,14
3927,1,12
1546,1,14
1946,1,14
2860,1,13
3768,1,12
615,1,14
3922,1,13
2967,2,14
3791,2,14
1540,1,10
3273,1,14
646,1,14
3880,1,12
3458,1,14
1099,1,13
1755,1,13
3073,1,14
2237,1,12
3020,1,12
2057,1,14
3819,1,12
325,1,13
3002,1,14
3794,2,13
216,1,13
1488,1,12
67,1,14
3691,1,12
2711,1,13
1248,1,12
3872,1,14
2289,1,12
3351,1,13
2128,1,14
127,1,14
3083,1,12
3268,1,12
2079,1,12
321,1,13
2767,1,13
1644,1,12
2745,1,12
3513,1,13
428,1,12
142,1,12
804,1,12
445,1,12
664,1,12
3147,1,12
3874,1,12
2656,1,13
3308,1,13
2798,1,13
2877,1,14
1544,1,14
1491,1,13
1651,1,14
978,1,14
1507,1,14
3065,2,12
1761,1,14
1360,1,12
201,1,12
1373,1,14
2660,1,14
3669,1,12
2987,1,12
2912,1,12
3715,1,14
1797,1,11
3183,1,12
3679,1,14
2150,1,12
1372,1,12
1970,1,14
2213,1,14
2779,1,12
3092,1,12
2061,1,14
2095,1,12
2372,1,12
1976,1,12
139,1,12
1010,1,14
2235,2,14
2785,1,13
252,1,13
3148,1,14
2044,1,13
2594,1,14
3465,1,12
1808,1,14
93,1,14
1873,1,12
3843,1,14
1330,1,13
104,1,13
3806,1,12
3664,1,13
2961,1,14
2086,1,14
1928,1,12
3797,2,7
3182,1,14
2735,1,13
3895,1,14
1071,1,13
3087,3,12
3838,1,12
2700,2,14
1508,1,12
1794,1,12
1537,1,11
1936,1,13
251,1,12
3283,1,12
213,1,10
3916,1,14
2686,1,13
1584,1,14
3050,1,13
3120,1,12
2697,1,13
2803,1,14
105,1,12
1470,1,12
403,1,14
3352,1,14
483,1,14
1845,2,14
2824,1,14
2627,1,13
3886,1,14
1461,1,14
2977,2,14
3672,1,12
715,2,12
191,1,13
2159,1,14
666,1,12
2603,1,14
3616,1,14
2671,1,13
3945,1,14
2348,1,14
522,1,14
2491,1,14
1391,1,12
2764,1,13
3348,1,14
2666,1,14
3848,1,14
562,1,14
2048,1,14
2992,1,14
1411,1,14
848,2,14
1064,1,13
2248,1,14
271,1,13
1290,1,13
3597,1,12
3878,1,14
350,2,14
2549,1,14
1146,1,14
322,1,12
1033,2,7
709,2,14
1561,1,14
3476,1,12
3788,1,14
2148,1,14
3845,1,14
3063,1,13
411,1,12
2158,1,14
1344,2,13
647,1,14
2449,1,12
18,1,12
3040,1,14
2185,1,14
1910,2,14
27,2,14
3803,1,14
1015,1,14
3947,1,14
3588,1,14
2308,2,14
3160,1,12
680,2,8
2648,1,12
1835,1,12
3174,1,14
1815,2,14
3345,1,12
1247,1,7
2238,2,7
2182,2,7
2060,2,7
2934,2,8
3172,1,12
3419,1,13
669,1,12
3425,1,7
1388,2,14
2825,3,7
1404,2,7
2956,1,12
2602,1,13
2284,1,7
2874,2,12
2818,1,13
1303,1,12
630,1,13
2053,1,10
2295,1,14
182,1,13
3581,1,12
2282,1,12
1749,1,14
2253,1,12
2915,1,10
2499,1,10
44,3,12
3565,1,12
16,1,13
1737,1,12
3479,1,13
207,3,13
1483,2,7
3844,2,13
2500,1,12
2667,1,14
2612,1,12
1927,1,12
1293,1,14
3095,2,8
2317,1,14
567,1,12
2302,2,7
3625,1,12
383,1,10
2863,2,7
2566,1,11
3229,1,10
2125,1,12
2556,1,12
214,3,13
2025,1,13
3325,2,7
314,2,14
1184,2,7
1602,1,7
877,1,14
1951,2,7
1228,3,7
589,2,7
1519,1,12
1144,2,7
2640,2,7
2226,2,5
75,2,7
2651,1,13
1486,1,12
2582,2,6
2787,1,11
1005,1,12
3643,1,12
1865,1,10
3696,1,12
1692,1,12
269,1,12
2604,1,11
1263,2,9
1630,1,10
2846,1,7
1983,1,12
2121,1,13
1175,1,12
755,2,7
3454,2,7
2307,2,5
12,2,7
3423,1,13
3181,2,5
3940,2,13
3173,2,13
2541,2,7
2301,2,7
317,2,2
2695,2,7
3278,1,14
906,1,12
