random_ID,NZDep2006,ch_asian,ch_euro,ch_maori,ch_melaa,ch_other,ch_pacific,m_age,m_asian,m_euro,m_maori,m_melaa,m_other,m_pacific,m_wklfs_code,bedroom_count_code,m_years_at_addr_code,m_tenure_holder_code,m_education,m_work_hours,m_smoke,m_income_srce7,m_income_srce8,m_income_srce9,m_income_srce10,m_income_srce11,m_income_srce12,ch_sex,child_depend_family_type_code,heat_fuel,m_family_role_code,telecomm1_code,telecomm2_code,telecomm4_code,usual_resdnt_count_code,twin,singparstat,total_income_hhld_code
2,9,0,1,0,0,0,0,18,0,1,0,0,0,0,4,2,1,2,0,0,1,0,0,0,0,0,0,1,31,1,1,1,99,99,2,1,2,7
9,7,0,1,0,0,0,0,29,0,1,0,0,0,0,4,3,1,2,0,0,1,0,0,0,0,0,0,1,31,1,1,1,99,99,4,1,2,4
23,6,0,1,1,0,0,0,30,0,1,1,0,0,0,4,5,0,2,1,0,3,0,0,0,0,0,0,1,31,1,1,1,2,4,7,1,2,14
36,3,0,1,0,0,0,0,21,0,1,0,0,0,0,4,3,0,2,2,0,3,0,0,1,0,0,1,1,31,1,1,1,99,99,3,1,2,8
54,10,0,0,1,0,0,0,18,0,0,1,0,0,0,3,4,6,1,0,0,1,1,1,0,0,0,0,1,31,1,1,99,99,99,8,1,2,3
57,9,0,0,0,0,0,0,23,0,0,1,0,0,0,4,3,1,2,0,0,1,0,0,0,0,0,0,2,31,1,1,1,99,99,5,1,2,6
62,10,0,0,0,0,0,1,18,0,0,0,0,0,1,4,4,20,2,0,0,1,0,0,1,0,0,0,1,31,0,1,99,2,4,6,1,2,14
68,3,0,0,0,0,1,0,40,0,1,0,0,0,0,2,3,1,1,2,0,3,0,0,0,0,0,0,1,31,1,1,99,2,4,3,1,2,14
75,10,0,0,1,0,0,0,31,0,0,1,0,0,0,4,3,2,2,0,0,2,0,0,1,0,0,0,2,33,1,1,1,99,99,6,1,2,11
77,10,0,0,0,0,0,1,32,0,0,0,0,0,1,4,3,4,2,1,0,2,1,0,1,0,1,0,2,31,1,1,1,2,4,4,1,2,13
99,10,0,0,0,0,0,1,21,0,0,0,0,0,1,4,3,4,2,1,0,2,0,1,1,0,0,0,1,31,1,1,99,2,99,6,1,2,11
101,10,0,0,1,0,0,1,20,0,0,1,0,0,0,4,3,0,2,0,0,3,0,0,0,0,0,0,2,31,1,1,1,99,99,2,1,2,4
108,4,0,1,0,0,0,0,19,0,1,0,0,0,0,4,4,0,2,0,0,3,0,1,1,0,0,0,1,31,1,1,1,2,4,6,1,2,14
114,10,0,0,0,0,0,1,28,0,0,0,0,0,1,1,3,4,2,10,25,3,0,0,0,0,0,1,1,31,1,1,99,2,4,9,1,2,13
123,7,0,1,1,0,0,0,34,0,0,1,0,0,0,4,2,2,2,1,0,1,0,0,0,0,0,0,1,31,1,1,1,2,4,3,1,2,11
129,8,0,0,0,0,0,1,23,0,1,0,0,0,1,4,3,0,2,0,0,1,0,0,0,0,0,0,1,31,1,1,1,2,99,2,1,2,8
134,7,0,1,1,0,0,0,35,0,1,1,0,0,0,4,5,2,2,8,0,3,0,0,1,0,1,0,2,31,1,1,1,2,4,7,1,2,12
137,10,0,0,1,0,0,0,22,0,1,0,0,0,0,4,3,7,2,1,0,2,0,0,0,0,0,0,2,31,1,1,1,2,4,3,1,2,7
142,10,0,1,0,0,0,1,26,0,0,0,0,0,1,4,4,0,1,8,0,2,0,0,1,0,0,0,2,31,1,1,1,2,4,6,1,2,13
169,8,0,0,0,0,0,0,25,0,0,0,0,0,0,4,2,2,2,1,0,1,0,0,1,0,0,1,1,31,1,1,1,99,99,6,1,2,11
170,8,0,0,0,0,1,0,31,0,0,0,0,1,0,4,3,0,2,2,0,2,0,0,0,0,0,0,2,31,1,1,1,2,99,3,1,2,5
171,7,1,0,0,0,0,0,37,1,0,0,0,0,0,1,4,4,1,11,25,3,0,0,0,0,0,0,2,31,1,1,1,2,4,2,1,2,10
181,5,0,1,0,0,0,0,35,0,1,0,0,0,0,4,3,0,2,11,0,2,0,1,1,0,0,0,1,31,1,1,1,2,4,4,1,2,14
188,5,0,1,0,0,0,0,33,0,1,0,0,0,0,4,3,6,1,11,0,3,0,0,0,0,0,0,2,31,1,1,1,2,99,2,1,2,9
197,9,0,0,1,0,0,1,26,0,0,1,0,0,0,4,3,2,2,2,0,1,1,0,1,1,0,0,2,33,1,1,1,2,99,8,1,2,14
204,1,0,1,0,0,0,0,40,0,1,0,0,0,0,4,3,9,1,1,0,2,0,0,0,0,0,0,2,31,1,1,99,2,4,2,1,2,9
217,10,0,1,1,0,0,1,29,0,1,1,0,0,1,4,1,2,2,1,0,1,0,0,0,0,0,0,2,31,1,1,1,2,99,3,1,2,5
225,5,0,1,0,0,0,0,21,0,1,0,0,0,0,4,4,9,2,8,0,3,0,0,1,0,0,0,1,31,1,1,1,2,4,4,1,2,14
232,10,0,0,1,0,0,0,32,0,0,1,0,0,0,4,3,2,2,0,0,1,0,0,0,0,0,0,1,31,1,1,99,99,99,5,1,2,5
238,3,0,1,0,0,0,0,18,0,1,0,0,0,0,3,4,1,2,0,0,1,0,0,1,0,0,0,2,31,1,1,1,2,4,4,1,2,10
240,5,0,1,0,0,0,0,20,0,1,0,0,0,0,4,1,1,2,2,0,2,0,0,0,0,0,0,1,31,1,1,1,2,4,2,1,2,5
241,7,0,0,1,0,0,1,28,0,0,1,0,0,0,1,3,4,2,1,25,1,0,0,0,0,0,0,2,31,1,1,1,99,99,5,1,2,6
250,10,0,1,1,0,0,1,26,0,1,0,0,0,0,1,3,5,2,2,0,3,0,0,0,0,0,0,1,31,1,1,1,2,4,3,1,2,8
252,9,0,1,0,0,0,0,29,0,1,0,0,0,0,4,4,3,2,0,0,1,0,0,0,0,0,0,2,31,1,1,1,99,99,4,1,2,11
266,10,0,1,1,0,0,0,19,0,1,1,0,0,0,4,3,0,2,3,0,3,0,0,0,0,0,1,2,31,1,1,1,2,4,6,1,2,14
267,9,0,1,1,0,0,0,19,0,1,1,0,0,0,4,3,0,2,0,0,1,0,0,0,0,0,0,1,31,1,1,99,99,99,4,1,2,4
270,10,0,0,1,0,0,0,24,0,0,1,0,0,0,3,2,0,2,1,0,1,1,1,1,1,0,0,2,31,1,1,1,99,99,6,1,2,11
283,10,0,0,1,0,0,0,36,0,0,1,0,0,0,2,3,4,2,0,25,1,0,0,0,0,0,0,1,31,1,1,1,99,99,5,1,2,7
284,8,1,0,0,0,0,0,27,1,0,0,0,0,0,3,2,0,2,4,0,3,0,0,0,0,0,0,2,31,1,1,99,2,99,3,1,2,7
285,10,0,1,1,0,0,0,26,0,1,1,0,0,0,4,3,4,2,0,0,1,0,0,0,0,0,0,1,31,1,1,1,99,99,4,1,2,5
294,5,0,0,1,0,0,0,27,0,0,1,0,0,0,4,3,1,2,0,0,1,0,0,0,0,0,0,1,31,1,1,1,99,99,5,1,2,6
300,10,1,1,0,0,0,0,25,0,1,0,0,0,0,2,4,0,2,0,0,1,0,0,0,0,0,0,2,31,1,1,99,2,99,2,1,2,6
302,10,0,1,0,0,0,0,32,0,1,0,0,0,0,4,3,0,2,0,0,1,0,0,0,0,0,0,2,31,1,1,1,2,4,7,1,2,7
307,10,0,0,1,0,0,0,24,0,0,1,0,0,0,4,5,1,2,2,0,1,0,0,1,0,0,0,2,31,1,1,99,99,99,6,1,2,9
311,8,0,0,1,0,0,0,30,0,0,1,0,0,0,2,3,1,2,2,25,2,0,0,0,0,0,0,2,31,1,1,1,2,4,4,1,2,8
335,6,0,1,1,0,0,1,32,0,1,1,0,0,0,4,3,8,2,1,0,3,0,0,0,0,0,0,1,31,1,1,1,2,99,5,1,2,9
340,9,0,1,1,0,0,0,35,0,1,1,0,0,0,2,4,0,2,2,14,1,0,0,1,0,0,0,2,31,1,1,1,2,99,7,1,2,13
344,9,1,0,1,0,0,0,31,0,0,1,0,0,0,4,4,0,2,5,0,2,0,0,1,0,0,0,1,31,1,1,1,99,99,4,1,2,5
355,9,0,0,1,0,0,0,21,0,0,1,0,0,0,4,3,1,2,8,0,2,0,0,1,0,1,0,1,31,1,1,1,99,99,6,1,2,13
357,10,0,1,0,0,0,0,25,0,1,0,0,0,0,4,3,0,2,1,0,1,0,0,0,0,0,0,1,31,1,1,1,99,99,3,1,2,7
359,5,0,1,1,0,0,1,21,0,0,0,0,0,1,2,3,2,2,0,6,3,0,0,0,0,0,0,1,31,1,1,1,2,99,2,1,2,8
370,5,0,1,0,0,0,0,34,0,1,0,0,0,0,4,2,2,2,0,0,3,0,0,0,0,0,0,2,34,1,1,1,2,99,2,1,2,7
378,9,0,0,1,0,0,1,26,0,0,1,0,0,0,4,3,0,2,0,0,1,0,0,0,0,0,0,2,31,1,1,1,99,99,4,1,2,10
381,6,0,1,0,0,0,0,19,0,1,0,0,0,0,3,4,0,2,1,8,1,0,0,0,0,0,0,2,31,1,1,1,2,4,4,1,2,13
397,3,0,1,0,0,0,0,25,0,1,0,0,0,0,4,4,0,2,11,0,1,0,0,0,0,0,0,1,31,1,1,1,2,99,4,1,2,6
403,4,0,1,0,0,0,0,36,0,1,0,0,0,0,3,4,5,1,11,0,3,0,0,0,0,0,0,2,31,1,1,1,2,4,4,1,2,5
404,7,0,1,0,0,0,0,21,0,1,0,0,0,0,4,3,0,2,7,0,1,0,0,0,0,0,0,2,31,1,1,1,99,99,3,1,2,7
409,4,0,1,0,0,0,0,28,0,1,0,0,0,0,4,4,0,2,0,0,2,0,0,1,0,1,1,2,31,1,1,1,2,4,5,1,2,12
410,8,0,0,1,0,0,0,37,0,0,1,0,0,0,2,3,2,1,0,0,1,0,0,1,0,0,0,2,33,1,1,99,99,99,7,1,2,12
428,10,1,1,1,0,0,0,23,0,1,1,0,0,0,4,2,0,2,0,0,2,0,0,0,0,0,0,1,31,1,1,1,99,99,3,1,2,5
429,6,0,1,0,0,0,0,38,0,1,0,0,0,0,1,3,4,1,10,25,2,0,0,0,0,0,0,2,31,1,1,1,2,4,3,1,2,12
430,10,0,0,0,0,0,1,29,0,0,0,0,0,1,4,2,5,2,0,0,3,0,0,0,0,0,0,1,31,1,1,99,2,99,6,1,2,3
433,7,0,1,0,0,0,0,22,0,1,0,0,0,0,4,4,0,2,0,0,1,0,0,0,0,0,0,2,31,1,1,1,99,99,2,1,2,5
435,5,0,1,0,0,0,0,35,0,1,0,0,0,0,2,3,3,2,1,0,1,0,0,0,0,0,0,2,31,1,1,1,99,99,4,1,2,4
436,5,0,1,0,0,0,0,26,0,1,0,0,0,0,4,2,2,2,7,0,3,0,0,0,0,0,0,1,31,1,1,1,2,99,4,1,2,8
444,7,0,1,1,1,0,0,26,0,1,1,0,0,0,4,3,0,2,1,0,2,1,0,1,0,0,1,1,31,1,1,1,2,4,4,1,2,14
449,8,0,0,0,0,0,0,35,0,1,0,0,0,0,4,3,1,2,0,0,1,0,0,0,0,0,0,1,31,1,1,1,99,99,5,1,2,8
452,10,0,0,0,0,0,1,41,0,0,0,0,0,1,4,4,10,2,3,0,1,1,0,1,0,1,0,2,33,1,1,1,2,4,6,1,2,13
457,7,0,1,1,0,0,0,26,0,1,1,0,0,0,4,2,2,2,6,0,3,0,0,0,0,0,0,1,31,1,1,1,99,99,2,1,2,3
458,9,0,1,0,0,0,0,24,0,1,0,0,0,0,2,3,3,2,2,5,1,0,0,1,0,0,1,2,31,1,1,1,2,99,4,1,2,10
462,10,0,1,1,0,0,0,16,0,1,1,0,0,0,4,3,3,2,1,0,1,1,0,1,0,0,1,1,31,1,1,1,99,99,9,1,2,12
466,8,1,0,0,0,0,1,21,1,0,0,0,0,0,3,4,7,2,7,0,3,1,1,1,0,0,1,2,31,1,1,1,2,4,6,1,2,11
469,8,0,0,1,0,0,0,28,0,0,1,0,0,0,1,3,3,2,1,0,1,0,0,0,0,0,0,1,31,1,1,1,2,4,4,1,2,8
490,3,0,1,0,0,0,0,21,0,1,0,0,0,0,4,3,0,2,1,0,1,0,0,0,0,0,0,1,31,1,1,1,99,99,3,1,2,8
504,9,0,1,0,0,0,0,19,0,1,0,0,0,0,4,3,20,2,1,0,1,0,1,1,0,0,0,1,31,1,1,1,2,99,3,1,2,14
506,8,0,1,1,0,0,0,26,0,0,0,1,1,0,2,5,0,2,6,0,3,0,0,1,0,0,0,2,31,1,1,1,2,4,4,1,2,14
512,3,0,1,0,0,0,0,30,0,1,0,0,0,0,4,3,2,1,2,0,3,0,0,0,0,0,0,2,31,1,1,1,2,4,3,1,2,7
519,7,0,0,1,0,0,0,19,0,0,1,0,0,0,4,2,0,2,2,0,1,0,1,1,0,0,0,2,31,1,1,1,99,99,3,1,2,10
521,1,0,0,0,0,1,0,42,0,0,0,0,1,0,1,4,3,1,13,25,2,0,0,0,0,0,0,2,31,1,1,1,2,4,3,1,2,12
526,9,0,1,0,0,0,1,18,0,0,0,0,0,1,4,3,18,2,1,0,3,0,1,1,0,0,0,2,31,1,1,1,2,4,6,1,2,14
529,10,0,0,1,0,0,0,26,0,0,1,0,0,0,4,3,0,2,0,0,1,0,0,1,0,0,0,2,31,0,1,1,99,99,10,1,2,11
531,1,0,1,1,0,0,0,21,0,1,0,0,0,0,1,4,0,2,2,25,3,0,0,0,0,0,1,2,31,1,1,1,2,4,4,1,2,14
534,3,0,1,0,0,0,0,27,0,1,0,0,0,0,2,4,0,2,8,0,3,0,0,0,0,0,0,2,31,1,1,1,2,4,5,1,2,7
536,4,0,1,0,0,0,0,34,0,1,0,0,0,0,4,4,8,1,8,0,3,0,0,0,0,0,0,2,31,1,1,99,2,4,5,1,2,5
540,10,0,0,1,0,0,0,24,0,0,1,0,0,0,4,3,10,2,2,0,1,1,1,1,0,0,0,1,31,1,1,1,99,99,6,1,2,7
542,6,0,1,1,0,0,0,23,0,1,0,0,0,0,4,2,0,2,0,0,1,0,0,0,0,0,0,1,31,1,1,1,2,4,2,1,2,4
544,8,0,0,1,0,0,0,47,0,0,1,0,0,0,4,3,0,2,1,0,1,0,0,0,0,0,0,1,31,1,1,1,2,99,6,1,2,11
549,10,0,0,0,0,0,1,25,0,0,0,0,0,1,3,3,3,2,6,0,3,0,1,1,0,0,0,1,31,1,1,1,2,99,5,1,2,8
559,5,0,1,0,0,0,0,22,0,1,0,0,0,0,4,3,13,2,1,0,1,0,0,1,0,0,0,2,31,1,1,1,2,99,5,1,2,10
564,8,0,1,0,0,0,0,17,0,1,0,0,0,0,4,2,0,2,0,9,1,0,0,0,0,0,0,2,31,0,1,1,99,99,2,1,2,3
579,6,0,1,1,0,0,0,23,0,1,0,0,0,0,4,5,20,2,6,0,3,0,0,1,0,0,0,1,31,1,1,1,2,4,6,1,2,14
587,10,0,0,1,0,0,0,26,0,0,1,0,0,0,4,4,1,2,1,0,2,0,0,0,0,0,0,1,31,1,1,1,2,4,3,1,2,9
589,10,0,1,0,0,0,0,26,0,1,0,0,0,0,3,3,1,2,1,0,1,0,0,0,0,0,0,2,31,1,1,1,2,4,3,1,2,6
591,9,0,0,1,0,0,0,28,0,0,1,0,0,0,4,3,1,2,1,0,1,0,0,0,0,0,0,1,31,1,1,1,2,99,4,1,2,7
611,7,0,0,1,0,0,0,27,0,0,1,0,0,0,4,3,0,2,0,0,1,0,0,0,0,0,0,1,31,1,1,1,99,99,4,1,2,7
612,1,0,1,0,0,0,0,38,0,1,0,0,0,0,4,4,0,1,12,0,2,0,0,0,0,0,0,1,31,1,1,1,2,4,2,1,2,4
617,10,0,1,1,0,0,0,19,0,1,1,0,0,0,4,3,0,2,0,0,1,0,0,0,0,0,0,2,31,1,1,1,99,99,4,1,2,4
623,9,0,0,0,0,1,0,38,0,1,0,0,0,0,4,4,2,1,7,0,3,0,0,0,0,0,0,1,31,1,1,1,2,4,4,1,2,6
625,9,0,0,0,0,0,1,21,0,0,0,0,0,1,4,3,0,2,0,0,1,0,0,0,0,0,0,2,31,1,1,99,99,99,4,1,2,5
634,7,0,1,0,0,0,0,38,0,1,0,0,0,0,4,4,0,1,1,0,1,0,0,0,0,0,0,2,31,1,11,99,2,99,2,1,2,9
638,7,0,1,0,0,0,0,21,0,1,0,0,0,0,4,3,2,2,1,0,1,0,1,1,0,0,0,2,31,1,1,1,2,4,4,1,2,14
639,7,0,1,0,0,0,0,41,0,1,0,0,0,0,4,2,0,2,8,0,3,0,0,0,0,0,0,1,31,1,1,1,2,4,2,1,2,4
645,9,0,1,0,0,0,0,25,0,1,0,0,0,0,1,2,0,2,3,25,1,0,0,0,0,0,0,2,31,1,1,1,2,99,2,1,2,7
654,5,0,1,0,0,0,1,27,0,0,0,0,0,1,4,3,1,2,4,0,1,0,0,1,0,0,0,1,31,1,1,1,2,4,5,1,2,12
662,7,0,1,0,0,0,0,21,0,1,0,0,0,0,4,5,0,2,3,0,2,0,0,0,0,0,0,1,31,1,1,1,2,99,8,2,2,13
665,10,0,1,1,0,0,0,33,0,1,1,0,0,0,4,4,1,2,3,0,1,0,0,0,0,0,0,1,31,1,1,1,2,4,5,1,2,9
667,9,0,1,0,0,0,0,25,0,1,0,0,0,0,4,2,1,2,7,0,1,0,0,0,0,0,0,1,31,1,1,1,99,99,4,1,2,7
672,8,0,0,0,0,0,1,16,0,0,0,0,0,1,4,3,2,2,1,0,1,0,0,0,0,0,1,1,31,1,1,1,2,99,9,1,2,13
679,10,0,0,1,0,0,1,25,0,0,0,0,0,1,4,2,2,2,7,0,1,0,0,1,0,0,1,1,31,1,1,1,99,99,6,1,2,7
682,10,0,1,1,0,0,0,20,0,1,0,0,0,0,4,3,5,2,0,0,1,1,1,1,0,1,1,1,31,1,1,1,2,99,4,1,2,11
686,8,0,1,1,0,0,1,21,0,1,0,0,0,1,4,2,1,2,7,0,2,0,0,0,0,0,0,2,31,1,1,1,2,4,3,1,2,7
693,5,0,1,1,0,0,0,20,0,1,1,0,0,0,4,3,2,2,0,0,1,0,0,0,0,0,0,1,31,1,1,1,99,99,3,1,2,8
707,5,0,1,1,0,0,0,26,0,1,1,0,0,0,2,3,0,2,2,0,2,0,0,0,0,0,0,1,31,1,1,1,2,99,3,1,2,7
712,5,0,1,0,0,0,0,28,0,1,0,0,0,0,4,3,2,1,0,0,3,0,0,0,0,0,0,1,31,1,1,99,2,99,4,1,2,3
717,3,0,1,1,0,0,0,19,0,1,0,0,0,0,4,5,0,2,11,0,3,0,0,0,0,0,1,1,31,1,1,1,2,4,4,1,2,12
723,5,0,1,0,0,0,1,27,0,1,0,0,0,1,4,6,6,1,2,0,2,0,0,0,0,0,0,2,31,1,1,1,2,4,10,1,2,14
727,7,0,0,0,0,0,1,29,0,0,0,0,0,1,2,2,0,2,8,24,3,0,0,0,0,0,0,1,31,1,1,1,2,99,3,1,2,4
736,10,0,1,0,0,0,0,34,0,1,0,0,0,0,4,5,2,2,10,0,3,0,0,0,0,0,0,1,31,1,1,99,99,99,3,1,2,5
739,10,0,0,0,0,0,1,30,0,0,0,0,0,1,4,3,20,2,5,0,3,0,0,0,0,0,0,2,31,1,11,1,2,4,4,1,2,8
745,5,0,1,1,0,0,1,18,0,1,1,0,0,0,4,3,0,2,0,0,1,0,0,0,0,0,0,1,31,1,1,1,2,99,4,1,2,12
755,9,0,0,1,0,0,0,22,0,0,1,0,0,0,4,3,0,2,2,0,1,0,0,0,0,0,0,1,31,1,1,1,2,99,4,1,2,3
763,7,0,1,1,0,0,1,26,0,0,1,0,0,0,4,3,1,2,1,0,1,0,0,1,1,0,0,2,31,1,1,99,2,99,9,1,2,11
768,3,0,1,0,0,0,0,42,0,1,0,0,0,0,4,4,0,1,12,0,3,0,0,0,0,0,0,1,31,1,1,1,2,4,5,1,2,7
769,7,0,0,0,0,1,0,22,0,0,0,0,1,0,4,3,3,2,0,0,2,0,1,0,0,0,0,2,31,1,1,1,2,4,7,1,2,13
773,10,0,0,1,0,0,0,21,0,0,1,0,0,0,4,3,0,2,0,0,1,0,0,0,0,0,0,2,31,1,1,1,2,99,7,1,2,14
775,5,0,0,1,0,0,1,23,0,0,1,0,0,0,1,3,2,2,10,25,3,0,0,0,0,0,0,1,31,1,1,1,2,99,5,1,2,9
777,8,0,1,0,0,0,0,24,0,1,0,0,0,0,2,3,1,2,7,15,1,0,0,0,0,0,0,1,31,1,1,1,2,99,4,1,2,8
778,6,0,1,1,0,0,0,25,0,1,1,0,0,0,4,5,0,2,2,0,2,0,0,0,0,0,1,2,31,1,1,1,2,4,7,1,2,14
784,7,0,1,0,0,0,0,33,0,1,0,0,0,0,4,3,2,2,7,0,1,0,0,0,0,0,0,1,31,1,1,1,2,4,3,1,2,7
789,7,0,1,0,0,0,0,25,0,1,0,0,0,0,4,3,1,2,9,0,1,0,0,0,0,0,0,1,31,1,1,1,2,4,3,1,2,3
791,10,0,0,1,0,0,0,24,0,1,1,0,0,0,4,3,0,2,0,0,1,0,0,0,0,0,0,2,31,1,1,99,99,99,7,2,2,6
817,9,1,1,0,0,0,0,28,0,1,0,0,0,0,4,4,0,2,1,0,3,1,0,1,0,0,1,2,31,1,1,99,2,4,4,1,2,14
830,8,0,0,0,0,1,0,23,0,0,0,0,1,0,4,3,1,2,3,0,2,0,0,0,0,0,0,1,31,1,1,1,2,4,5,1,2,6
832,8,0,0,1,0,0,1,22,0,0,1,0,0,0,4,3,0,2,0,0,1,0,0,0,0,0,0,1,31,1,1,99,99,99,4,1,2,3
833,10,0,0,1,0,0,0,24,0,0,1,0,0,0,4,5,3,2,0,0,1,0,0,1,0,0,0,2,31,1,1,99,2,4,8,1,2,14
841,9,0,0,0,0,0,1,43,0,0,0,0,0,1,4,3,0,2,6,0,3,0,0,1,0,0,0,2,31,1,1,1,2,99,4,1,2,12
854,4,0,1,0,0,0,0,35,0,1,0,0,0,0,1,3,0,2,0,0,3,0,0,0,0,0,0,2,31,1,1,1,99,99,3,1,2,8
862,8,0,0,0,0,0,1,27,0,0,0,0,0,1,4,3,2,2,2,0,2,0,0,1,0,0,0,1,31,1,1,1,2,4,5,1,2,14
867,10,1,1,1,0,0,0,38,0,1,1,0,0,0,4,2,1,2,0,0,1,0,0,0,0,0,0,1,31,1,1,1,99,99,6,1,2,5
868,10,0,1,1,0,0,1,22,0,1,1,0,0,1,4,3,2,2,1,0,2,0,0,0,0,0,0,1,31,1,1,99,2,4,4,1,2,6
878,4,0,1,0,0,0,0,20,0,1,0,0,0,0,4,3,4,2,0,0,2,0,0,0,0,0,0,1,31,1,1,1,2,99,2,1,2,7
882,6,0,1,0,0,0,0,28,0,1,0,0,0,0,4,5,1,2,1,0,3,0,0,0,0,0,0,2,31,1,1,1,2,4,5,1,2,11
884,5,0,0,0,1,0,0,36,0,0,0,1,1,0,4,2,3,2,0,0,3,0,0,0,0,0,0,1,31,1,1,99,2,99,6,1,2,10
893,7,0,0,1,0,0,0,20,0,0,1,0,0,0,4,4,0,2,1,0,1,0,1,1,0,0,0,1,31,1,1,1,2,4,8,1,2,13
906,8,0,0,1,0,0,0,21,0,0,1,0,0,0,4,2,0,2,0,0,1,0,0,0,0,0,0,2,31,1,1,99,99,99,2,1,2,7
911,7,0,0,0,0,0,0,23,0,0,0,0,0,0,3,3,0,2,3,0,1,1,0,1,0,0,0,1,31,1,1,99,2,99,10,1,2,14
913,6,0,0,0,0,0,0,22,0,0,0,0,0,0,4,2,0,2,7,0,1,0,0,0,0,0,0,2,31,1,1,1,2,99,2,1,2,7
916,7,0,1,0,0,0,0,35,0,0,0,0,1,0,4,2,0,2,6,0,2,0,0,0,0,0,0,1,31,1,1,1,99,99,2,1,2,9
917,10,0,0,1,0,0,0,25,0,0,1,0,0,0,4,2,0,2,7,0,3,0,0,0,0,0,0,2,31,1,1,1,99,99,3,1,2,6
920,4,0,1,0,0,0,0,18,0,1,0,0,0,0,4,3,1,2,0,0,1,0,1,1,0,0,0,1,31,1,1,1,2,4,5,1,2,14
924,8,0,0,1,0,0,0,25,0,0,1,0,0,0,4,4,1,2,1,0,1,0,0,0,0,0,0,2,31,1,1,1,2,4,7,1,2,5
926,8,0,1,0,0,0,0,23,0,1,0,0,0,0,4,3,0,2,1,0,1,0,0,0,0,0,0,2,31,1,1,1,99,99,3,1,2,7
928,10,0,0,1,0,0,0,20,0,0,1,0,0,0,4,3,0,2,0,0,1,0,0,1,0,1,0,2,31,1,1,1,2,4,8,1,2,11
929,6,0,1,0,0,0,0,38,0,1,0,0,0,0,2,2,10,1,2,25,2,0,0,0,0,0,0,2,31,1,1,1,2,4,2,1,2,7
939,10,0,0,1,0,0,0,19,0,0,1,0,0,0,4,3,0,2,0,0,1,0,0,0,0,0,0,1,31,1,1,1,99,99,4,1,2,5
941,10,0,1,1,0,0,0,18,0,1,1,0,0,0,4,2,0,2,1,0,1,0,0,0,0,0,0,2,31,1,1,1,2,99,5,1,2,9
944,2,0,0,0,0,1,0,43,0,0,0,0,1,0,4,3,2,2,2,0,3,0,0,0,0,0,0,2,31,1,1,1,2,4,5,1,2,7
946,9,0,1,0,0,0,0,22,0,1,0,0,0,0,2,5,18,2,1,8,1,0,1,1,0,0,0,2,31,1,1,1,2,4,5,1,2,10
957,6,0,1,0,0,0,0,31,0,1,0,0,0,0,1,4,2,2,10,25,3,0,0,0,0,0,0,1,31,1,1,1,2,4,6,1,2,11
960,10,0,1,1,0,0,1,29,0,1,1,0,0,0,4,3,6,2,0,0,1,0,0,0,0,0,0,2,31,1,1,99,2,99,7,1,2,9
966,2,0,1,0,0,0,0,19,0,1,0,0,0,0,4,5,0,2,5,0,3,0,0,1,0,0,0,2,31,1,1,1,2,4,7,1,2,1
968,10,0,0,1,0,0,0,22,0,0,1,0,0,0,4,2,1,2,0,0,1,0,0,0,0,0,0,1,31,1,1,99,99,99,3,1,2,7
974,6,0,1,0,0,0,0,20,0,1,0,0,0,0,4,1,0,2,7,0,1,0,0,0,0,0,0,1,31,1,1,1,99,99,2,1,2,6
980,4,0,0,0,0,1,0,20,0,0,0,0,1,0,4,3,0,2,3,0,1,0,0,1,0,0,0,1,31,1,1,1,2,99,4,1,2,13
982,7,0,0,0,0,1,0,30,0,0,0,0,1,0,3,4,8,2,0,0,1,0,0,1,0,0,0,2,31,1,1,1,2,99,3,1,2,11
988,3,0,1,1,0,0,0,22,0,1,0,0,0,0,4,3,3,2,2,0,3,1,0,1,0,0,0,1,31,1,1,1,2,4,4,1,2,13
990,10,0,0,1,0,0,1,21,0,0,1,0,0,0,4,2,0,2,2,0,1,1,1,1,0,0,0,1,31,1,1,1,99,99,5,1,2,12
992,6,0,1,0,0,0,0,17,0,1,0,0,0,0,4,4,9,2,1,0,3,0,0,0,0,0,1,2,31,1,1,1,2,4,7,1,2,12
998,8,0,1,1,0,0,0,31,0,1,0,0,0,0,4,3,0,2,9,0,3,0,0,0,0,0,0,1,31,1,1,1,2,99,3,2,2,5
1000,10,0,0,1,0,0,0,47,0,0,1,0,0,0,4,4,0,1,0,0,2,0,0,0,0,0,0,1,31,1,1,1,2,99,3,1,2,6
1007,10,0,0,0,0,0,1,28,0,1,0,0,0,1,4,3,6,2,2,0,3,0,0,1,0,1,0,2,31,1,1,1,2,4,6,1,2,14
1020,9,0,1,0,0,0,0,18,0,1,0,0,0,0,4,3,10,2,0,0,1,0,1,1,0,0,0,1,31,1,1,1,2,99,5,1,2,8
1025,10,0,0,0,0,0,1,28,0,0,0,0,0,1,4,2,5,1,0,0,1,0,0,0,0,0,0,2,31,1,1,1,99,99,7,1,2,2
1031,6,0,1,0,0,0,0,21,0,1,0,0,0,0,4,3,0,2,1,0,3,0,0,0,0,0,0,2,31,1,1,1,99,99,2,1,2,7
1038,8,0,1,1,0,0,0,26,0,1,0,0,0,0,4,3,0,2,1,0,1,0,0,0,0,0,0,1,31,1,1,99,99,99,2,1,2,8
1040,1,0,1,0,0,0,0,18,0,1,0,0,0,0,4,5,18,2,9,0,1,0,0,1,0,0,0,1,31,1,1,1,2,4,3,1,2,7
1045,9,0,1,0,0,0,0,29,0,1,0,0,0,0,4,3,1,2,0,0,2,0,0,0,0,0,0,2,31,1,1,1,99,99,5,1,2,7
1053,9,0,1,0,0,0,0,35,0,1,0,0,0,0,4,4,0,2,0,0,3,0,0,0,0,0,0,1,31,1,1,99,2,99,6,1,2,7
1062,5,0,1,0,0,0,0,25,0,1,0,0,0,0,4,5,5,2,0,0,3,0,0,0,0,0,0,1,33,1,1,1,2,99,2,1,2,5
1067,8,0,0,0,0,0,1,19,0,0,0,0,0,1,4,3,20,2,2,0,3,0,0,1,0,0,0,2,31,1,1,1,2,99,5,1,2,7
1070,10,0,1,0,0,0,0,25,0,1,0,0,0,0,4,3,1,2,0,0,1,0,0,0,0,0,0,1,31,1,1,1,2,99,5,1,2,3
1073,8,0,1,0,0,0,0,24,0,1,0,0,0,0,4,3,3,2,0,0,1,0,0,0,0,0,0,2,31,1,1,1,99,99,4,1,2,5
1080,5,0,1,1,0,0,0,20,0,0,1,0,0,0,4,4,0,2,1,10,1,1,1,1,0,0,1,2,31,1,1,99,2,99,8,1,2,11
1083,8,0,1,0,0,0,1,28,0,1,0,0,0,0,4,6,0,2,0,0,3,0,0,1,0,0,0,1,31,1,1,1,2,4,6,1,2,14
1092,9,0,0,1,0,0,0,32,0,0,1,0,0,0,4,3,1,2,7,0,3,0,0,0,0,0,0,2,31,1,1,99,2,4,4,1,2,3
1096,10,0,0,0,0,0,1,28,0,0,0,0,0,1,4,3,20,2,0,0,2,0,0,0,0,0,0,1,31,1,1,99,99,99,9,1,2,14
1107,10,0,0,0,0,0,1,23,0,0,0,0,0,1,4,2,0,2,0,0,1,0,0,0,0,0,0,2,31,1,1,1,99,99,3,1,2,4
1109,6,0,1,0,0,0,0,31,0,1,0,0,0,0,1,3,0,2,2,25,3,0,0,1,0,0,1,2,31,1,1,1,2,99,4,1,2,12
1113,6,0,0,1,0,0,0,41,0,0,1,0,0,0,1,3,4,1,0,0,1,1,0,0,0,0,0,1,31,1,1,1,99,99,6,1,2,11
1121,3,0,0,0,0,0,0,27,0,0,0,0,0,0,2,3,0,2,0,0,3,0,0,0,0,0,0,2,31,1,11,99,2,99,3,1,2,4
1127,5,1,0,0,0,0,0,35,1,0,0,0,0,0,4,4,1,1,13,0,3,0,0,0,0,0,0,1,31,1,1,1,2,4,5,1,2,4
1141,6,0,1,0,0,0,1,20,0,1,0,0,0,1,1,3,20,2,3,25,3,0,0,0,0,0,0,1,31,1,1,1,2,99,6,1,2,12
1144,10,1,0,0,0,0,0,34,0,0,0,0,1,0,4,2,0,2,0,0,1,0,0,0,0,0,0,2,31,1,1,1,2,99,2,1,2,5
1153,10,1,1,1,0,0,0,18,0,1,1,0,0,0,4,2,0,2,0,0,1,0,0,0,0,0,0,2,31,1,1,1,2,99,3,1,2,9
1166,5,0,1,0,0,0,0,32,0,1,0,0,0,0,4,5,5,1,10,0,1,0,0,0,0,0,0,2,31,1,1,1,2,99,3,1,2,7
1169,6,0,1,0,0,0,0,34,0,1,0,0,0,0,4,4,7,1,10,0,3,0,0,0,0,0,0,1,31,1,1,1,2,4,3,1,2,13
1178,3,0,1,0,0,0,0,30,0,1,0,0,0,0,2,4,1,1,0,20,3,0,0,0,0,0,0,2,31,1,1,1,2,4,2,1,2,9
1184,10,0,0,1,0,0,0,19,0,0,1,0,0,0,4,3,0,2,1,0,1,0,0,0,0,0,0,2,31,1,1,1,99,99,3,1,2,7
1194,8,0,0,0,0,1,0,34,0,0,0,0,1,0,4,3,19,2,2,0,1,0,0,1,1,0,0,1,31,1,1,99,2,99,4,1,2,9
1196,6,0,1,0,0,0,1,36,0,1,0,0,0,0,4,2,0,2,0,0,3,0,0,0,0,0,0,1,31,1,1,1,2,99,4,1,2,7
1204,9,0,1,1,0,0,0,29,0,1,1,0,0,0,4,2,0,2,1,0,1,0,0,0,0,0,0,1,31,1,1,99,2,4,3,1,2,4
1205,5,0,1,0,0,0,0,42,0,1,0,0,0,0,4,3,0,2,0,0,1,0,0,0,0,0,0,2,31,1,1,1,2,99,4,1,2,9
1221,7,0,1,1,0,0,0,29,0,1,1,0,0,0,2,2,0,2,10,25,2,0,0,0,0,0,0,2,31,1,1,1,99,99,2,1,2,6
1224,8,0,1,0,0,0,0,23,0,1,0,0,0,0,4,3,4,2,11,0,2,0,0,0,0,0,0,1,31,1,1,1,2,99,4,1,2,8
1239,6,0,1,0,0,0,0,32,0,1,0,0,0,0,4,3,2,2,1,0,1,0,0,0,0,0,0,1,31,1,1,1,2,99,3,1,2,5
1240,9,0,0,0,0,0,1,33,0,0,0,0,0,1,4,3,5,2,0,0,3,0,0,0,0,0,0,1,31,0,1,1,2,99,5,1,2,6
1254,5,0,0,0,0,0,1,22,0,0,0,0,0,1,4,4,0,2,7,0,1,0,0,0,0,0,1,1,31,1,1,1,2,4,5,1,2,14
1257,5,0,1,0,0,0,0,34,0,1,0,0,0,0,4,3,1,2,9,0,2,0,0,0,0,0,0,1,31,1,1,1,2,4,3,1,2,4
1261,9,0,0,1,0,0,0,23,0,0,1,0,0,0,1,3,6,2,0,0,1,0,0,0,0,0,0,2,31,1,1,99,99,99,5,1,2,9
1268,6,1,0,0,0,0,0,38,1,0,0,0,0,0,4,4,2,1,8,0,3,0,0,0,0,0,0,1,31,1,1,1,2,4,8,1,2,9
1275,5,0,0,1,0,0,1,25,0,0,0,0,0,1,4,4,20,2,0,0,1,0,0,1,0,0,1,2,31,1,1,1,2,4,3,1,2,14
1277,9,0,0,1,0,0,0,21,0,0,1,0,0,0,4,3,0,2,1,0,3,0,0,0,0,0,0,1,31,1,1,1,2,4,3,1,2,4
1287,6,0,1,1,0,0,0,29,0,1,1,0,0,0,4,3,1,2,9,0,1,1,0,1,0,0,0,1,31,1,1,1,99,99,4,1,2,12
1290,10,0,1,0,0,0,0,20,0,1,0,0,0,0,4,2,0,2,0,0,2,0,0,0,0,0,0,2,31,1,1,1,2,4,2,1,2,8
1296,3,0,1,0,0,0,0,25,0,1,0,0,0,0,4,3,0,1,11,0,1,0,0,0,0,0,0,1,31,1,1,1,2,99,3,1,2,8
1301,9,0,0,0,0,0,1,47,0,0,0,0,0,1,4,3,8,2,0,0,1,0,0,1,1,0,1,1,31,1,1,99,2,99,10,1,2,6
1303,10,0,1,0,0,0,0,20,0,1,0,0,0,0,4,3,0,2,0,0,1,1,1,1,0,0,0,2,31,1,1,1,2,99,3,1,2,12
1305,5,0,0,1,0,0,0,24,0,0,1,0,0,0,1,3,0,2,11,24,1,0,0,1,0,0,1,1,31,1,1,1,2,4,9,1,2,14
1310,1,1,1,1,0,0,0,22,1,1,1,0,0,0,4,3,3,2,2,0,1,0,0,1,0,0,0,2,31,1,1,1,2,4,5,1,2,14
1312,9,0,1,0,0,0,0,25,0,1,0,0,0,0,2,3,1,2,1,6,3,0,0,0,0,0,0,1,31,1,1,1,99,99,4,1,2,7
1314,10,0,0,0,0,1,0,36,0,0,0,0,1,0,2,3,0,2,1,0,2,0,0,0,0,0,0,1,31,1,1,1,99,99,4,1,2,7
1315,3,0,0,0,0,0,0,39,0,1,0,0,0,0,4,4,0,1,10,0,3,0,0,0,0,0,0,1,31,1,1,1,2,4,4,1,2,13
1320,7,0,1,0,0,0,0,28,0,1,0,0,0,0,3,3,0,2,0,4,2,0,0,0,0,0,0,1,31,1,1,1,2,99,3,1,2,3
1323,10,0,1,1,0,0,0,27,0,1,1,0,0,0,4,3,0,2,2,0,1,0,0,1,1,0,0,1,31,1,1,1,99,99,5,1,2,7
1326,7,0,1,0,0,0,0,25,0,1,0,0,0,0,1,3,1,1,1,25,1,0,0,0,0,0,0,1,31,1,1,1,2,99,4,1,2,4
1327,7,0,1,0,0,0,0,29,0,1,0,0,0,0,3,2,0,2,11,0,3,0,0,0,0,0,0,2,31,1,1,1,2,4,2,1,2,5
1334,8,0,1,0,0,0,0,34,0,1,0,0,0,0,1,3,0,2,0,15,3,0,0,0,0,0,0,1,33,1,1,1,2,99,6,1,2,7
1338,9,0,0,1,0,0,1,23,0,0,1,0,0,0,4,3,0,2,0,0,1,0,0,1,0,0,0,1,31,1,1,1,99,99,3,1,2,10
1340,9,0,1,0,0,0,1,30,0,1,0,0,0,0,4,3,4,2,0,0,2,0,0,0,0,0,0,2,31,1,1,99,99,99,5,1,2,6
1348,8,0,1,1,0,0,1,24,0,1,0,0,0,1,4,3,2,2,0,0,1,0,0,0,0,0,0,1,31,1,1,1,2,99,4,1,2,7
1357,10,0,0,1,0,0,1,26,0,0,1,0,0,1,3,3,0,2,0,0,1,0,0,0,0,0,0,1,33,1,1,1,99,99,7,1,2,6
1358,3,0,0,0,0,1,0,35,0,1,0,0,0,0,2,5,3,2,1,10,3,0,0,0,0,0,0,2,31,1,1,1,2,4,3,1,2,7
1362,10,0,1,1,0,0,0,38,0,1,1,0,0,0,4,3,0,2,0,0,1,0,0,0,0,0,0,1,31,1,1,1,2,99,4,1,2,5
1366,10,0,1,1,0,0,1,16,0,1,1,0,0,0,4,3,16,2,0,0,3,0,1,0,0,0,0,1,31,1,1,1,2,4,4,1,2,13
1367,2,0,1,0,0,0,1,22,0,0,0,0,0,1,4,3,2,2,4,0,3,0,0,0,0,0,0,1,31,1,1,99,2,99,4,1,2,2
1370,7,0,0,1,0,0,0,23,0,0,1,0,0,0,4,3,0,2,0,0,1,0,1,1,0,0,0,1,31,1,1,1,2,4,5,1,2,14
1374,10,0,0,1,0,0,0,19,0,0,0,0,0,0,4,3,0,2,0,0,1,0,0,0,0,0,0,1,31,1,1,1,99,99,5,1,2,3
1379,9,0,1,0,0,0,0,17,0,1,0,0,0,0,4,3,0,2,0,0,1,0,0,0,0,0,0,2,31,1,1,99,2,99,2,1,2,11
1380,1,0,1,0,0,0,0,23,0,1,0,0,0,0,4,4,0,2,3,0,3,0,0,0,0,0,1,1,31,1,1,1,2,4,6,1,2,14
1381,10,0,1,1,0,0,1,28,0,1,1,0,0,1,4,3,0,2,0,0,1,0,0,0,0,0,0,1,31,0,1,1,99,99,4,1,2,4
1383,8,0,1,0,0,0,0,23,0,1,0,0,0,0,4,3,0,2,8,0,1,0,0,0,0,0,0,1,31,1,1,1,2,4,5,1,2,12
1389,10,0,0,1,0,0,0,23,0,0,1,0,0,0,4,3,0,2,0,0,1,0,0,0,0,0,0,1,31,1,1,99,99,99,2,1,2,3
1400,6,0,1,1,0,0,0,24,0,1,1,0,0,0,4,5,0,2,0,0,1,0,0,0,0,0,0,2,31,1,1,99,2,99,5,1,2,10
1404,10,0,1,0,0,0,0,37,0,1,0,0,0,0,4,3,0,2,0,0,1,0,0,0,0,0,0,1,31,1,1,1,2,4,3,1,2,7
1406,7,0,1,1,0,0,0,19,0,1,1,0,0,0,4,2,0,2,0,0,1,0,0,0,0,0,0,2,31,1,1,1,99,99,2,1,2,7
1414,5,0,1,0,0,0,0,22,0,1,0,0,0,0,4,3,1,2,2,0,1,0,0,0,0,0,0,1,31,1,1,1,2,4,3,1,2,12
1423,5,0,1,0,0,0,1,20,0,1,0,0,0,1,3,6,20,2,7,0,2,0,0,1,0,0,0,2,31,1,1,1,2,4,7,1,2,14
1428,8,0,1,1,0,0,0,32,0,1,0,0,0,0,1,3,3,2,0,25,3,0,0,0,0,0,0,2,31,1,1,1,99,99,3,1,2,9
1433,10,0,1,0,0,0,1,18,0,1,0,0,0,1,4,3,18,2,1,0,3,0,1,1,0,0,0,2,31,1,1,1,2,4,9,1,2,14
1435,6,0,1,0,0,0,0,40,0,1,0,0,0,0,4,3,2,1,14,0,3,0,0,0,0,0,0,1,31,1,1,1,2,4,2,1,2,12
1437,6,0,1,1,0,0,1,19,0,1,0,0,0,1,4,3,14,2,1,0,1,0,1,1,0,0,0,1,31,1,1,1,2,4,5,1,2,13
1440,10,0,0,0,0,0,1,17,0,0,0,0,0,1,4,3,2,2,1,0,1,1,0,0,0,0,0,2,31,1,1,1,2,99,7,1,2,12
1441,10,0,1,1,0,0,0,20,0,1,1,0,0,0,4,3,0,2,8,0,1,0,0,0,0,0,0,2,31,1,1,1,2,99,4,1,2,7
1442,10,0,1,0,0,0,0,19,0,1,0,0,0,0,4,3,19,2,0,0,1,0,1,1,0,0,0,1,31,1,1,1,2,99,5,1,2,8
1455,4,0,1,0,0,0,0,35,0,1,0,0,0,0,4,2,1,1,8,0,3,0,0,0,0,0,0,2,31,1,1,1,2,4,4,1,2,5
1457,4,0,0,0,0,1,0,27,0,0,0,0,1,0,4,3,1,2,7,0,2,0,0,1,0,0,0,2,31,1,1,1,2,4,4,1,2,13
1463,10,0,1,1,0,0,0,20,0,1,1,0,0,0,4,3,0,2,1,0,2,0,0,0,0,0,0,2,31,1,1,1,99,99,4,1,2,8
1480,8,0,1,1,0,0,0,26,0,1,1,0,0,0,4,6,0,2,1,0,1,0,0,0,0,0,0,1,31,1,1,1,99,99,6,1,2,7
1482,7,0,0,1,0,0,0,26,0,0,1,0,0,0,4,4,10,2,0,0,3,0,0,1,0,0,0,2,31,0,1,99,99,99,9,1,2,11
1487,10,0,0,1,0,0,0,18,0,1,0,0,0,0,4,3,3,2,0,0,1,0,0,0,0,0,0,2,31,1,1,99,2,99,2,1,2,11
1495,5,0,1,0,0,0,0,19,0,1,0,0,0,0,4,3,0,2,0,0,1,0,0,0,0,0,0,2,31,1,1,1,99,4,2,1,2,6
1496,9,0,1,1,0,0,0,37,0,1,1,0,0,0,1,2,1,2,1,0,2,0,0,0,0,0,0,1,31,1,1,1,99,99,4,1,2,7
1503,2,0,1,0,0,0,0,24,0,1,0,0,0,0,4,4,7,2,1,0,1,0,0,0,0,0,0,2,31,1,1,1,2,4,5,1,2,14
1505,9,0,1,1,0,0,0,26,0,0,1,0,0,0,4,3,0,2,0,0,3,0,0,1,1,0,0,2,31,1,1,99,2,99,4,1,2,14
1510,6,0,0,1,0,0,0,32,0,0,1,0,0,0,4,3,2,2,0,0,2,0,0,0,0,0,0,1,31,1,1,1,2,99,4,1,2,7
1512,10,1,0,0,0,0,0,20,1,1,0,0,0,0,1,4,1,2,7,25,2,0,0,0,0,0,0,2,31,1,1,1,99,99,4,1,2,10
1513,6,0,1,0,0,0,0,30,0,1,0,0,0,0,4,3,0,2,10,0,2,0,0,0,0,0,0,2,31,1,1,1,2,4,2,1,2,11
1517,8,0,0,1,0,0,0,23,0,0,1,0,0,0,4,3,18,2,1,0,1,0,1,1,0,0,0,1,31,1,1,1,2,4,7,1,2,13
1519,4,0,0,1,0,0,0,24,0,1,0,0,0,0,2,2,0,2,1,5,2,0,0,0,0,0,0,1,31,1,1,1,2,4,3,1,2,8
1540,4,0,0,1,0,0,0,31,0,0,1,0,0,0,4,3,4,2,2,0,1,0,0,0,0,0,0,2,31,1,1,1,2,99,4,1,2,7
1549,9,0,1,1,0,0,0,16,0,1,1,0,0,0,4,3,15,2,0,0,3,0,0,0,0,0,0,1,31,1,1,99,2,99,5,1,2,13
1550,10,0,0,0,0,0,1,22,0,0,0,0,0,1,1,4,8,2,7,25,3,0,0,0,0,1,0,1,33,1,1,1,2,99,8,1,2,13
1551,6,1,0,0,0,0,0,43,1,0,0,0,0,0,4,2,2,2,4,0,3,0,0,0,0,0,0,2,31,1,1,99,2,4,3,1,2,6
1555,3,0,0,1,0,0,0,19,0,0,1,0,0,0,3,3,0,2,2,25,2,0,0,1,0,0,0,1,31,1,1,1,2,4,5,1,2,12
1558,10,0,0,0,0,0,0,30,0,0,0,0,0,0,4,3,2,2,10,0,3,0,0,0,0,0,0,2,31,1,1,99,2,4,6,1,2,7
1569,10,0,0,1,0,0,0,34,0,0,1,0,0,0,4,3,2,2,0,0,1,0,0,0,0,0,0,2,31,1,1,99,2,4,6,1,2,5
1574,9,0,0,1,0,0,0,24,0,0,1,0,0,0,4,3,20,2,0,0,1,1,1,1,1,0,0,2,31,1,1,1,2,99,9,1,2,13
1576,6,0,1,0,0,0,0,21,0,1,0,0,0,0,1,3,0,2,10,25,3,0,0,0,0,0,0,2,31,1,1,1,2,4,3,1,2,14
1577,10,1,0,0,0,0,0,23,1,0,0,0,0,0,3,4,5,2,1,0,3,1,1,1,0,0,1,2,31,1,1,1,2,99,9,1,2,14
1582,10,0,0,1,0,0,0,27,0,0,1,0,0,0,4,3,3,2,0,0,1,0,0,0,0,0,0,1,31,1,1,1,99,99,6,1,2,5
1583,9,0,1,1,0,0,0,41,0,1,1,0,0,0,4,3,3,2,6,6,3,0,0,1,0,1,0,2,31,1,1,1,2,99,4,1,2,12
1595,2,0,1,0,0,0,0,28,0,1,0,0,0,0,4,3,0,2,9,0,3,0,0,1,0,0,0,2,31,1,1,1,2,4,5,1,2,14
1598,7,0,0,0,0,0,1,32,0,0,0,0,0,1,4,2,0,2,4,0,1,0,0,0,0,0,0,1,31,1,1,1,99,99,3,1,2,6
1624,8,0,0,0,0,0,0,25,0,0,0,0,0,0,4,1,0,2,8,0,1,0,0,0,0,0,0,2,31,1,1,1,99,99,4,1,2,7
1626,4,0,1,1,0,0,0,27,0,1,0,0,0,0,4,4,0,2,1,0,1,0,0,0,0,0,0,2,31,1,1,1,2,99,6,1,2,12
1627,10,0,1,1,0,0,0,29,0,1,1,0,0,0,4,3,0,2,2,0,1,0,0,1,0,0,0,2,31,1,1,99,2,99,6,1,2,11
1630,8,0,1,0,0,0,0,21,0,1,0,0,0,0,2,4,0,2,7,0,3,0,0,0,0,0,0,2,31,1,1,1,99,99,4,1,2,12
1633,6,0,1,0,0,0,0,29,0,1,0,0,0,1,2,4,0,1,0,25,1,0,0,0,0,0,0,2,31,1,1,1,2,99,2,1,2,7
1636,9,0,1,0,0,0,0,20,0,1,0,0,0,0,4,3,0,2,1,0,3,0,0,0,0,0,0,1,31,1,1,1,2,99,3,1,2,10
1642,10,0,0,1,0,0,0,21,0,0,1,0,0,0,4,3,0,2,0,0,1,0,0,0,0,0,0,2,31,1,1,99,99,99,2,1,2,6
1645,10,0,0,0,0,0,0,34,0,1,0,0,0,0,4,3,0,2,0,0,1,0,0,0,0,0,0,1,31,1,1,1,99,99,4,2,2,8
1661,4,0,1,0,0,0,0,39,0,1,0,0,0,0,4,2,0,1,10,0,2,0,0,0,0,0,0,2,31,1,1,1,2,4,3,1,2,4
1665,10,0,1,1,0,0,0,31,0,1,1,0,0,0,4,3,0,2,5,0,1,0,0,0,0,0,0,1,31,1,1,99,2,99,5,1,2,6
1669,7,0,1,0,0,0,0,42,0,1,0,0,0,0,2,3,3,2,0,15,3,0,0,0,0,0,0,1,31,1,1,1,2,99,4,1,2,5
1673,9,0,0,0,0,0,1,25,0,0,0,0,0,1,4,3,20,2,0,0,3,0,0,0,0,0,1,2,31,1,1,99,2,99,7,1,2,12
1675,6,0,1,0,0,0,0,19,0,1,0,0,0,0,4,2,0,2,0,0,1,0,0,0,0,0,0,2,31,1,1,1,2,99,2,1,2,7
1676,3,0,0,1,0,0,0,32,0,1,1,0,0,0,2,4,0,2,13,10,1,0,0,1,0,0,0,1,31,1,1,1,2,4,5,1,2,12
1682,7,0,1,0,0,0,0,22,0,1,0,0,0,0,4,3,0,2,0,0,1,0,0,0,0,0,0,2,31,1,1,99,2,99,5,2,2,6
1686,9,1,0,0,0,0,0,36,1,0,0,0,0,0,4,2,2,2,7,0,3,0,0,0,0,0,0,2,31,1,1,99,2,4,2,1,2,5
1690,6,0,1,1,0,0,0,33,0,1,0,0,0,0,4,3,0,1,0,0,1,0,0,0,0,0,0,2,31,1,1,1,2,4,2,1,2,3
1691,10,0,1,1,0,0,0,24,0,1,1,0,0,0,4,2,1,2,0,0,1,0,0,0,0,0,0,2,31,1,1,99,99,99,3,1,2,5
1696,7,1,0,0,0,0,0,34,1,0,0,0,0,0,4,2,0,2,4,0,3,0,0,0,0,0,1,1,31,1,1,1,2,4,4,1,2,9
1703,5,0,1,1,0,0,0,24,0,1,1,0,0,0,4,3,18,2,1,0,2,0,1,1,1,0,0,2,31,1,1,1,2,4,5,1,2,9
1706,5,0,1,1,0,0,1,27,0,0,0,0,0,1,4,4,0,2,0,0,1,0,0,1,0,0,0,1,31,1,1,1,2,4,8,1,2,14
1717,4,0,0,0,0,1,0,33,0,0,0,0,1,0,4,3,5,1,10,0,3,0,0,0,0,0,1,1,31,1,1,1,2,4,2,1,2,12
1722,9,0,1,0,0,0,0,24,0,1,0,0,0,0,4,3,0,2,0,0,1,0,0,0,0,0,0,1,31,1,1,1,99,99,4,1,2,5
1723,7,0,1,1,0,0,0,20,0,1,0,0,0,0,4,2,0,2,1,0,2,0,0,0,0,0,0,1,31,1,1,1,2,99,2,1,2,10
1724,9,0,0,0,0,0,1,35,0,0,0,0,0,1,4,3,0,2,1,0,1,0,0,0,0,0,0,2,31,1,1,1,2,99,4,1,2,6
1728,8,1,0,0,0,0,0,30,1,0,0,0,0,0,4,2,0,1,13,0,3,0,0,0,0,0,0,2,31,1,1,1,2,4,4,2,2,4
1729,5,0,1,1,0,0,1,19,0,0,1,0,0,1,4,4,9,2,2,0,1,0,1,1,0,0,0,2,31,1,1,1,2,99,7,1,2,14
1731,8,0,1,1,0,0,0,19,0,1,1,0,0,0,4,2,0,2,1,0,1,0,0,0,0,0,0,2,31,1,1,1,2,99,2,1,2,9
1748,8,0,0,1,0,0,0,20,0,0,1,0,0,0,4,4,2,2,7,0,1,0,1,1,0,0,0,2,31,1,1,1,2,4,6,1,2,13
1755,2,0,1,0,0,0,0,33,0,1,0,0,0,0,4,2,0,2,11,0,3,0,0,0,0,0,0,2,31,1,1,1,2,4,4,1,2,9
1758,9,0,1,1,0,0,0,36,0,1,1,0,0,0,4,4,4,1,1,0,1,0,0,0,0,0,0,1,31,1,1,1,2,4,5,1,2,12
1759,6,0,1,0,0,0,0,26,0,1,0,0,0,0,4,3,0,2,8,0,3,0,0,0,0,0,0,1,31,1,1,99,2,4,3,1,2,12
1774,9,0,0,0,0,0,1,19,0,0,0,0,0,1,3,6,6,2,3,0,3,0,1,1,0,0,0,2,31,1,1,1,2,99,8,1,2,14
1775,6,0,1,1,0,0,0,17,0,1,1,0,0,0,3,5,1,2,0,0,1,0,1,1,0,0,0,2,31,1,1,1,2,99,5,1,2,13
1784,6,0,1,0,0,0,0,39,0,1,0,0,0,0,2,3,4,1,9,0,3,0,0,0,0,0,0,1,31,1,1,1,2,4,5,1,2,4
1788,9,0,1,0,0,0,1,20,0,0,0,0,0,1,4,3,16,2,3,0,2,0,0,1,0,0,1,2,31,1,1,1,2,4,5,1,2,14
1789,5,0,1,1,0,0,0,19,0,1,1,0,0,0,4,5,0,2,8,0,3,0,1,1,0,0,0,2,31,1,1,1,2,4,6,1,2,13
1793,10,0,0,1,0,0,1,19,0,0,0,0,0,1,4,3,11,2,0,0,1,0,0,1,0,0,0,1,31,1,1,1,99,99,4,1,2,5
1803,7,0,0,1,0,0,1,36,0,0,1,0,0,1,1,2,0,1,11,20,3,0,0,0,0,0,1,1,31,1,1,1,2,4,9,1,2,6
1804,9,0,1,0,0,0,0,25,0,1,0,0,0,0,4,4,0,1,2,0,3,0,0,0,0,0,0,1,31,1,1,1,2,4,2,1,2,5
1810,7,0,1,0,0,0,0,21,0,1,0,0,0,0,4,2,0,2,0,0,1,0,0,0,0,0,0,1,31,1,1,1,2,99,2,1,2,7
1813,6,0,0,1,0,0,0,26,0,1,0,0,0,0,1,3,0,2,1,24,2,0,0,0,0,0,0,1,31,1,1,1,2,4,3,1,2,8
1828,10,0,1,0,0,0,0,34,0,1,0,0,0,0,4,3,11,2,2,0,3,0,0,0,0,0,1,2,31,1,1,1,2,99,3,1,2,12
1835,9,0,1,0,0,0,1,25,0,1,0,0,0,1,4,3,2,2,0,0,1,0,0,0,0,0,0,1,31,1,1,1,2,99,4,1,2,10
1838,9,0,0,0,0,1,0,29,0,0,0,0,1,0,4,3,3,1,14,0,3,0,0,0,0,0,0,2,31,1,1,1,2,4,3,1,2,5
1839,9,0,1,1,0,0,0,21,0,1,1,0,0,0,4,3,0,2,0,0,1,0,0,0,0,0,0,1,31,1,1,99,99,99,3,1,2,5
1844,9,0,1,1,0,0,0,35,0,1,0,0,0,0,4,3,0,2,0,0,1,0,0,0,0,0,0,2,31,1,1,1,99,99,5,1,2,6
1846,8,0,1,0,0,0,0,33,0,1,0,0,0,0,4,3,0,2,0,0,3,0,0,0,0,0,0,1,31,1,1,1,99,99,4,1,2,9
1848,6,0,0,1,0,0,0,18,0,0,1,0,0,0,4,4,3,2,0,0,1,0,0,1,0,0,0,2,31,1,1,1,2,4,7,1,2,14
1852,10,0,1,1,0,0,0,21,0,1,1,0,0,0,4,2,0,2,0,0,1,0,0,0,0,0,0,1,31,1,1,1,99,99,3,1,2,5
1853,9,0,0,1,0,0,0,26,0,0,1,0,0,0,4,3,20,2,0,0,1,1,0,1,1,0,0,1,31,1,1,1,2,4,7,1,2,12
1866,10,0,0,0,0,0,1,24,0,0,0,0,0,1,4,3,16,2,1,0,3,0,0,0,0,0,1,1,31,1,1,1,2,4,5,1,2,14
1883,9,0,1,0,0,0,0,39,0,1,0,0,0,0,4,3,6,1,1,0,2,0,0,0,0,0,0,2,31,1,1,1,2,99,4,2,2,4
1885,9,0,1,0,0,0,0,27,0,1,0,0,0,0,2,3,3,2,8,18,2,0,0,0,0,0,0,2,31,1,1,1,2,4,6,1,2,12
1892,5,0,1,0,0,0,0,20,0,1,0,0,0,0,4,3,4,2,0,0,2,0,0,0,0,0,0,2,31,1,1,1,2,99,3,1,2,4
1900,9,1,1,1,0,0,0,21,1,1,0,0,0,0,4,2,0,2,6,0,1,0,0,1,0,1,0,1,33,0,1,1,2,99,4,1,2,7
1908,5,0,0,0,0,1,0,18,0,1,0,0,0,0,4,2,20,2,0,0,1,1,0,1,0,0,0,2,31,1,1,1,2,99,4,1,2,5
1922,8,0,1,1,0,0,1,22,0,1,1,0,0,0,4,2,7,2,1,0,2,0,0,0,0,0,0,1,31,1,1,1,2,99,3,1,2,5
1928,9,0,1,1,0,0,0,19,0,1,1,0,0,0,1,3,0,2,3,25,1,0,0,1,0,0,1,2,31,1,1,1,99,99,5,1,2,9
1929,8,0,1,0,0,0,0,18,0,1,0,0,0,0,4,3,0,2,1,0,1,0,0,1,0,0,1,1,31,1,1,99,2,99,4,1,2,9
1932,9,0,0,1,0,0,0,32,0,0,1,0,0,0,4,2,5,2,1,0,1,0,0,0,0,0,0,1,31,1,1,1,99,99,4,1,2,4
1934,9,0,1,1,0,0,0,21,0,1,0,0,0,0,4,3,0,2,1,0,2,0,0,0,0,0,0,1,31,1,1,1,2,99,3,1,2,8
1937,10,0,0,0,0,0,1,36,0,0,1,0,0,1,4,2,1,2,0,0,1,0,0,0,0,0,0,1,31,1,1,99,2,99,4,2,2,6
1938,8,0,1,0,0,0,0,29,0,1,0,0,0,0,4,3,0,1,11,0,3,0,0,0,0,0,0,2,31,1,1,1,2,4,2,1,2,8
1939,9,0,0,0,0,0,0,29,0,0,1,0,0,0,4,3,7,2,1,0,1,0,0,0,0,0,0,1,31,0,1,1,99,99,4,1,2,6
1952,8,0,1,1,1,1,0,20,0,1,0,0,0,0,4,3,0,2,1,0,2,1,1,0,0,0,0,2,31,1,1,1,2,4,5,1,2,13
1958,10,0,0,1,0,0,0,22,0,0,1,0,0,0,4,3,19,2,7,0,3,1,0,1,0,0,0,1,31,1,1,99,2,99,5,1,2,11
1977,6,0,1,0,0,0,0,40,0,1,0,0,0,0,1,3,0,2,9,25,3,0,0,0,0,0,0,2,31,1,1,1,2,4,5,1,2,7
1982,8,0,1,0,0,0,0,21,0,1,0,0,0,0,3,2,0,2,7,0,3,0,0,0,0,0,0,1,31,1,1,1,99,99,2,1,2,6
1983,10,0,1,1,0,0,0,34,0,1,1,0,0,0,4,3,0,2,0,0,1,0,0,0,0,0,0,2,31,0,1,1,2,99,4,1,2,7
1998,8,0,0,1,0,0,0,27,0,0,1,0,0,0,4,2,1,2,0,0,1,0,0,0,0,0,0,2,31,1,1,1,99,99,3,1,2,6
2007,9,0,1,1,0,0,0,27,0,1,1,0,0,0,4,2,1,2,1,0,1,0,0,0,0,0,0,1,31,1,1,1,2,4,4,1,2,10
2008,6,0,1,1,0,0,0,29,0,1,1,0,0,0,2,3,0,2,1,0,3,0,0,0,0,0,0,1,31,1,1,99,2,4,3,1,2,2
2016,10,0,0,0,0,0,0,47,0,1,0,0,0,0,2,2,0,2,0,0,2,1,1,0,1,0,0,2,31,1,1,1,99,99,3,1,2,8
2017,5,0,1,0,0,0,0,17,0,1,0,0,0,0,2,3,0,2,8,8,1,0,0,0,0,0,0,2,31,1,1,1,2,4,4,1,2,14
2023,10,0,1,1,0,0,0,24,0,1,0,0,0,0,2,3,0,2,0,0,1,0,0,0,0,0,0,1,31,1,1,1,99,99,3,1,2,5
2025,7,0,1,0,0,0,0,19,0,1,0,0,0,0,4,2,0,2,0,0,1,0,0,0,0,0,0,1,31,1,1,1,99,99,2,1,2,7
2031,10,0,0,0,0,0,1,20,0,1,0,0,0,0,4,2,0,2,8,0,3,0,0,0,0,0,0,1,31,1,1,1,99,99,2,1,2,5
2032,9,0,1,0,0,0,0,24,0,1,0,0,0,0,4,4,0,2,0,0,2,0,0,0,0,0,0,1,31,1,1,1,99,99,4,1,2,11
2035,9,0,1,0,0,0,0,19,0,1,0,0,0,0,3,4,20,2,1,4,3,0,0,1,1,0,1,1,31,1,1,1,2,4,5,1,2,12
2041,6,0,0,1,0,0,0,23,0,0,1,0,0,0,4,3,0,2,6,0,1,0,0,1,1,0,0,1,31,1,1,1,99,99,6,1,2,12
2043,10,0,1,1,0,0,0,34,0,1,1,0,0,0,4,3,0,2,0,0,3,0,0,0,0,0,0,1,31,1,1,1,2,99,3,1,2,6
2048,4,0,1,0,0,0,0,19,0,1,0,0,0,0,4,3,0,2,0,0,2,0,0,0,0,0,0,2,31,1,1,99,99,99,2,1,2,6
2051,9,0,1,0,0,0,0,22,0,1,0,0,0,0,4,2,0,2,8,0,3,0,0,0,0,0,0,1,31,1,1,99,2,99,2,1,2,7
2057,9,0,1,1,0,0,0,26,0,1,1,0,0,0,4,3,11,2,1,0,1,0,0,0,0,0,0,2,31,1,1,1,2,99,3,1,2,10
2069,7,0,1,0,0,0,0,31,0,1,0,0,0,0,2,3,0,1,3,0,1,0,0,0,0,0,0,1,31,1,1,1,2,4,2,1,2,9
2074,10,1,0,0,0,0,0,26,1,0,0,0,0,0,4,4,1,2,0,0,3,0,1,0,0,0,0,1,31,1,1,1,2,4,10,1,2,13
2075,5,0,0,1,0,0,0,42,0,0,1,0,0,0,1,3,1,2,0,0,3,0,0,0,0,0,0,1,31,1,1,1,99,99,7,1,2,10
2076,10,0,1,1,0,0,0,25,0,1,1,0,0,0,4,2,0,2,0,0,1,0,0,0,0,0,0,1,31,1,1,1,99,99,4,1,2,6
2077,1,1,0,0,0,0,0,20,1,0,0,0,0,0,4,5,2,2,1,0,3,0,0,1,0,0,0,1,31,1,1,1,2,4,6,1,2,11
2087,10,0,0,1,0,0,0,22,0,0,1,0,0,0,4,4,0,2,1,0,1,0,1,1,0,0,0,1,31,1,1,1,2,4,5,1,2,13
2093,7,0,1,0,0,0,0,24,0,1,0,0,0,0,1,3,0,2,2,25,3,0,0,0,0,0,0,2,31,1,1,1,2,4,5,1,2,10
2096,9,0,1,0,0,0,0,24,0,1,0,0,0,0,4,6,11,1,3,0,1,1,1,1,1,0,0,2,31,1,1,1,2,4,5,1,2,11
2107,10,0,0,1,0,0,0,37,0,0,1,0,0,0,1,3,4,2,6,0,1,0,0,0,0,0,0,1,31,1,1,1,99,99,4,1,2,7
2114,10,0,1,1,0,0,0,26,0,1,1,0,0,0,4,3,0,2,9,0,3,0,0,0,0,0,0,2,31,1,1,99,99,99,3,1,2,6
2119,8,0,0,1,0,0,1,32,0,0,0,0,0,1,4,3,6,2,1,0,1,1,1,1,0,0,0,1,31,1,1,1,2,99,5,1,2,14
2136,9,0,0,0,0,1,0,23,0,0,0,0,1,0,4,2,0,2,2,0,3,0,0,0,0,0,0,1,31,1,1,1,2,99,2,1,2,8
2142,9,0,1,1,0,0,0,26,0,1,1,0,0,0,4,3,1,2,0,0,1,0,1,1,0,0,0,2,31,1,1,1,99,99,5,1,2,13
2152,3,0,1,1,0,0,0,20,0,1,0,0,0,0,3,4,2,2,2,0,1,0,0,1,0,0,0,1,31,1,1,1,2,99,3,1,2,13
2153,9,0,0,1,0,0,0,47,0,0,1,0,0,0,4,3,0,2,0,0,1,0,0,0,0,0,0,2,33,1,1,99,99,99,3,1,2,6
2159,1,0,1,1,0,0,0,28,0,1,1,0,0,0,4,2,0,2,2,0,3,0,0,0,0,0,0,2,31,1,1,1,2,99,2,1,2,10
2164,7,0,1,1,0,0,0,19,0,1,0,0,0,0,4,3,6,2,7,0,1,0,1,0,0,0,0,1,31,1,1,1,2,4,5,1,2,13
2166,3,0,0,0,0,1,0,29,0,0,0,0,1,0,4,3,1,2,9,0,1,0,0,0,0,0,0,1,31,1,1,1,2,99,3,1,2,7
2168,1,0,0,0,0,1,0,30,0,0,0,0,1,0,1,4,3,1,13,25,3,0,0,0,0,0,0,1,31,1,1,1,2,4,3,1,2,11
2174,5,0,1,0,0,0,0,23,0,1,0,0,0,0,4,5,0,2,1,0,1,0,1,1,0,0,0,2,31,1,1,1,2,4,4,1,2,14
2179,10,0,0,1,0,0,0,18,0,0,1,0,0,0,4,4,20,2,2,0,1,0,1,1,0,0,0,2,31,1,1,1,2,99,7,1,2,13
2183,9,0,0,1,0,0,0,24,0,0,1,0,0,0,2,3,1,2,6,0,1,0,0,0,0,0,0,2,31,1,1,1,99,99,4,1,2,3
2186,3,0,1,1,0,0,0,33,0,1,0,0,0,0,4,4,0,2,11,0,3,0,0,1,1,0,0,2,31,1,1,1,2,4,3,1,2,12
2190,4,0,1,0,0,0,0,24,0,1,0,0,0,0,2,3,0,2,0,10,1,0,0,1,0,0,0,2,31,1,1,1,2,4,5,1,2,10
2192,3,0,1,0,0,0,0,24,0,1,0,0,0,0,2,3,0,2,2,20,1,0,0,0,0,0,0,2,31,1,1,1,99,99,3,1,2,7
2212,6,0,1,1,0,0,0,27,0,1,1,0,0,0,1,3,0,2,1,25,2,0,0,0,0,0,0,2,31,1,1,1,2,4,4,1,2,9
2217,8,0,0,1,0,0,0,28,0,0,1,0,0,0,1,3,3,2,8,12,1,0,0,0,0,0,0,1,31,1,1,1,2,4,4,1,2,7
2222,9,0,0,0,0,0,1,20,0,0,0,0,0,1,4,4,6,2,0,0,2,1,1,0,0,0,0,2,31,1,1,1,99,99,6,1,2,7
2225,10,0,1,1,0,0,0,25,0,1,0,0,0,0,4,2,0,2,1,0,2,0,0,0,0,0,0,1,31,1,1,1,99,99,3,1,2,3
2233,10,0,0,1,0,0,0,22,0,0,1,0,0,0,4,3,3,2,1,0,1,0,1,1,0,0,0,1,31,1,1,1,2,99,8,1,2,14
2239,9,0,1,0,0,0,0,23,0,1,0,0,0,0,4,3,19,2,0,0,1,0,0,1,0,0,1,1,31,1,1,1,2,4,3,1,2,13
2241,9,0,0,1,0,0,0,20,0,0,1,0,0,0,4,3,0,2,1,0,2,0,1,1,0,0,1,2,31,1,1,1,2,99,10,1,2,12
2244,3,0,0,0,0,1,0,36,0,0,0,0,1,0,4,3,0,1,10,0,3,0,0,0,0,0,0,1,31,1,1,1,2,99,4,1,2,12
2245,10,0,0,1,0,0,1,19,0,0,1,0,0,0,4,3,0,2,0,0,1,0,0,1,0,0,0,1,31,1,1,1,2,4,8,1,2,14
2252,5,0,1,0,0,0,0,32,0,1,0,0,0,0,4,3,0,2,0,0,1,0,0,0,0,0,0,1,31,1,1,1,99,99,3,1,2,6
2264,7,0,1,0,0,0,0,20,0,1,0,0,0,0,4,3,2,2,9,0,2,0,0,0,0,1,0,1,33,1,1,1,2,4,7,1,2,11
2270,10,0,1,1,0,0,0,32,0,0,1,0,0,0,4,3,0,2,0,0,1,0,0,0,0,0,0,2,31,1,1,1,99,99,3,1,2,5
2281,9,1,0,0,0,0,0,33,1,0,0,0,0,0,4,3,0,1,0,0,3,1,0,0,0,0,0,2,31,1,1,99,2,99,7,1,2,12
2288,5,0,1,0,0,0,0,17,0,1,0,0,0,0,4,3,0,2,0,0,1,0,0,0,0,0,0,2,31,1,1,1,99,99,2,1,2,7
2290,9,0,1,1,0,0,0,30,0,1,1,0,0,0,4,3,0,2,1,0,3,0,0,0,0,0,0,2,31,1,1,1,2,99,4,1,2,7
2298,4,0,0,0,0,1,0,29,0,0,0,0,1,0,2,5,1,2,11,8,3,0,0,1,0,0,0,1,31,1,1,1,2,4,4,1,2,14
2302,3,0,1,0,0,0,0,40,0,1,0,0,0,0,1,3,0,2,11,16,3,0,0,0,0,0,0,2,31,1,1,1,2,99,4,1,2,5
2317,7,0,0,0,0,0,1,25,0,0,0,0,0,1,4,3,20,2,1,0,2,0,0,0,0,0,1,2,31,1,1,1,2,4,7,1,2,14
2319,3,0,0,1,0,1,0,19,0,0,0,0,1,0,1,4,0,2,3,25,3,0,0,0,0,0,0,1,31,1,1,1,2,4,4,1,2,13
2326,10,0,0,1,0,0,0,18,0,0,1,0,0,0,4,2,0,2,0,0,1,0,0,1,0,0,0,2,31,0,1,1,99,99,5,1,2,7
2332,10,0,1,1,0,0,0,27,0,0,1,0,0,0,4,2,0,2,0,0,1,0,0,0,0,0,0,1,31,1,1,1,99,99,3,1,2,5
2334,6,0,1,0,0,0,0,38,0,1,0,0,0,0,1,3,4,1,10,25,2,0,0,0,0,0,0,2,31,1,1,1,2,4,2,1,2,10
2341,9,0,1,0,0,0,0,20,0,1,0,0,0,0,4,3,0,2,11,0,2,0,0,0,0,0,0,1,31,1,1,1,2,99,3,1,2,10
2345,9,0,0,1,0,0,0,21,0,0,1,0,0,0,4,3,20,2,1,0,1,0,0,1,0,0,0,1,31,1,1,1,99,99,4,1,2,13
2353,8,0,0,0,0,1,0,42,0,0,0,0,1,0,4,3,15,1,2,0,3,0,0,0,0,0,0,2,31,1,1,1,2,4,3,1,2,8
2359,10,0,1,0,0,0,0,20,0,1,0,0,0,0,2,3,0,2,0,0,3,0,0,0,0,0,0,2,31,0,1,99,2,99,3,1,2,5
2363,9,0,1,0,0,0,0,27,0,1,0,0,0,0,4,3,0,2,0,0,1,0,0,1,0,0,0,2,31,1,1,1,99,99,7,1,2,11
2364,8,0,0,0,0,0,0,29,0,0,0,0,0,0,4,3,0,2,0,0,3,0,0,0,0,0,0,1,31,1,11,1,99,99,5,1,2,7
2366,4,0,1,0,0,0,0,35,0,1,0,0,0,0,1,5,1,1,9,25,2,0,0,0,0,0,0,2,31,1,1,1,2,4,5,1,2,13
2368,10,0,1,1,0,0,1,25,0,1,0,0,0,1,1,3,0,2,7,25,1,1,0,1,0,0,0,1,31,1,1,1,2,4,3,1,2,10
2383,10,0,0,1,0,0,0,30,0,0,1,0,0,0,4,3,0,2,0,0,1,0,0,0,0,0,0,1,31,1,1,1,99,99,7,1,2,7
2395,10,0,1,0,0,0,0,24,0,1,0,0,0,0,3,3,0,2,1,0,1,0,0,0,0,0,0,2,31,1,1,1,2,4,5,1,2,7
2400,7,0,0,1,0,0,0,27,0,0,1,0,0,0,4,3,1,2,0,0,1,0,0,0,0,0,0,1,31,1,1,1,99,99,4,1,2,8
2402,10,0,0,0,0,0,1,30,0,0,0,0,0,1,4,3,3,2,1,0,2,0,0,0,0,0,0,1,31,1,1,99,2,4,5,1,2,5
2408,9,0,1,0,0,0,1,25,0,1,1,0,0,0,4,3,19,2,9,0,3,0,0,1,1,0,1,1,31,1,1,1,2,4,5,1,2,10
2409,7,1,0,0,0,0,0,36,1,0,0,0,0,0,4,3,1,2,13,0,3,0,0,0,0,0,0,1,31,1,1,1,2,99,4,2,2,2
2417,2,0,1,0,0,0,0,34,0,1,0,0,0,0,4,3,0,1,10,0,2,0,0,0,0,0,0,2,31,1,1,1,2,4,2,1,2,3
2419,10,0,1,0,0,0,0,20,0,1,0,0,0,0,4,2,0,2,1,0,1,0,0,0,0,0,0,2,31,1,1,1,2,4,3,1,2,8
2421,8,0,1,0,0,0,1,23,0,1,0,0,0,0,4,5,0,2,3,0,3,0,0,1,0,0,0,1,31,1,1,1,2,99,8,1,2,13
2425,6,0,1,0,0,0,0,21,0,1,0,0,0,0,4,4,5,2,2,0,1,0,0,1,0,0,0,1,31,1,1,1,2,99,5,1,2,12
2440,9,0,0,1,0,0,1,31,0,0,1,0,0,0,3,3,0,2,0,20,1,0,0,0,0,0,0,1,31,1,1,1,2,4,6,1,2,5
2442,4,0,1,0,0,0,0,34,0,1,0,0,0,0,4,3,2,2,2,0,1,0,0,0,0,0,0,1,31,1,1,1,2,4,3,1,2,6
2445,6,0,1,1,0,0,0,21,0,1,1,0,0,0,3,3,2,2,8,0,3,0,0,1,0,0,0,1,31,1,1,1,99,99,5,1,2,11
2458,1,0,1,0,0,0,0,39,0,1,0,0,0,0,4,3,1,1,4,0,3,0,0,0,0,0,0,2,31,1,1,1,2,4,3,1,2,2
2460,8,0,1,0,0,0,1,25,0,1,0,0,0,1,4,4,2,2,0,0,1,0,0,0,0,0,0,1,31,1,1,1,2,99,4,1,2,10
2461,10,0,1,0,0,0,0,23,0,1,0,0,0,0,4,3,0,2,1,0,1,0,0,0,0,0,0,1,31,1,1,1,99,99,3,1,2,6
2474,9,0,1,1,0,0,0,26,0,1,1,0,0,0,4,3,0,2,1,0,1,0,0,0,0,0,0,2,31,1,1,1,2,4,3,1,2,6
2479,6,0,0,0,0,0,0,31,0,0,0,0,0,0,4,3,0,2,1,0,1,0,0,1,0,0,0,1,31,1,1,99,2,99,3,1,2,11
2494,6,0,1,0,0,0,0,37,0,1,1,0,0,0,4,2,0,2,1,0,1,0,0,0,0,0,0,1,31,1,1,1,99,99,3,1,2,7
2526,5,0,1,1,0,0,0,20,0,1,0,0,0,0,4,3,1,2,7,0,1,0,0,0,0,0,0,1,31,1,1,1,99,99,4,1,2,10
2559,3,0,0,1,0,0,0,15,0,0,1,0,0,0,2,3,4,2,2,20,1,0,0,0,0,0,0,2,31,1,1,1,2,4,6,1,2,12
2572,10,0,0,1,0,0,0,26,0,0,1,0,0,0,4,2,0,2,2,0,1,0,0,1,0,0,0,1,31,1,1,1,99,99,7,1,2,7
2585,8,0,1,1,0,0,0,32,0,1,1,0,0,0,4,3,2,2,1,0,1,0,0,0,0,0,0,2,31,1,1,1,99,99,3,1,2,8
2590,10,0,0,1,0,0,1,24,0,0,0,0,0,0,4,3,4,2,0,0,1,1,0,1,1,1,0,1,31,1,1,1,99,99,10,1,2,13
2592,7,1,0,0,0,0,0,29,1,0,0,0,0,0,4,2,0,2,4,0,3,0,0,0,0,0,0,1,31,1,1,99,2,99,3,1,2,1
2606,8,0,0,1,0,0,0,20,0,0,1,0,0,0,1,2,1,2,1,0,1,0,0,0,0,0,0,2,31,1,11,1,99,99,3,1,2,3
2615,7,0,0,0,0,0,1,29,0,0,0,0,0,1,1,2,6,2,2,25,3,0,0,0,0,0,1,1,31,1,1,1,2,99,5,1,2,13
2616,10,0,0,1,0,0,0,17,0,0,1,0,0,0,4,3,2,2,7,0,1,1,1,1,0,0,0,2,31,1,1,1,99,99,5,1,2,8
2620,8,0,0,1,0,0,0,25,0,0,1,0,0,0,4,4,0,2,0,0,1,0,0,0,0,0,0,1,31,1,1,99,99,99,5,1,2,4
2633,7,0,1,1,0,0,0,24,0,1,0,0,0,0,4,3,0,2,1,0,2,0,1,1,1,0,0,2,31,1,1,1,2,4,4,1,2,11
2646,4,0,0,0,0,0,1,25,0,0,0,0,0,1,4,5,20,2,1,0,3,0,0,1,0,0,0,1,31,1,1,1,2,99,8,1,2,14
2655,6,0,1,0,0,0,0,17,0,1,0,0,0,0,4,3,0,2,1,0,1,0,0,0,0,0,0,2,31,0,1,1,2,99,2,1,2,5
2665,1,0,1,0,0,0,0,47,0,1,0,0,0,0,2,2,8,1,11,24,3,0,0,0,0,0,1,1,31,1,1,1,2,99,5,1,2,13
2670,8,1,0,0,0,0,0,31,1,0,0,0,0,0,4,3,4,2,4,0,3,0,0,0,0,0,0,1,31,1,1,99,2,99,2,1,2,5
2671,6,0,1,0,0,0,0,42,0,1,0,0,0,0,4,3,2,1,12,0,3,0,0,0,0,0,0,2,31,1,1,1,2,4,2,1,2,13
2672,7,0,0,1,0,0,0,23,0,0,1,0,0,0,4,3,0,2,6,0,1,1,0,1,0,0,0,1,31,1,1,1,2,99,6,1,2,13
2686,7,0,1,1,0,0,0,40,0,1,1,0,0,0,1,3,4,1,11,25,2,0,0,0,0,0,0,2,31,1,1,1,2,4,4,1,2,11
2687,6,0,0,1,0,0,0,18,0,0,1,0,0,0,4,3,11,2,0,0,1,1,1,1,0,0,0,2,31,1,1,1,2,4,6,1,2,14
2693,7,0,1,1,0,0,0,28,0,1,1,0,0,0,4,2,1,2,0,0,1,0,0,0,0,0,0,1,31,1,1,1,99,99,3,1,2,5
2703,9,0,1,0,0,0,0,21,0,1,0,0,0,0,4,3,3,2,0,0,1,0,0,0,0,0,0,2,31,1,1,1,99,99,5,1,2,8
2707,9,0,0,1,0,0,0,23,0,0,1,0,0,0,3,2,6,2,2,0,1,0,1,1,0,0,0,2,31,1,1,1,2,99,5,1,2,11
2713,6,0,1,0,0,0,0,24,0,1,0,0,0,0,4,3,1,2,2,0,2,0,0,0,0,0,0,1,31,1,1,1,2,99,3,1,2,5
2720,6,0,1,0,0,0,0,18,0,1,0,0,0,0,4,2,0,2,0,0,1,0,0,0,0,0,0,1,31,1,1,99,99,99,2,1,2,3
2722,7,0,1,0,0,0,0,20,0,1,0,0,0,0,4,3,20,2,0,0,3,0,0,1,1,0,0,2,31,1,1,1,2,99,3,1,2,4
2729,1,0,1,0,0,0,0,25,0,1,0,0,0,0,4,3,0,2,11,0,1,0,0,0,0,0,0,1,31,1,1,1,2,99,3,1,2,8
2738,8,0,1,0,0,1,0,23,0,1,0,0,0,0,4,4,2,2,1,0,2,1,1,1,0,0,0,1,31,1,1,1,2,4,6,1,2,13
2740,8,0,0,1,0,0,0,30,0,0,1,0,0,0,4,3,20,2,3,0,2,1,0,1,0,0,0,1,31,1,1,1,2,99,4,1,2,12
2750,6,0,1,1,0,0,1,24,0,1,1,0,0,0,4,3,0,2,2,0,2,0,0,0,0,0,0,1,31,1,1,1,99,99,4,1,2,9
2753,10,0,1,1,0,0,0,35,0,1,0,0,0,0,4,1,0,2,0,0,1,0,0,0,0,0,0,2,31,1,1,1,99,99,4,1,2,11
2754,4,0,1,0,0,0,1,20,0,1,0,0,0,0,4,5,15,2,7,0,1,0,1,0,0,0,0,2,31,1,1,1,2,4,4,1,2,14
2769,10,0,0,1,0,0,0,30,0,0,1,0,0,0,4,3,17,2,3,0,2,0,0,0,0,0,1,1,31,1,1,99,2,99,3,1,2,14
2796,4,0,0,0,0,1,0,33,0,1,0,0,1,0,4,3,5,1,3,0,2,0,0,0,0,0,0,1,31,1,1,1,2,4,3,1,2,10
2807,5,1,1,0,0,0,0,35,1,0,0,0,0,0,4,3,2,2,4,0,3,0,0,0,0,0,0,2,31,1,1,1,2,4,4,1,2,9
2816,3,1,0,0,0,0,0,30,1,0,0,0,0,0,4,3,1,2,7,0,3,0,0,0,0,0,0,2,31,1,1,99,2,4,3,1,2,6
2817,8,0,0,0,0,1,0,31,0,0,0,0,1,0,4,3,3,2,2,0,2,0,0,0,0,0,0,2,31,1,1,1,2,99,3,1,2,5
2819,8,0,1,1,0,0,1,25,0,0,1,0,0,0,1,3,2,2,3,25,1,0,0,0,0,0,0,1,31,1,1,1,99,99,3,1,2,11
2830,6,0,1,1,0,0,0,19,0,1,1,0,0,0,4,3,5,2,0,0,2,0,0,1,0,0,0,2,31,1,1,1,2,4,5,1,2,14
2833,8,0,1,0,0,0,0,19,0,1,0,0,0,0,2,4,7,2,9,8,2,0,0,0,0,0,0,1,31,1,1,1,2,4,3,1,2,7
2834,10,0,0,0,0,0,1,29,0,0,0,0,0,1,1,3,6,2,3,25,3,0,0,0,0,0,1,1,31,1,1,99,2,99,5,1,2,13
2836,10,0,0,0,0,0,1,26,0,0,0,0,0,1,4,3,20,2,7,0,3,0,0,1,0,0,1,1,31,1,1,1,2,99,4,1,2,14
2845,8,0,0,1,0,0,0,38,0,0,1,0,0,0,2,3,4,1,0,0,1,0,0,0,0,0,0,2,31,1,1,1,2,4,7,1,2,10
2853,7,0,1,0,0,0,0,33,0,1,0,0,0,0,4,2,0,2,0,0,1,0,0,0,0,0,0,1,31,1,1,99,99,99,2,1,2,5
2856,6,0,1,0,0,0,0,31,0,1,0,0,0,0,4,4,0,2,11,0,3,0,0,0,0,0,1,2,31,1,1,1,2,99,6,2,2,14
2857,9,0,0,1,0,0,0,22,0,0,1,0,0,0,2,2,0,2,8,0,1,0,0,0,0,0,0,2,31,1,1,1,2,99,3,1,2,6
2869,9,0,0,1,0,0,0,36,0,0,1,0,0,0,4,3,3,2,0,0,1,0,0,0,0,0,0,2,31,1,1,99,99,99,5,1,2,4
2871,6,0,1,0,0,0,0,19,0,1,0,0,0,0,1,5,10,2,9,0,2,0,0,1,0,0,0,1,31,1,1,1,2,4,7,1,2,13
2874,9,0,0,1,0,0,0,22,0,0,1,0,0,0,4,4,4,2,0,0,1,0,1,1,0,0,0,1,31,1,1,1,2,4,5,1,2,13
2877,10,0,0,1,0,0,0,32,0,0,1,0,0,0,4,3,0,2,0,0,3,0,0,0,0,0,0,2,31,1,1,1,99,99,5,1,2,12
2880,10,0,1,1,0,0,1,25,0,1,1,0,0,0,4,1,2,2,9,0,1,0,0,0,0,0,0,2,31,1,1,99,99,99,4,1,2,7
2881,8,0,1,1,0,0,0,23,0,1,1,0,0,0,2,2,2,2,1,15,2,0,0,0,0,0,0,1,31,1,1,1,2,4,3,1,2,5
2887,10,0,0,0,0,0,1,47,0,0,0,0,0,1,1,4,6,2,0,0,3,0,0,0,0,0,0,1,33,1,1,1,2,99,6,1,2,13
2898,6,0,1,0,0,0,1,38,0,1,0,0,0,0,1,3,4,1,11,25,3,0,0,0,0,0,0,2,31,1,1,1,2,4,2,1,2,14
2903,5,0,0,1,0,0,1,33,0,0,1,0,0,1,4,3,1,2,10,0,1,0,0,0,0,0,0,2,31,1,1,99,2,4,4,1,2,5
2912,4,0,0,0,0,0,0,21,0,0,0,0,0,0,4,5,0,2,0,0,1,0,0,1,0,0,0,2,31,1,1,1,2,99,10,2,2,12
2917,10,0,1,0,0,0,1,26,0,1,0,0,0,1,4,3,2,2,7,0,1,0,1,1,0,0,0,1,31,1,1,1,2,99,5,1,2,11
2923,6,0,1,0,0,0,0,28,0,1,0,0,0,0,4,3,0,2,1,0,1,0,0,0,0,0,0,1,31,1,1,1,2,99,3,1,2,6
2925,7,0,0,0,0,1,0,18,0,0,0,0,1,0,4,5,0,2,11,0,3,0,0,0,0,0,1,1,33,1,1,1,2,4,5,1,2,14
2930,10,0,1,1,0,0,1,16,0,1,1,0,0,0,4,3,9,2,0,0,1,0,1,1,0,0,0,1,33,1,1,99,2,99,3,1,2,5
2935,10,0,1,0,0,0,0,38,0,1,0,0,0,0,4,5,3,1,8,0,1,0,0,0,0,0,0,2,31,1,1,1,2,4,4,1,2,10
2941,3,0,0,1,0,0,0,27,0,1,0,0,0,0,3,1,3,2,8,14,1,0,0,0,0,0,0,1,31,1,1,1,2,99,3,1,2,7
2949,8,0,0,1,0,0,0,25,0,0,1,0,0,0,4,3,1,2,3,0,1,1,0,1,0,0,0,2,31,1,1,1,2,99,10,1,2,14
2952,2,0,1,0,0,0,0,34,0,1,0,0,0,0,4,4,0,2,14,0,3,0,1,1,0,0,0,1,31,1,1,1,2,4,4,1,2,11
2958,5,0,1,0,0,0,0,31,0,1,0,0,0,0,4,3,0,2,4,0,1,0,1,1,0,0,0,1,31,1,1,1,2,99,5,1,2,13
2960,4,0,1,0,0,0,0,47,0,1,0,0,0,0,1,5,1,1,10,25,1,0,0,0,0,0,0,1,31,1,1,1,2,99,2,1,2,10
2972,6,0,0,1,0,0,0,29,0,0,1,0,0,0,4,3,20,2,0,0,1,0,0,1,0,0,1,2,31,1,1,1,2,4,5,1,2,13
2976,3,0,0,1,0,0,0,30,0,0,1,0,0,0,2,3,2,2,0,10,3,0,0,0,0,0,0,2,31,1,1,1,99,99,3,1,2,4
2988,5,0,1,0,0,0,0,34,0,1,0,0,0,0,4,4,4,1,9,0,3,0,0,0,0,0,0,1,31,1,1,1,2,4,4,1,2,5
2989,8,0,1,1,0,0,0,22,0,1,0,0,0,0,4,3,0,2,0,0,3,0,0,0,0,0,0,1,31,1,1,1,99,99,3,1,2,7
2997,8,0,1,1,0,0,0,18,0,1,1,0,0,0,4,2,0,2,0,0,2,0,0,0,0,0,0,2,31,1,1,1,99,99,2,1,2,4
