random_ID,'predicted total_income_hhld_code'
3954,14
3955,14
3956,14
3957,12
3958,14
3959,12
3960,12
3961,12
3962,12
3964,14
3965,12
3968,13
3969,12
3970,12
3971,14
3972,12
3973,12
3974,14
3975,7
3976,14
3977,12
3978,14
3980,14
3981,14
3982,13
3983,12
3984,12
3985,14
3986,8
3987,12
3988,12
3989,12
3990,7
3991,14
3992,14
3995,10
3997,12
3998,12
3999,14
4000,12
4002,13
4004,4
4005,14
4006,13
4007,12
4008,13
4009,14
4012,14
4013,14
4014,13
4016,14
4017,12
4019,12
4020,12
4021,13
4022,13
4023,14
4024,14
4025,14
4026,11
4027,14
4028,12
4029,10
4030,14
4032,12
4034,14
4035,14
4036,12
4037,13
4038,6
4040,11
4041,14
4042,14
4043,14
4044,12
4045,7
4046,12
4048,14
4049,13
4051,12
4052,13
4053,13
4054,12
4055,13
4056,11
4057,5
4058,12
4059,13
4060,13
4061,13
4062,8
4063,13
4064,13
4065,14
4066,13
4067,14
4068,12
4069,13
4070,12
4071,14
4073,13
4074,12
4075,14
4076,14
4077,14
4079,7
4080,12
4081,13
4082,14
4083,12
4084,14
4085,13
4086,5
4087,14
4088,7
4090,12
4091,12
4092,14
4093,12
4094,10
4095,13
4096,12
4097,14
4098,14
4099,14
4100,14
4101,12
4103,14
4104,13
4106,12
4108,7
4110,14
4112,12
4115,13
4116,13
4117,12
4118,14
4119,13
4123,13
4125,12
4126,7
4127,13
4130,12
4131,13
4132,14
4133,12
4134,7
4135,14
4136,13
4137,12
4138,12
4139,13
4140,12
4141,12
4142,13
4144,14
4145,13
4146,13
4148,14
4149,14
4150,13
4152,12
4153,13
4155,12
4156,12
4157,13
4158,14
4160,12
4161,14
4162,14
4164,14
4165,7
4166,12
4167,8
4169,12
4170,7
4171,11
4172,12
4173,12
4174,14
4175,13
4176,5
4178,14
4181,13
4182,14
4183,12
4184,14
4185,12
4187,12
4188,12
4189,7
4191,12
4192,12
4194,13
4195,14
4196,14
4198,12
4200,14
4201,13
4203,7
4205,14
4206,14
4207,13
4208,7
4209,11
4210,12
4211,12
4212,13
4214,14
4215,14
4216,14
4217,12
4218,14
4219,12
4220,13
4221,7
4222,13
4223,13
4224,14
4225,7
4226,12
4227,12
4228,13
4229,12
4230,14
4231,14
4233,13
4235,14
4236,14
4237,13
4239,12
4241,13
4242,12
4243,13
4244,13
4245,14
4247,14
4249,14
4250,13
4251,13
4252,12
4253,13
4254,14
4256,7
4257,12
4258,14
4259,12
4260,12
4262,13
4264,12
4265,10
4267,13
4268,7
4269,13
4270,6
4271,12
4272,12
4273,12
4274,12
4275,12
4276,6
4277,13
4279,14
4280,13
4281,7
4282,14
4283,12
4284,14
4286,12
4287,14
4288,12
4290,10
4292,12
4293,12
4294,13
4295,14
4296,14
4298,12
4299,14
4300,14
4301,12
4302,13
4303,12
4304,13
4305,14
4306,12
4308,13
4309,14
4310,13
4311,12
4312,4
4314,13
4315,14
4316,12
4317,14
4318,12
4319,14
4320,13
4321,13
4322,7
4323,13
4324,14
4326,12
4327,14
4329,14
4331,12
4334,7
4335,14
4337,12
4338,14
4339,14
4340,12
4342,14
4343,12
4344,14
4345,13
4346,14
4347,12
4349,12
4350,14
4351,12
4352,14
4353,14
4355,14
4356,13
4358,7
4359,12
4360,12
4361,12
4362,12
4363,14
4364,13
4366,12
4367,14
4368,14
4369,14
4371,12
4373,6
4376,14
4377,5
4378,12
4379,5
4381,13
4382,14
4383,12
4384,13
4385,12
4387,14
4388,14
4390,12
4391,14
4392,14
4393,12
4394,12
4395,12
4396,13
4397,14
4398,12
4400,12
4401,14
4402,7
4403,14
4406,12
4407,14
4408,14
4409,13
4410,12
4411,12
4412,13
4413,14
4414,13
4415,5
4416,14
4417,14
4418,14
4419,14
4420,13
4421,12
4422,13
4423,13
4424,13
4428,14
4429,14
4430,4
4431,12
4432,13
4433,12
4434,14
4435,12
4436,14
4439,12
4440,12
4441,12
4442,12
4443,6
4444,14
4446,12
4448,13
4449,14
4450,12
4451,14
4452,12
4453,11
4454,14
4456,12
4457,12
4458,14
4459,14
4460,12
4461,12
4462,12
4466,12
4467,14
4469,12
4471,14
4472,7
4473,13
4474,12
4475,14
4478,8
4479,12
4480,12
4481,13
4483,12
4484,13
4485,14
4486,13
4487,12
4488,10
4489,13
4490,13
4492,13
4493,10
4494,7
4495,12
4496,6
4497,12
4499,13
4500,12
4501,8
4502,5
4503,12
4504,13
4505,12
4506,14
4507,13
4508,12
4509,13
4510,13
4513,14
4514,14
4515,11
4517,14
4518,14
4519,12
4520,14
4521,14
4522,12
4523,12
4524,14
4525,14
4526,12
4527,12
4528,12
4529,12
4530,12
4532,14
4533,14
4534,12
4536,12
4537,14
4538,8
4539,13
4540,12
4541,13
4543,14
4544,13
4545,13
4546,14
4547,12
4548,7
4549,14
4550,12
4551,13
4552,12
4553,12
4554,14
4555,14
4556,12
4557,12
4558,14
4559,12
4560,14
4561,12
4562,13
4563,14
4564,12
4565,12
4566,12
4567,12
4568,13
4569,12
4570,12
4571,14
4572,14
4573,13
4575,13
4576,5
4577,12
4579,13
4580,12
4581,14
4582,13
4583,14
4584,12
4585,12
4586,13
4587,12
4588,14
4589,12
4590,14
4591,13
4593,12
4594,13
4595,13
4597,7
4598,13
4600,11
4601,7
4602,12
4603,7
4604,14
4605,7
4607,14
4608,7
4612,14
4614,9
4615,12
4617,7
4618,12
4619,14
4620,14
4621,14
4622,7
4623,12
4624,13
4627,14
4628,5
4629,5
4633,14
4634,14
4635,12
4637,14
4638,13
4640,12
4642,14
4643,13
4645,12
4646,14
4648,13
4649,10
4650,13
4651,12
4652,12
4654,12
4655,14
4656,12
4657,14
4658,12
4659,12
4660,13
4661,12
4662,13
4665,13
4666,5
4667,12
4668,12
4669,12
4670,14
4671,14
4672,12
4673,13
4674,12
4675,14
4676,11
4677,13
4678,14
4679,13
4680,14
4681,14
4682,14
4683,14
4684,11
4685,12
4686,14
4687,12
4689,13
4690,14
4691,12
4692,12
4694,14
4695,12
4697,13
4698,12
4699,13
4701,12
4703,12
4706,12
4707,14
4708,13
4710,12
4711,13
4712,13
4713,12
4714,13
4717,13
4719,13
4720,14
4721,13
4722,12
4723,14
4724,12
4726,12
4727,13
4728,12
4729,14
4730,12
4731,14
4733,12
4734,12
4735,12
4736,13
4738,12
4739,7
4740,12
4741,14
4742,12
4743,13
4745,12
4746,13
4747,7
4748,14
4749,12
4750,13
4751,14
4752,12
4753,14
4754,14
4756,13
4757,6
4758,14
4759,12
4760,14
4761,14
4763,14
4765,14
4766,14
4767,12
4768,12
4769,14
4770,12
4774,14
4775,13
4776,13
4781,14
4782,7
4783,12
4784,13
4785,8
4786,13
4787,12
4788,12
4789,14
4792,13
4794,13
4795,14
4797,5
4798,10
4800,13
4802,11
4803,7
4804,14
4805,14
4806,12
4808,12
4809,14
4810,14
4811,12
4812,14
4813,14
4815,14
4816,5
4817,12
4818,12
4819,13
4820,12
4821,14
4823,14
4824,12
4825,13
4826,14
4827,12
4828,12
4829,12
4830,14
4831,12
4833,12
4834,12
4835,12
4836,14
4837,13
4838,12
4839,5
4840,12
4842,13
4843,13
4846,14
4847,14
4848,12
4849,12
4850,12
4851,14
4852,14
4854,14
4855,12
4856,12
4857,13
4860,12
4862,13
4863,12
4864,14
4867,5
4868,7
4869,13
4873,14
4874,7
4875,14
4876,12
4878,14
4881,14
4882,13
4883,12
4885,13
4886,10
4888,12
4891,12
4892,12
4893,13
4895,11
4896,14
4897,12
4900,6
4901,10
4903,4
4904,14
4905,12
4906,12
4908,13
4912,12
4913,13
4914,13
4918,12
4919,12
4920,5
4921,7
4922,12
4923,12
4924,12
4926,14
4928,12
4929,12
4930,7
4932,14
4933,14
4934,7
4935,12
4936,12
4937,14
4938,12
4939,14
4940,13
4941,14
4942,12
4943,13
4944,14
4945,13
4946,14
4947,14
4949,13
4952,13
4953,14
4955,14
4957,12
4958,14
4959,12
4960,12
4961,14
4963,13
4964,14
4965,13
4967,13
4968,12
4969,7
4970,13
4971,13
4972,11
4973,12
4974,12
4976,12
4977,14
4978,12
4980,9
4982,14
4986,12
4987,13
4988,14
4989,14
4990,11
4993,12
4994,13
4996,14
4998,6
4999,12
5000,14
5004,14
5005,14
5006,5
5007,12
5008,12
5009,13
5011,12
5012,14
5013,13
5014,12
5016,14
5018,14
5019,10
5020,5
5021,12
5022,13
5023,12
5025,13
5026,12
5027,14
5028,12
5029,14
5030,14
5031,13
5033,14
5035,12
5037,12
5038,13
5040,6
5041,13
5043,14
5044,10
5046,13
5047,14
5048,13
5050,12
5051,12
5052,14
5053,12
5054,13
5055,12
5058,12
5059,13
5060,14
5062,13
5063,13
5064,10
5065,13
5066,13
5068,14
5069,14
5070,12
5071,13
5072,12
5073,14
5074,12
5075,12
5076,14
5077,13
5078,13
5079,14
5080,13
5081,14
5082,14
5083,13
5084,13
5085,14
5086,13
5087,12
5088,12
5089,7
5090,12
5092,14
5093,7
5094,12
5096,13
5097,14
5099,7
5100,13
5102,12
5103,14
5104,13
5106,14
5107,12
5109,13
5111,7
5113,12
5114,14
5115,14
5118,7
5119,14
5122,12
5123,7
5125,12
5126,14
5128,14
5129,13
5130,14
5131,12
5132,13
5133,12
5134,14
5135,13
5136,14
5138,12
5139,12
5140,14
5141,12
5142,14
5143,7
5145,13
5147,12
5148,14
5149,12
5150,7
5151,12
5153,14
5154,12
5156,12
5157,12
5158,12
5159,14
5160,12
5162,13
5163,13
5164,14
5168,12
5169,12
5170,13
5171,14
5174,12
5175,14
5176,12
5177,13
5178,12
5180,14
5181,14
5182,14
5183,14
5184,14
5185,8
5186,14
5187,12
5189,14
5190,12
5191,7
5192,14
5193,7
5194,14
5195,5
5196,13
5199,13
5200,12
5202,10
5203,13
5204,13
5205,14
5207,14
5208,13
5209,12
5210,12
5211,12
5212,13
5213,14
5215,14
5217,14
5219,13
5220,14
5221,12
5224,14
5225,12
5226,12
5227,13
5230,12
5231,14
5232,12
5234,14
5235,14
5236,12
5237,14
5238,12
5239,14
5240,10
5241,13
5242,14
5244,5
5245,12
5246,12
5247,13
5248,12
5249,14
5250,13
5251,12
5252,7
5253,13
5255,5
5257,14
5258,14
5259,7
5260,12
5261,10
5262,14
5263,12
5265,13
5266,14
5267,12
5269,14
5271,12
5272,6
5274,12
5275,13
5276,14
5277,14
5278,13
5279,14
5280,12
5281,14
5282,9
5285,12
5286,13
5287,7
5288,14
5289,5
5290,14
5291,14
5293,12
5295,12
5296,12
5298,12
5299,14
5300,14
5301,13
5302,12
5303,12
5304,14
5306,14
5307,12
5308,12
5309,12
5311,12
5313,14
5315,13
5316,14
5318,14
5319,12
5321,14
5322,12
5323,12
5324,10
5326,12
5328,10
5329,12
5330,12
5331,12
5332,5
5333,12
5334,13
5336,12
5337,14
5339,12
5340,14
5342,13
5343,12
5344,14
5345,14
5348,14
5350,12
5352,12
5353,12
5354,14
5355,12
5356,14
5357,5
5359,14
5360,9
5363,12
5365,8
5366,14
5368,13
5369,12
5373,12
5374,12
5375,14
5376,14
5377,14
5378,13
5379,12
5381,13
5382,14
5383,14
5384,12
5385,12
5386,14
5390,13
5391,7
5392,7
5393,13
5395,11
5396,13
5397,14
5398,14
5399,14
5400,12
5402,13
5403,13
5404,12
5405,14
5408,13
5409,12
5410,14
5411,13
5413,14
5414,12
5415,12
5416,14
5417,13
5418,12
5419,14
5420,14
5421,14
5422,14
5424,11
5426,5
5428,12
5429,12
5430,14
5431,12
5432,12
5433,14
5434,12
5436,12
5437,12
5438,12
5440,14
5441,13
5442,6
5444,7
5445,14
5446,12
5449,14
5451,14
5452,14
5453,14
5454,12
5455,13
5457,8
5459,14
5460,14
5461,13
5462,12
5463,13
5464,14
5465,12
5466,12
5467,14
5468,12
5469,12
5471,12
5472,14
5473,13
5474,13
5476,12
5478,14
5479,12
5480,13
5481,14
5482,12
5485,7
5486,14
5487,12
5488,13
5489,12
5490,12
5491,12
5494,10
5495,12
5496,8
5497,12
5498,12
5499,12
5500,12
5502,12
5503,14
5504,14
5505,13
5506,12
5508,10
5509,7
5511,13
5512,6
5513,14
5515,12
5516,12
5517,13
5519,14
5521,14
5522,14
5523,7
5527,12
5529,14
5531,6
5532,14
5533,13
5534,12
5535,14
5536,14
5537,11
5539,5
5540,14
5541,11
5542,13
5544,14
5545,14
5546,12
5549,14
5550,14
5551,14
5553,14
5554,13
5555,13
5556,13
5557,13
5558,12
5559,12
5560,12
5562,12
5563,12
5564,11
5565,13
5566,11
5567,7
5568,8
5569,13
5570,14
5572,13
5573,13
5574,14
5575,12
5576,13
5577,7
5578,7
5580,12
5583,14
5584,12
5585,14
5586,14
5587,14
5588,7
5589,12
5590,13
5591,14
5593,13
5594,12
5595,12
5597,14
5598,7
5599,12
5600,12
5601,12
5602,13
5603,12
5604,9
5606,14
5607,12
5608,14
5609,13
5610,14
5611,12
5615,13
5616,12
5618,7
5619,11
5620,7
5623,13
5626,13
5628,13
5629,12
5631,12
5633,14
5634,14
5635,14
5636,12
5637,14
5638,13
5639,12
5641,13
5642,12
5646,14
5647,12
5648,11
5649,12
5650,11
5653,12
5654,12
5655,12
5657,14
5658,13
5660,13
5661,12
5662,12
5664,12
5665,14
5667,13
5668,12
5669,14
5671,13
5672,6
5673,7
5675,12
5676,12
5677,12
5679,14
5681,13
5682,14
5683,14
5684,13
5685,12
5687,13
5688,12
5690,12
5692,14
5694,13
5695,14
5696,12
5697,12
5698,7
5699,11
5700,12
5701,14
5702,14
5703,14
5704,14
5706,14
5708,14
5709,14
5710,14
5711,12
5712,14
5713,13
5714,10
5715,14
5716,12
5719,12
5720,3
5721,12
5722,13
5723,12
5726,12
5727,5
5728,12
5729,12
5730,14
5731,14
5732,12
5735,8
5736,12
5737,12
5739,12
5740,14
5741,5
5742,12
5743,13
5744,5
5745,12
5746,12
5747,14
5748,14
5749,14
5750,12
5751,12
5753,13
5754,6
5755,14
5756,14
5758,14
5759,13
5761,14
5762,12
5763,12
5764,12
5765,14
5766,14
5767,13
5768,12
5769,6
5770,12
5771,14
5772,12
5773,14
5774,14
5775,7
5776,13
5777,10
5778,14
5779,12
5780,13
5782,13
5783,12
5785,14
5790,13
5793,10
5794,12
5798,14
5800,7
5801,13
5802,14
5803,5
5804,12
5805,14
5806,14
5807,13
5809,14
5810,14
5811,14
5813,14
5814,14
5816,12
5817,13
5818,14
5819,12
5820,13
5821,14
5823,12
5824,7
5827,12
5828,14
5829,14
5830,12
5834,14
5835,6
5836,10
5838,12
5842,14
5844,13
5845,14
5846,12
5847,13
5848,13
5849,11
5852,12
5853,13
5854,14
5855,12
5857,14
5858,14
5859,12
5860,12
5861,13
5863,12
5864,14
5865,14
5867,14
5870,10
5871,11
5873,12
5874,11
5875,12
5876,12
5879,12
5880,12
5881,13
5882,14
5885,7
5886,5
5887,14
5888,14
5891,12
5894,7
5895,13
5897,14
5899,12
5900,13
5902,13
5903,13
5904,14
5905,12
5906,13
5907,7
5908,13
5909,14
5910,12
5911,12
5912,12
5913,13
5914,14
5915,12
5917,7
5919,13
5920,14
5922,13
5923,12
5924,13
5926,12
5929,14
5930,12
5933,14
5934,14
5935,14
5936,10
5937,14
5938,10
5939,14
5940,13
5941,12
5942,12
5943,13
5944,13
5946,12
5949,12
5950,12
5952,14
5953,14
5954,12
5955,13
5956,12
5957,13
5959,14
5960,14
5961,12
5963,12
5964,7
5965,12
5967,14
5968,14
5969,7
5970,13
5971,14
5972,13
5973,12
5974,12
5975,12
5976,13
5978,7
5979,13
5980,12
5981,14
5982,12
5983,13
5984,13
5985,14
5986,12
5987,14
5988,14
5989,12
5991,12
5992,13
5993,13
5994,13
5995,7
5996,14
5998,12
5999,12
6000,13
6002,13
6004,12
6005,12
6006,12
6008,13
6009,5
6010,12
6012,12
6014,14
6015,14
6016,14
6017,14
6018,14
6019,13
6020,12
6021,12
6024,5
6025,14
6026,14
6027,12
6028,14
6029,13
6030,14
6031,13
6032,7
6034,14
6035,14
6036,14
6037,14
6038,12
6039,10
6041,7
6042,13
6043,14
6045,12
6046,12
6047,12
6048,13
6049,13
6051,7
6053,14
6054,13
6056,12
6058,12
6059,12
6060,12
6061,12
6062,12
6063,6
6064,12
6065,13
6066,14
6067,12
6068,7
6071,8
6072,13
6073,12
6075,13
6076,13
6077,13
6078,13
6079,13
6080,14
6081,13
6082,13
6083,12
6084,12
6086,13
6087,14
6088,12
6089,12
6090,12
6091,12
6092,12
6093,14
6094,13
6095,13
6097,12
6098,13
6099,12
6100,12
6102,6
6103,14
6104,14
6106,14
6108,12
6109,11
6110,12
6111,12
6112,12
6113,5
6114,13
6115,12
6116,12
6117,12
6118,12
6119,12
6121,12
6122,13
6123,6
6124,12
6127,12
6128,13
6129,14
6131,12
6132,7
6133,14
6134,7
6135,14
6136,12
6137,14
6139,12
6141,14
6142,13
6143,14
6144,12
6145,13
6147,13
6148,14
6149,12
6150,7
6151,12
6152,14
6153,12
6155,6
6156,7
6157,14
6159,13
6160,13
6163,12
6164,12
6166,13
6167,13
6168,13
6169,13
6170,10
6172,6
6173,13
6174,14
6175,12
6176,13
6177,14
6179,12
6180,12
6181,12
6183,13
6186,14
6187,11
6188,14
6189,13
6190,14
6191,12
6192,13
6193,12
6194,12
6195,12
6196,6
6198,12
6199,7
6202,12
6203,13
6204,7
6205,12
6206,13
6209,7
6210,12
6211,12
6212,14
6213,13
6215,13
6216,14
6219,14
6221,6
6222,12
6223,13
6225,7
6226,12
6229,13
6230,13
6231,13
6233,14
6234,12
6235,12
6237,14
6241,7
6242,13
6243,6
6244,12
6245,12
6246,12
6248,12
6250,11
6251,12
6252,12
6254,13
6255,13
6256,14
6257,12
6258,13
6260,7
6261,14
6264,14
6266,14
6267,14
6268,14
6269,13
6270,13
6271,13
6273,12
6277,7
6278,13
6279,12
6281,14
6282,12
6283,12
6284,11
6285,11
6287,12
6288,12
6289,12
6290,12
6292,14
6293,12
6294,13
6295,14
6296,14
6297,11
6298,13
6299,12
6300,12
6301,14
6303,12
6304,13
6306,12
6307,14
6309,7
6310,12
6311,13
6312,12
6313,12
6314,13
6315,14
6316,12
6319,7
6320,13
6321,13
6322,14
6323,12
6324,5
6325,7
6326,12
6327,12
6328,14
6329,9
6330,12
6331,14
6332,12
6333,12
6334,13
6335,12
6336,14
6339,14
6342,12
6344,13
6346,14
6347,14
6348,13
6349,12
6351,13
6352,13
6354,14
6355,12
6356,14
6357,14
6359,14
6361,13
6362,13
6364,14
6365,11
6366,10
6367,13
6369,14
6370,13
6372,13
6373,7
6374,14
6375,14
6379,12
6380,14
6381,12
6385,13
6386,14
6387,12
6389,7
6390,14
6392,12
6393,14
6395,14
6396,14
6397,10
6398,14
6399,14
6400,14
6402,12
6403,13
6404,14
6405,12
6406,12
6407,14
6408,12
6409,12
6410,7
6411,13
6413,12
6414,14
6416,12
6417,14
6418,12
6420,12
6421,12
6423,14
6424,12
6425,2
6426,10
6427,14
6428,12
6429,12
6430,12
6431,6
6432,14
6434,12
6435,7
6437,12
6438,14
6439,12
6440,14
6441,14
6442,5
6443,13
6444,13
6445,14
6446,12
6447,14
6448,12
6449,11
6450,14
6451,12
6452,14
6454,12
6455,14
6456,12
6457,13
6458,12
6459,14
6460,14
6461,13
6462,14
6463,13
6464,12
6465,13
6467,14
6470,14
6471,14
6472,12
6473,13
6474,14
6476,11
6477,13
6478,12
6479,12
6480,12
6482,14
6483,14
6485,14
6486,14
6488,14
6489,12
6490,12
6491,12
6492,14
6494,14
6495,11
6496,14
6497,14
6498,12
6499,7
6500,12
6501,12
6502,14
6503,6
6505,13
6506,13
6507,13
6508,13
6510,14
6511,14
6512,5
6513,7
6514,12
6515,12
6517,12
6518,13
6519,12
6520,12
6521,13
6522,14
6523,14
6524,14
6528,12
6529,14
6530,14
6535,14
6537,12
6538,13
6539,12
6540,14
6541,14
6542,14
6543,13
6544,12
6545,7
6546,14
6547,14
6548,12
6549,14
6550,12
6551,14
6552,10
6553,10
6554,13
6556,6
6557,12
6558,7
6559,11
6560,13
6563,12
6564,14
6565,13
6568,13
6569,12
6570,14
6571,14
6572,13
6574,6
6575,7
6576,12
6577,12
6578,12
6579,13
6581,14
6582,11
6585,12
6588,14
6590,12
6591,13
6592,14
6593,10
6594,12
6595,12
6596,12
6597,12
6598,12
6599,14
6601,14
6602,12
6603,12
6604,14
6605,12
6607,13
6608,12
6610,12
6611,14
6613,14
6614,12
6615,14
6616,12
6617,14
6619,14
6620,13
6621,6
6622,12
6623,14
6624,13
6625,14
6626,14
6627,13
6628,14
6630,14
6631,14
6632,12
6633,14
6635,12
6637,14
6640,12
6641,12
6642,13
6643,13
6644,11
6645,13
6646,13
6647,14
6648,12
6649,12
6651,12
6654,6
6655,11
6657,14
6658,13
6659,12
6660,7
6662,14
6663,7
6664,14
6665,10
6666,14
6667,7
6668,12
6669,12
6671,14
6672,12
6673,12
6674,13
6675,5
6676,12
6677,12
6678,12
6680,14
6681,13
6682,14
6683,13
6684,12
6686,6
6688,12
6689,13
6690,7
6691,12
6692,14
6694,13
6695,14
6696,12
6697,13
6698,14
6700,7
6702,14
6703,7
6704,14
6705,12
6706,12
6707,13
6708,13
6710,12
6711,14
6712,14
6713,5
6715,12
6716,14
6718,12
6719,13
6720,9
6721,12
6722,14
6723,13
6725,12
6726,12
6727,12
6728,13
6729,7
6730,13
6731,13
6734,13
6735,12
6738,14
6739,11
6740,12
6741,12
6743,12
6744,12
6745,12
6746,12
6747,12
6748,9
6749,14
6750,12
6752,13
6753,12
6754,14
6757,14
6758,14
6760,12
6761,13
6762,5
6763,13
6764,12
6765,14
6766,13
6767,13
6768,12
6770,14
6771,11
6772,12
6773,12
6774,12
6775,14
6776,7
6777,11
6778,12
6779,13
6780,13
6781,12
6782,14
6783,14
6784,13
6786,12
6791,7
6792,12
6794,12
6795,14
6797,12
6798,10
6799,13
6800,14
6801,12
6802,12
6803,14
6805,12
6806,12
6808,6
6809,12
6810,12
6811,12
6812,14
6814,12
6815,14
6816,14
6817,7
6818,12
6819,12
6821,13
6823,14
6826,14
6827,13
6828,13
6829,7
6830,7
6831,5
6832,12
6833,14
6835,13
6836,12
6838,12
6839,14
6840,13
6841,14
6842,7
6843,14
6844,14
6845,12
6846,12
6847,12
6848,11
6849,14
6850,7
6852,14
6853,13
6854,12
6855,14
6859,14
6860,14
6861,14
6863,14
6865,13
6866,12
6867,11
6868,12
6869,13
6870,14
6871,14
6873,12
6874,7
6876,14
6877,14
6878,13
6880,12
6881,14
6882,12
6883,13
6884,13
6886,12
6888,12
6889,12
6890,14
6891,14
6892,14
6893,14
6894,13
6895,14
6896,12
6897,14
6898,5
6899,12
6903,11
6904,14
6905,7
6907,11
6908,13
6909,14
6910,12
6911,13
6913,5
6914,12
6915,5
6916,12
6918,14
6919,6
6921,7
6923,13
6924,14
6926,13
6927,14
6928,12
6929,13
6930,12
6931,12
6933,13
6934,12
6935,12
6936,10
6937,13
6938,13
6940,13
6941,12
6942,6
6943,14
6945,12
6946,11
6947,7
6948,14
6949,7
6950,14
6951,14
6952,12
6953,14
6954,14
6955,14
6956,12
6958,13
6959,14
6960,13
6962,11
6963,12
6967,14
6968,13
6969,13
6970,12
6971,7
6972,12
6974,14
6975,13
6976,12
6977,13
6978,12
6979,12
6981,12
6983,14
6984,13
6985,14
6986,11
6990,10
6991,12
6993,10
6994,12
6995,14
6996,10
6997,13
6998,13
6999,14
7000,14
7001,14
7002,13
7003,14
7004,12
7005,12
7006,11
7007,13
7008,14
7009,13
7014,12
7018,13
7020,12
7021,14
7023,13
7024,13
7025,13
7026,14
7030,14
7031,14
7032,10
7033,12
7034,12
7035,12
7036,12
7038,7
7039,12
7040,12
7043,12
7044,13
7045,14
7046,14
7047,7
7048,7
7050,12
7051,12
7053,12
7055,12
7056,14
7057,14
7058,14
7059,13
7060,14
7061,11
7062,13
7064,12
7066,14
7068,12
7069,12
7070,13
7071,13
7072,14
7073,14
7075,13
7077,12
7078,13
7079,14
7080,12
7081,6
7082,12
7083,14
7084,12
7086,14
7087,12
7088,12
7089,4
7090,14
7091,12
7092,14
7095,7
7097,11
7098,7
7099,12
7100,13
7101,14
7102,14
7103,14
7105,13
7106,13
7108,7
7109,14
7110,14
7111,13
7112,13
7113,12
7114,14
7115,13
7116,12
7117,7
7118,13
7119,10
7120,9
7121,12
7122,14
7123,13
7124,12
7125,12
7126,13
7127,14
7128,13
7129,13
7130,6
7133,14
7134,14
7135,13
7136,10
7138,12
7141,13
7142,12
7143,12
7144,12
7145,14
7146,12
7147,14
7148,14
7149,14
7150,14
7151,13
7152,12
7153,10
7154,12
7155,14
7156,14
7158,14
7159,12
7160,7
7161,6
7164,12
7166,6
7167,12
7168,12
7169,14
7171,14
7172,13
7173,12
7174,14
7175,7
7178,12
7179,13
7181,12
7182,6
7185,12
7187,12
7188,12
7189,14
7190,10
7194,12
7196,12
7197,14
7198,13
7199,12
7200,12
7201,6
7202,7
7203,12
7205,13
7206,14
7207,14
7208,12
7210,13
7211,12
7212,14
7213,12
7214,14
7215,12
7216,12
7218,11
7219,13
7220,12
7221,14
7222,12
7223,14
7224,14
7225,13
7226,4
7227,14
7228,14
7229,14
7230,12
7231,12
7232,14
7233,13
7234,13
7235,13
7236,14
7237,14
7239,12
7241,12
7242,12
7243,8
7244,11
7248,12
7249,14
7250,14
7251,13
7252,12
7253,12
7256,12
7257,13
7258,14
7259,12
7260,14
7262,12
7263,14
7264,14
7265,12
7266,12
7269,13
7270,14
7271,12
7272,14
7273,13
7274,14
7275,13
7276,12
7277,14
7278,13
7281,14
7282,11
7283,14
7284,12
7285,14
7288,14
7290,12
7292,7
7293,13
7294,14
7296,12
7297,14
7298,14
7301,13
7303,12
7304,13
7305,11
7306,12
7307,12
7309,4
7310,12
7311,13
7312,13
7313,14
7314,10
7315,7
7317,7
7318,12
7320,12
7322,13
7323,7
7325,13
7328,12
7329,14
7330,14
7331,13
7332,5
7334,12
7335,14
7337,13
7338,12
7339,12
7340,12
7341,14
7342,14
7343,12
7344,12
7345,14
7347,12
7348,14
7349,12
7351,12
7352,12
7353,7
7354,12
7355,13
7357,14
7358,11
7359,13
7360,14
7361,12
7364,13
7365,12
7366,13
7368,14
7369,12
7371,12
7372,12
7373,14
7374,8
7375,13
7376,12
7377,13
7379,14
7381,10
7384,14
7385,12
7386,14
7387,12
7388,12
7389,13
7391,6
7393,14
7395,12
7396,13
7397,13
7398,13
7400,14
7401,7
7403,12
7405,12
7407,14
7408,12
7409,13
7412,12
7413,13
7415,14
7416,14
7418,12
7419,13
7420,14
7421,14
7425,14
7426,14
7428,7
7429,11
7430,10
7431,12
7432,14
7433,12
7434,12
7435,12
7438,13
7439,5
7441,13
7442,12
7444,14
7445,13
7446,14
7448,12
7449,14
7450,14
7451,13
7452,14
7455,13
7457,13
7459,12
7460,13
7462,12
7463,7
7464,12
7465,14
7466,14
7467,12
7468,6
7469,13
7470,14
7471,13
7472,14
7474,14
7478,14
7480,14
7482,12
7483,13
7484,13
7485,12
7486,12
7487,12
7488,13
7489,12
7490,11
7491,13
7493,10
7496,12
7497,5
7498,13
7499,7
7500,12
7501,12
7502,7
7503,12
7504,13
7506,14
7507,7
7508,14
7512,14
7513,12
7515,12
7516,14
7517,14
7519,13
7521,14
7522,12
7523,7
7525,12
7526,14
7528,12
7529,13
7530,12
7531,13
7533,12
7534,13
7535,12
7538,13
7539,12
7540,7
7541,12
7544,14
7545,14
7546,13
7548,14
7550,7
7551,13
7552,14
7553,11
7556,12
7557,14
7559,12
7560,7
7561,12
7562,12
7563,14
7565,13
7567,13
7568,14
7569,14
7571,12
7572,13
7573,14
7574,7
7575,12
7576,12
7578,14
7579,13
7580,14
7581,10
7582,12
7583,12
7584,5
7585,13
7586,14
7587,13
7588,14
7589,12
7591,12
7593,12
7594,13
7596,13
7597,13
7598,14
7599,12
7600,12
7601,12
7603,14
7604,11
7605,14
7606,12
7607,12
7609,14
7613,12
7615,12
7617,12
7618,12
7619,12
7620,12
7624,14
7625,13
7627,12
7628,12
7629,12
7630,12
7632,12
7634,14
7635,12
7636,12
7637,12
7638,13
7639,12
7640,7
7641,12
7642,12
7644,14
7645,12
7646,12
7647,14
7649,14
7650,12
7651,12
7652,12
7654,14
7655,14
7656,13
7657,13
7658,12
7659,13
7660,12
7662,13
7663,12
7664,14
7665,13
7666,12
7668,12
7669,12
7671,14
7672,14
7673,14
7674,12
7675,13
7677,13
7678,12
7679,12
7680,12
7682,12
7683,12
7684,13
7685,12
7686,12
7687,12
7688,14
7690,12
7692,7
7693,14
7695,7
7697,14
7699,12
7700,13
7701,14
7702,14
7703,12
7704,14
7705,14
7706,14
7707,14
7708,5
7710,12
7711,13
7712,12
7713,12
7714,12
7715,14
7716,14
7717,14
7720,12
7721,12
7722,14
7723,12
7724,6
7726,10
7727,12
7728,12
7730,12
7731,14
7732,12
7733,13
7734,13
7736,14
7737,13
7738,14
7740,12
7741,12
7743,13
7745,12
7746,13
7747,13
7748,14
7750,7
7751,12
7752,12
7753,14
7754,12
7755,14
7756,13
7757,13
7759,12
7760,12
7761,12
7762,12
7763,14
7765,14
7766,12
7767,12
7768,14
7771,14
7774,12
7776,14
7777,14
7778,12
7779,13
7782,14
7783,14
7784,14
7787,14
7788,14
7789,8
7790,5
7792,13
7793,12
7796,14
7797,14
7798,14
7799,10
7802,13
7804,14
7805,12
7806,14
7807,14
7808,12
7809,13
7810,14
7811,12
7812,14
7813,13
7815,12
7818,14
7820,8
7822,14
7823,12
7825,13
7826,12
7827,14
7830,12
7831,14
7832,12
7833,12
7834,12
7835,12
7838,13
7839,12
7840,13
7841,13
7842,14
7843,12
7844,14
7845,13
7846,12
7850,14
7851,12
7852,14
7853,14
7854,13
7855,14
7857,14
7861,13
7862,12
7863,13
7864,13
7865,7
7866,13
7868,14
7869,12
7871,14
7872,12
7873,6
7874,10
7875,12
7876,13
7877,14
7878,12
7880,14
7881,12
7882,12
7883,14
7884,12
7885,13
7886,7
7889,13
7891,12
7893,13
7894,14
7895,13
7896,14
7897,12
7898,12
7899,13
7900,12
7902,14
7905,14
7907,13
7908,14
7910,12
7912,6
7913,14
7915,14
7916,12
7917,13
7918,13
7919,13
7920,14
7921,12
7923,14
7924,14
7926,12
7927,12
7929,13
7930,14
7931,12
7932,7
7933,12
7934,12
7935,13
7936,13
7938,14
7939,13
7942,13
7943,14
7944,14
7946,12
7947,13
7949,12
7951,12
7954,14
7955,12
7957,14
7958,12
7959,12
7960,14
7961,14
7962,12
7963,14
7964,14
7965,12
7966,12
7967,14
7968,12
7969,14
7972,14
7974,13
7975,12
7979,13
7980,12
7981,14
7982,14
7983,14
7985,12
7986,14
7990,14
7991,12
7992,10
7993,4
7994,12
7995,12
7997,7
7999,7
8000,13
8002,13
8003,14
8004,14
8005,12
8006,14
8007,7
8008,14
8009,12
8010,12
8011,12
8014,13
8016,12
8017,12
8018,12
8019,12
8020,13
8021,13
8022,14
8023,13
8024,12
8025,13
8026,14
8027,14
8030,12
8031,12
8032,12
8033,12
8034,6
8038,12
8039,7
8041,14
8042,12
8043,7
8044,12
8045,12
8046,12
8048,5
8049,13
8050,12
8052,14
8054,14
8055,13
8056,13
8057,5
8060,12
8061,12
8062,12
8064,13
8065,12
8066,14
8067,14
8069,12
8071,14
8072,14
8074,13
8075,12
8076,14
8077,14
8078,12
8080,13
8081,13
8082,12
8083,14
8084,12
8085,13
8086,12
8087,14
8088,12
8089,14
8090,13
8091,12
8092,13
8093,12
8094,8
8095,14
8096,7
8097,12
8098,12
8099,13
8100,14
8101,14
8102,13
8103,13
8104,12
8105,10
8107,12
8109,14
8110,12
8111,7
8112,12
8113,12
8114,13
8115,12
8116,13
8118,14
8119,13
8120,14
8121,14
8123,12
8124,12
8126,13
8129,7
8130,12
8131,12
8132,13
8134,13
8135,12
8136,12
8137,14
8139,7
8140,14
8141,12
8142,9
8145,13
8146,12
8147,7
8148,13
8149,13
8150,12
8151,14
8152,14
8153,14
8154,10
8155,14
8156,7
8157,14
8159,10
8160,14
8161,14
8162,12
8163,13
8164,12
8165,12
8166,13
8167,12
8169,12
8170,13
8171,14
8172,14
8173,12
8174,10
8177,14
8180,14
8181,14
8182,13
8185,12
8186,5
8188,13
8189,12
8190,13
8191,6
8192,12
8193,10
8194,12
8195,10
8196,13
8197,13
8199,13
8200,12
8201,9
8202,13
8203,14
8204,14
8206,13
8207,7
8210,14
8211,14
8212,10
8213,14
8216,14
8217,13
8219,12
8220,13
8222,12
8223,14
8224,12
8225,14
8226,14
8227,14
8228,12
8229,5
8230,12
8231,13
8232,12
8234,12
8235,10
8236,14
8237,14
8238,12
8239,12
8241,12
8243,12
8244,4
8245,12
8246,13
8247,11
8248,14
8249,12
8251,7
8252,13
8253,12
8254,14
8255,12
8257,14
8260,14
8263,13
8265,12
8266,14
8267,12
8268,14
8270,12
8271,14
8272,14
8273,12
8275,12
8276,13
8277,12
8278,12
8279,13
8282,13
8284,12
8285,13
8286,14
8287,13
8289,13
8291,12
8292,13
8296,14
8297,12
8298,12
8299,14
8300,12
8301,12
8302,13
8304,13
8305,12
8306,13
8307,12
8308,12
8309,13
8310,14
8311,12
8312,12
8313,12
8314,14
8315,12
8316,13
8317,14
8318,12
8319,14
8321,12
8322,13
8323,12
8324,13
8325,12
8326,13
8327,11
8330,12
8331,12
8332,12
8333,14
8335,14
8337,13
8338,12
8339,13
8340,13
8341,14
8342,12
8343,10
8344,10
8345,13
8346,14
8347,12
8349,13
8350,7
8351,14
8352,5
8354,14
8355,7
8357,14
8359,7
8361,14
8362,10
8363,14
8366,13
8367,14
8368,7
8370,12
8372,12
8373,14
8374,12
8375,12
8376,12
8377,14
8379,13
8382,5
8383,14
8385,13
8386,13
8388,13
8389,12
8390,12
8391,13
8393,14
8394,12
8395,14
8397,13
8398,12
8399,4
8400,14
8402,14
8403,14
8408,13
8409,13
8410,12
8411,7
8412,11
8413,13
8414,14
8415,12
8417,14
8418,12
8419,13
8420,13
8421,12
8423,12
8426,12
8427,7
8428,12
8429,14
8430,7
8431,13
8432,10
8433,12
8434,13
8435,10
8436,12
8438,13
8439,12
8441,12
8444,14
8447,7
8450,13
8454,13
8455,13
8456,14
8457,13
8461,13
8462,12
8463,14
8464,12
8465,14
8466,14
8467,12
8468,12
8469,14
8470,12
8471,12
8472,13
8474,14
8475,12
8478,14
8479,14
8480,12
8482,12
8483,12
8484,10
8485,11
8488,13
8489,14
8492,13
8494,10
8495,13
8496,12
8497,12
8499,12
8500,12
8501,13
8502,14
8503,14
8504,12
8506,14
8507,12
8508,12
8510,14
8511,11
8512,12
8513,14
8514,12
8515,11
8516,13
8517,14
8518,12
8520,12
8521,13
8522,12
8523,14
8524,13
8526,12
8527,5
8528,13
8531,13
8532,11
8534,13
8535,14
8536,7
8538,14
8539,13
8540,13
8541,14
8542,11
8543,14
8544,10
8545,12
8546,13
8547,13
8548,13
8550,14
8551,12
8552,13
8553,14
8554,8
8555,9
8556,14
8557,12
8558,14
8559,12
8560,12
8561,12
8562,13
8563,12
8564,12
8566,14
8567,12
8569,14
8570,12
8571,12
8572,10
8573,14
8574,12
8575,13
8576,14
8577,13
8578,13
8579,14
8580,12
8581,12
8584,7
8586,13
8587,12
8588,12
8589,14
8590,7
8591,13
8592,12
8593,5
8594,14
8595,12
8597,14
8599,13
8602,14
8603,13
8604,12
8605,14
8606,13
8607,13
8608,12
8609,14
8610,13
8611,12
8612,12
8613,12
8614,12
8615,14
8617,12
8618,12
8620,7
8621,14
8623,12
8624,14
8625,13
8627,12
8628,12
8629,12
8630,14
8631,13
8632,12
8633,14
8634,7
8635,14
8636,13
8637,14
8638,7
8639,12
8640,13
8642,13
8643,14
8644,13
8645,13
8647,12
8648,12
8649,12
8650,12
8651,14
8652,14
8653,12
8654,14
8655,14
8656,12
8657,13
8658,14
8659,14
8660,13
8662,14
8663,11
8664,14
8665,12
8666,12
8667,13
8668,13
8669,14
8671,12
8672,14
8674,5
8678,12
8679,14
8680,13
8681,12
8682,13
8683,13
8684,12
8685,13
8688,12
8689,13
8691,13
8692,12
8694,12
8699,7
8700,14
8701,14
8702,12
8703,14
8704,12
8705,14
8706,12
8707,14
8708,14
8709,12
8710,14
8711,5
8712,13
8713,14
8714,12
8719,14
8721,12
8723,13
8724,13
8725,14
8726,14
8727,12
8729,14
8730,14
8731,12
8732,12
8733,14
8734,13
8737,14
8738,13
8740,14
8741,12
8743,13
8744,13
8745,12
8746,12
8748,13
8750,14
8751,14
8753,13
8754,7
8758,14
8759,14
8760,14
8762,14
8763,13
8764,12
8766,12
8768,14
8769,12
8770,12
8771,12
8777,14
8778,7
8779,14
8780,5
8782,14
8784,12
8785,14
8786,12
8787,13
8789,10
8790,12
8791,12
8792,14
8793,13
8794,14
8795,14
8797,12
8798,12
8799,13
8800,14
8801,12
8802,12
8803,13
8804,13
8805,14
8806,12
8807,13
8808,13
8809,13
8811,13
8812,12
8813,12
8816,12
8817,14
8818,7
8819,12
8820,13
8823,12
8824,13
8826,12
8827,13
8829,14
8832,12
8833,14
8834,12
8835,13
8836,13
8838,12
8839,12
8840,14
8842,14
8843,12
8845,12
8846,12
8847,14
8848,12
8849,7
8850,12
8851,5
8852,12
8854,12
8855,12
8856,13
8857,13
8859,5
8860,14
8861,14
8862,13
8863,12
8864,12
8865,13
8867,14
8868,14
8870,5
8871,13
8872,14
8873,12
8874,7
8875,12
8876,12
8877,13
8878,14
8879,11
8880,12
8881,12
8882,10
8883,14
8884,13
8885,4
8886,12
8887,12
8889,14
8890,14
8891,14
8892,14
8895,14
8896,12
8897,14
8898,14
8899,13
8901,10
8903,12
8905,12
8906,12
8908,12
8910,12
8911,14
8912,13
8913,14
8915,4
8916,12
8918,7
8919,13
8920,12
8921,12
8922,14
8923,12
8924,12
8925,14
8930,12
8931,14
8932,14
8933,12
8934,11
8935,14
8937,5
8938,14
8939,12
8941,13
8942,12
8943,5
8944,12
8945,5
8946,12
8947,8
8951,13
8952,13
8954,12
8955,12
8956,14
8958,7
8959,14
8960,14
8962,14
8963,14
8964,12
8966,14
8967,14
8968,7
8969,14
8970,12
8971,12
8972,7
8973,13
8974,13
8975,14
8977,6
8978,14
8979,14
8980,13
8982,13
8983,12
8984,13
8986,6
8988,14
8989,14
8990,12
8992,13
8993,14
8996,12
8998,12
8999,12
9000,12
9001,12
9003,14
9004,12
9005,12
9006,13
9007,12
9008,13
9013,14
9016,7
9017,14
9019,12
9020,7
9022,14
9024,12
9025,12
9026,14
9028,13
9029,13
9030,13
9031,14
9032,14
9033,13
9034,13
9035,12
9036,12
9037,13
9038,13
9039,14
9040,13
9041,12
9042,12
9043,12
9044,12
9045,12
9046,13
9047,14
9048,12
9050,12
9052,14
9053,12
9055,14
9057,13
9058,14
9059,14
9060,6
9061,12
9062,12
9063,5
9064,14
9066,14
9067,14
9068,12
9069,12
9070,12
9071,12
9072,12
9073,12
9074,11
9075,13
9077,14
9080,14
9081,14
9083,12
9085,7
9086,13
9087,12
9088,12
9089,12
9090,12
9091,14
9092,14
9093,12
9094,13
9095,7
9097,7
9098,14
9100,12
9101,14
9103,14
9105,12
9108,13
9109,12
9110,14
9112,13
9113,10
9114,14
9115,12
9117,12
9120,13
9121,14
9122,7
9124,14
9125,13
9126,12
9127,14
9128,12
9129,12
9130,13
9132,12
9134,14
9137,12
9138,13
9140,14
9141,12
9143,10
9144,12
9145,12
9146,13
9147,14
9148,10
9149,12
9150,13
9151,13
9152,12
9154,5
9155,14
9156,14
9157,13
9158,14
9159,12
9161,12
9162,14
9163,13
9164,12
9165,12
9166,12
9167,14
9168,12
9169,14
9170,12
9173,12
9174,7
9175,13
9176,13
9177,12
9178,14
9179,7
9180,7
9181,14
9182,12
9183,10
9184,6
9185,10
9188,12
9189,12
9191,12
9192,14
9194,14
9196,14
9197,14
9201,13
9202,13
9203,13
9204,14
9205,14
9206,14
9207,12
9208,14
9209,10
9212,13
9214,14
9216,13
9218,13
9219,13
9220,12
9221,12
9223,13
9225,4
9226,7
9227,6
9228,12
9230,14
9231,14
9232,12
9233,14
9234,14
9236,12
9239,14
9240,13
9241,14
9242,12
9243,14
9244,14
9245,14
9247,12
9248,12
9249,12
9250,12
9251,13
9252,14
9253,13
9254,14
9256,12
9258,13
9259,13
9260,13
9261,14
9262,14
9263,13
9264,7
9265,13
9266,13
9267,5
9268,12
9269,14
9270,8
9271,12
9272,12
9273,14
9274,12
9276,14
9277,14
9278,12
9279,13
9280,13
9281,12
9282,12
9283,13
9284,14
9285,11
9287,12
9288,13
9289,13
9290,7
9291,13
9293,14
9294,12
9295,12
9296,8
9297,12
9298,14
9299,12
9300,13
9302,14
9303,12
9304,13
9305,14
9306,12
9307,14
9308,14
9310,10
9311,12
9312,14
9314,14
9315,13
9316,12
9320,12
9321,12
9323,14
9324,14
9325,12
9326,12
9327,12
9328,14
9331,13
9332,12
9333,5
9334,13
9335,7
9336,12
9338,12
9339,5
9341,14
9343,12
9344,13
9345,7
9346,14
9347,12
9350,14
9352,12
9353,13
9354,14
9355,13
9356,13
9357,13
9358,14
9359,5
9360,12
9362,12
9363,12
9364,14
9365,12
9366,12
9369,12
9370,13
9371,12
9372,12
9373,14
9375,14
9376,14
9377,14
9378,12
9379,13
9380,12
9381,12
9382,10
9385,12
9386,12
9387,12
9388,10
9389,12
9391,12
9392,13
9394,5
9395,12
9397,12
9398,13
9400,14
9403,14
9404,12
9405,14
9406,14
9407,13
9409,13
9410,14
9411,13
9412,12
9413,14
9414,12
9416,13
9417,12
9419,7
9420,13
9421,14
9422,14
9423,12
9424,14
9425,12
9428,14
9429,12
9430,12
9431,12
9433,12
9434,14
9435,7
9436,12
9437,12
9438,12
9439,8
9440,14
9443,14
9446,14
9447,12
9450,14
9451,12
9452,14
9453,7
9454,14
9455,12
9456,14
9459,13
9460,13
9461,13
9462,14
9463,12
9465,13
9468,12
9469,12
9470,5
9471,14
9472,5
9473,12
9474,13
9475,14
9476,11
9477,7
9478,14
9479,14
9480,12
9481,14
9482,12
9484,13
9485,12
9486,7
9487,12
9489,12
9490,12
9491,12
9492,14
9494,13
9495,13
9496,12
9497,13
9500,12
9502,14
9503,12
9504,14
9505,13
9506,14
9507,10
9508,12
9509,12
9510,13
9512,14
9513,12
9514,13
9516,7
9517,12
9518,13
9519,12
9520,13
9521,12
9522,12
9523,12
9524,14
9526,12
9528,13
9532,13
9534,13
9535,12
9536,12
9537,12
9538,13
9540,13
9544,12
9545,14
9546,14
9547,14
9548,12
9549,12
9550,12
9552,12
9553,14
9554,12
9555,4
9556,13
9557,10
9559,13
9560,13
9561,13
9562,12
9563,12
9564,13
9565,14
9566,13
9568,12
9570,12
9572,14
9574,13
9575,13
9576,12
9579,7
9580,12
9581,5
9583,12
9584,14
9585,14
9587,13
9589,12
9591,14
9592,12
9594,12
9595,13
9596,4
9597,14
9598,14
9599,12
9600,13
9602,12
9604,14
9607,14
9608,12
9609,12
9611,14
9613,14
9614,13
9615,6
9616,12
9617,13
9618,12
9619,13
9620,14
9622,13
9623,12
9624,12
9625,9
9626,12
9627,12
9629,14
9632,14
9633,13
9634,3
9635,14
9636,14
9637,12
9638,14
9639,10
9640,14
9641,14
9642,13
9644,14
9645,12
9646,13
9648,13
9649,14
9650,14
9651,9
9652,12
9653,14
9656,14
9657,6
9658,14
9659,7
9660,13
9661,14
9663,13
9666,12
9667,13
9669,13
9671,12
9672,12
9673,7
9675,13
9676,7
9677,13
9678,12
9679,12
9680,12
9681,14
9683,14
9684,14
9685,13
9688,7
9689,12
9690,12
9691,12
9692,14
9693,13
9694,12
9696,12
9697,13
9698,14
9699,14
9700,13
9701,14
9702,14
9703,13
9704,12
9707,12
9708,13
9710,12
9711,12
9712,12
9713,5
9714,14
9715,14
9717,7
9718,13
9719,7
9722,12
9724,13
9725,12
9726,7
9730,6
9732,14
9733,14
9734,7
9735,13
9736,12
9737,13
9739,13
9740,14
9741,14
9742,14
9743,12
9745,13
9747,12
9748,14
9749,12
9750,14
9751,11
9753,14
9754,14
9755,12
9757,13
9758,12
9759,13
9760,14
9761,14
9763,14
9764,10
9766,13
9767,13
9768,14
9769,12
9770,5
9771,14
9775,12
9776,14
9777,12
9778,14
9780,12
9781,12
9782,13
9784,12
9785,11
9787,12
9788,13
9789,12
9791,7
9792,13
9793,14
9794,14
9796,13
9797,12
9798,13
9799,14
9801,5
9802,13
9803,13
9804,14
9805,12
9806,13
9807,14
9808,14
9809,13
9811,14
9812,14
9813,12
9816,8
9817,13
9818,12
9822,14
9823,14
9824,14
9825,12
9826,13
9827,12
9828,13
9829,12
9831,11
9832,13
9833,14
9834,13
9836,12
9837,12
9838,13
9839,14
9840,12
9841,14
9842,13
9843,14
9846,14
9847,12
9849,14
9850,14
9851,12
9852,12
9853,12
9855,14
9856,13
9857,12
9858,13
9859,14
9860,13
9861,10
9862,14
9863,12
9865,13
9866,12
9867,12
9868,14
9869,12
9870,14
9871,12
9874,13
9875,13
9877,13
9878,5
9879,14
9881,12
9882,5
9883,6
9884,8
9885,13
9886,13
9887,13
9888,14
9889,10
9890,14
9891,14
9892,13
9893,12
9894,13
9897,14
9898,7
9899,13
9900,5
9901,13
9903,14
9904,13
9906,14
9909,12
9911,14
9912,12
9916,7
9917,14
9918,12
9919,14
9920,13
9921,8
9923,14
9924,11
9926,12
9929,14
9930,14
9931,12
9933,12
9936,6
9939,12
9941,12
9942,13
9943,12
9944,12
9945,14
9946,14
9947,14
9948,12
9949,12
9950,14
9951,12
9952,14
9953,14
9954,12
9956,13
9957,14
9958,13
9959,14
9960,12
9961,7
9962,12
9964,10
9965,13
9966,12
9967,11
9968,12
9969,12
9970,14
9971,12
9972,10
9973,12
9974,14
9977,12
9978,12
9979,14
9980,12
9981,12
9982,12
9983,13
9984,13
9985,13
9986,14
9987,12
9988,14
9989,14
9991,14
9992,12
9993,13
9994,14
9995,6
9996,12
9997,14
9999,13
10000,13