random_ID,singparstat=1,'predicted total_income_hhld_code'
3954,1,14
3955,1,14
3956,1,14
3958,1,14
3959,1,12
3960,1,12
3961,1,12
3962,1,12
3964,1,14
3965,1,12
3968,1,13
3969,1,12
3970,1,12
3971,1,14
3972,1,12
3976,1,14
3977,1,12
3978,1,14
3980,1,14
3981,1,14
3982,1,13
3983,1,12
3984,1,12
3985,1,14
3987,1,12
3988,1,12
3989,1,12
3991,1,14
3992,1,14
3995,1,10
3997,1,12
3998,1,12
3999,1,14
4000,1,12
4002,1,13
4005,1,14
4006,1,13
4007,1,12
4008,1,13
4009,1,14
4013,1,14
4014,1,13
4016,1,14
4017,1,12
4019,1,12
4020,1,12
4021,1,13
4022,1,13
4023,1,14
4024,1,14
4025,1,14
4027,1,14
4028,1,12
4030,1,14
4032,1,12
4034,1,14
4035,1,14
4036,1,12
4040,1,11
4041,1,14
4042,1,14
4043,1,14
4044,1,12
4046,1,12
4049,1,13
4051,1,12
4053,1,13
4054,1,12
4055,1,13
4056,1,11
4058,1,12
4059,1,13
4060,1,13
4063,1,13
4064,1,13
4065,1,14
4066,1,13
4067,1,14
4068,1,12
4069,1,13
4070,1,12
4071,1,14
4073,1,13
4074,1,12
4075,1,14
4076,1,14
4077,1,14
4080,1,12
4081,1,13
4082,1,14
4084,1,14
4085,1,13
4087,1,14
4090,1,12
4091,1,12
4092,1,14
4093,1,12
4094,1,10
4095,1,13
4096,1,12
4097,1,14
4098,1,14
4099,1,14
4100,1,14
4101,1,12
4103,1,14
4104,1,13
4106,1,12
4110,1,14
4112,1,12
4115,1,13
4116,1,13
4117,1,12
4118,1,14
4119,1,13
4123,1,13
4125,1,12
4127,1,13
4130,1,12
4131,1,13
4132,1,14
4133,1,12
4135,1,14
4136,1,13
4137,1,12
4138,1,12
4139,1,13
4140,1,12
4141,1,12
4142,1,13
4144,1,14
4145,1,13
4148,1,14
4149,1,14
4150,1,13
4152,1,12
4153,1,13
4155,1,12
4156,1,12
4157,1,13
4158,1,14
4160,1,12
4161,1,14
4162,1,14
4164,1,14
4166,1,12
4169,1,12
4171,1,11
4172,1,12
4173,1,12
4174,1,14
4175,1,13
4181,1,13
4183,1,12
4185,1,12
4187,1,12
4188,1,12
4191,1,12
4192,1,12
4194,1,13
4195,1,14
4196,1,14
4198,1,12
4200,1,14
4201,1,13
4205,1,14
4206,1,14
4207,1,13
4209,1,11
4210,1,12
4211,1,12
4212,1,13
4214,1,14
4216,1,14
4217,1,12
4218,1,14
4219,1,12
4220,1,13
4222,1,13
4224,1,14
4226,1,12
4227,1,12
4228,1,13
4229,1,12
4230,1,14
4231,1,14
4233,1,13
4236,1,14
4237,1,13
4239,1,12
4241,1,13
4242,1,12
4243,1,13
4244,1,13
4245,1,14
4247,1,14
4249,1,14
4250,1,13
4251,1,13
4252,1,12
4253,1,13
4254,1,14
4257,1,12
4259,1,12
4260,1,12
4262,1,13
4264,1,12
4265,1,10
4267,1,13
4271,1,12
4272,1,12
4273,1,12
4274,1,12
4275,1,12
4279,1,14
4280,1,13
4282,1,14
4283,1,12
4284,1,14
4286,1,12
4287,1,14
4288,1,12
4292,1,12
4293,1,12
4294,1,13
4295,1,14
4296,1,14
4299,1,14
4300,1,14
4301,1,12
4302,1,13
4303,1,12
4304,1,13
4305,1,14
4306,1,12
4308,1,13
4309,1,14
4310,1,13
4311,1,12
4314,1,13
4316,1,12
4317,1,14
4318,1,12
4321,1,13
4324,1,14
4326,1,12
4327,1,14
4331,1,12
4335,1,14
4337,1,12
4338,1,14
4339,1,14
4340,1,12
4342,1,14
4343,1,12
4345,1,13
4346,1,14
4347,1,12
4349,1,12
4350,1,14
4351,1,12
4353,1,14
4355,1,14
4356,1,13
4359,1,12
4360,1,12
4361,1,12
4362,1,12
4364,1,13
4366,1,12
4367,1,14
4368,1,14
4369,1,14
4371,1,12
4376,1,14
4378,1,12
4381,1,13
4382,1,14
4383,1,12
4385,1,12
4387,1,14
4388,1,14
4390,1,12
4391,1,14
4392,1,14
4393,1,12
4394,1,12
4397,1,14
4398,1,12
4400,1,12
4401,1,14
4403,1,14
4406,1,12
4407,1,14
4408,1,14
4409,1,13
4410,1,12
4411,1,12
4412,1,13
4413,1,14
4414,1,13
4416,1,14
4417,1,14
4418,1,14
4419,1,14
4420,1,13
4421,1,12
4424,1,13
4428,1,14
4429,1,14
4431,1,12
4432,1,13
4433,1,12
4434,1,14
4435,1,12
4436,1,14
4439,1,12
4440,1,12
4441,1,12
4442,1,12
4444,1,14
4446,1,12
4448,1,13
4449,1,14
4450,1,12
4451,1,14
4452,1,12
4453,1,11
4454,1,14
4456,1,12
4457,1,12
4458,1,14
4459,1,14
4460,1,12
4461,1,12
4462,1,12
4466,1,12
4467,1,14
4469,1,12
4471,1,14
4473,1,13
4474,1,12
4475,1,14
4479,1,12
4480,1,12
4481,1,13
4483,1,12
4484,1,13
4485,1,14
4486,1,13
4487,1,12
4489,1,13
4490,1,13
4492,1,13
4493,1,10
4495,1,12
4497,1,12
4499,1,13
4500,1,12
4503,1,12
4504,1,13
4505,1,12
4506,1,14
4507,1,13
4508,1,12
4509,1,13
4510,1,13
4513,1,14
4517,1,14
4518,1,14
4519,1,12
4520,1,14
4521,1,14
4522,1,12
4523,1,12
4525,1,14
4526,1,12
4527,1,12
4528,1,12
4529,1,12
4530,1,12
4532,1,14
4533,1,14
4536,1,12
4537,1,14
4539,1,13
4540,1,12
4541,1,13
4543,1,14
4544,1,13
4545,1,13
4546,1,14
4547,1,12
4549,1,14
4551,1,13
4552,1,12
4553,1,12
4554,1,14
4555,1,14
4556,1,12
4557,1,12
4558,1,14
4559,1,12
4560,1,14
4561,1,12
4562,1,13
4563,1,14
4564,1,12
4565,1,12
4566,1,12
4567,1,12
4568,1,13
4569,1,12
4572,1,14
4573,1,13
4575,1,13
4577,1,12
4579,1,13
4580,1,12
4581,1,14
4582,1,13
4583,1,14
4584,1,12
4585,1,12
4587,1,12
4588,1,14
4589,1,12
4590,1,14
4591,1,13
4593,1,12
4594,1,13
4595,1,13
4598,1,13
4602,1,12
4604,1,14
4607,1,14
4618,1,12
4619,1,14
4620,1,14
4621,1,14
4623,1,12
4624,1,13
4627,1,14
4633,1,14
4634,1,14
4635,1,12
4637,1,14
4638,1,13
4640,1,12
4642,1,14
4643,1,13
4649,1,10
4650,1,13
4651,1,12
4652,1,12
4654,1,12
4655,1,14
4656,1,12
4657,1,14
4658,1,12
4659,1,12
4660,1,13
4661,1,12
4662,1,13
4665,1,13
4667,1,12
4668,1,12
4669,1,12
4671,1,14
4672,1,12
4673,1,13
4674,1,12
4675,1,14
4676,1,11
4677,1,13
4678,1,14
4679,1,13
4680,1,14
4681,1,14
4682,1,14
4683,1,14
4684,1,11
4685,1,12
4686,1,14
4687,1,12
4689,1,13
4690,1,14
4691,1,12
4692,1,12
4694,1,14
4695,1,12
4697,1,13
4698,1,12
4699,1,13
4701,1,12
4703,1,12
4706,1,12
4707,1,14
4708,1,13
4710,1,12
4711,1,13
4712,1,13
4713,1,12
4717,1,13
4719,1,13
4720,1,14
4721,1,13
4722,1,12
4724,1,12
4726,1,12
4727,1,13
4728,1,12
4729,1,14
4730,1,12
4731,1,14
4733,1,12
4734,1,12
4735,1,12
4736,1,13
4738,1,12
4740,1,12
4742,1,12
4743,1,13
4745,1,12
4746,1,13
4748,1,14
4749,1,12
4750,1,13
4751,1,14
4752,1,12
4753,1,14
4754,1,14
4756,1,13
4758,1,14
4760,1,14
4761,1,14
4763,1,14
4766,1,14
4767,1,12
4768,1,12
4769,1,14
4770,1,12
4774,1,14
4775,1,13
4776,1,13
4781,1,14
4783,1,12
4784,1,13
4786,1,13
4787,1,12
4788,1,12
4789,1,14
4792,1,13
4794,1,13
4795,1,14
4798,1,10
4800,1,13
4804,1,14
4805,1,14
4806,1,12
4808,1,12
4809,1,14
4811,1,12
4812,1,14
4813,1,14
4817,1,12
4818,1,12
4819,1,13
4820,1,12
4821,1,14
4823,1,14
4824,1,12
4825,1,13
4826,1,14
4827,1,12
4828,1,12
4829,1,12
4830,1,14
4831,1,12
4833,1,12
4834,1,12
4835,1,12
4836,1,14
4837,1,13
4838,1,12
4840,1,12
4842,1,13
4843,1,13
4846,1,14
4847,1,14
4848,1,12
4849,1,12
4850,1,12
4851,1,14
4852,1,14
4854,1,14
4855,1,12
4856,1,12
4857,1,13
4860,1,12
4862,1,13
4863,1,12
4864,1,14
4869,1,13
4873,1,14
4875,1,14
4876,1,12
4878,1,14
4881,1,14
4882,1,13
4883,1,12
4885,1,13
4886,1,10
4888,1,12
4892,1,12
4893,1,13
4896,1,14
4897,1,12
4901,1,10
4904,1,14
4905,1,12
4906,1,12
4908,1,13
4912,1,12
4913,1,13
4914,1,13
4918,1,12
4919,1,12
4922,1,12
4924,1,12
4926,1,14
4928,1,12
4929,1,12
4932,1,14
4933,1,14
4935,1,12
4936,1,12
4937,1,14
4938,1,12
4939,1,14
4940,1,13
4941,1,14
4942,1,12
4944,1,14
4945,1,13
4946,1,14
4947,1,14
4949,1,13
4952,1,13
4953,1,14
4955,1,14
4957,1,12
4958,1,14
4959,1,12
4960,1,12
4961,1,14
4963,1,13
4964,1,14
4965,1,13
4967,1,13
4968,1,12
4970,1,13
4971,1,13
4972,1,11
4973,1,12
4974,1,12
4976,1,12
4977,1,14
4978,1,12
4982,1,14
4986,1,12
4987,1,13
4988,1,14
4989,1,14
4990,1,11
4993,1,12
4994,1,13
4999,1,12
5000,1,14
5004,1,14
5005,1,14
5007,1,12
5008,1,12
5009,1,13
5011,1,12
5013,1,13
5014,1,12
5016,1,14
5018,1,14
5019,1,10
5021,1,12
5022,1,13
5023,1,12
5026,1,12
5027,1,14
5028,1,12
5029,1,14
5031,1,13
5035,1,12
5037,1,12
5038,1,13
5043,1,14
5044,1,10
5046,1,13
5048,1,13
5050,1,12
5051,1,12
5052,1,14
5053,1,12
5054,1,13
5055,1,12
5058,1,12
5059,1,13
5060,1,14
5062,1,13
5063,1,13
5064,1,10
5065,1,13
5066,1,13
5068,1,14
5069,1,14
5070,1,12
5071,1,13
5072,1,12
5073,1,14
5074,1,12
5075,1,12
5076,1,14
5077,1,13
5078,1,13
5079,1,14
5080,1,13
5081,1,14
5082,1,14
5083,1,13
5084,1,13
5085,1,14
5086,1,13
5087,1,12
5088,1,12
5090,1,12
5092,1,14
5094,1,12
5096,1,13
5097,1,14
5102,1,12
5103,1,14
5104,1,13
5106,1,14
5107,1,12
5109,1,13
5113,1,12
5114,1,14
5115,1,14
5119,1,14
5122,1,12
5123,1,7
5125,1,12
5126,1,14
5129,1,13
5130,1,14
5131,1,12
5132,1,13
5133,1,12
5134,1,14
5135,1,13
5138,1,12
5139,1,12
5140,1,14
5141,1,12
5142,1,14
5145,1,13
5147,1,12
5148,1,14
5149,1,12
5151,1,12
5153,1,14
5154,1,12
5156,1,12
5159,1,14
5160,1,12
5162,1,13
5163,1,13
5164,1,14
5168,1,12
5169,1,12
5171,1,14
5174,1,12
5175,1,14
5176,1,12
5177,1,13
5178,1,12
5180,1,14
5181,1,14
5182,1,14
5183,1,14
5184,1,14
5186,1,14
5187,1,12
5189,1,14
5190,1,12
5192,1,14
5194,1,14
5196,1,13
5199,1,13
5200,1,12
5202,1,10
5203,1,13
5204,1,13
5205,1,14
5207,1,14
5208,1,13
5209,1,12
5210,1,12
5211,1,12
5212,1,13
5213,1,14
5215,1,14
5217,1,14
5219,1,13
5220,1,14
5221,1,12
5224,1,14
5225,1,12
5226,1,12
5227,1,13
5230,1,12
5232,1,12
5235,1,14
5236,1,12
5237,1,14
5238,1,12
5239,1,14
5241,1,13
5242,1,14
5245,1,12
5246,1,12
5247,1,13
5248,1,12
5250,1,13
5251,1,12
5253,1,13
5257,1,14
5258,1,14
5260,1,12
5261,1,10
5262,1,14
5263,1,12
5265,1,13
5266,1,14
5267,1,12
5269,1,14
5271,1,12
5274,1,12
5275,1,13
5276,1,14
5277,1,14
5278,1,13
5279,1,14
5280,1,12
5282,1,9
5285,1,12
5286,1,13
5288,1,14
5290,1,14
5291,1,14
5293,1,12
5295,1,12
5298,1,12
5299,1,14
5300,1,14
5302,1,12
5303,1,12
5306,1,14
5307,1,12
5308,1,12
5309,1,12
5311,1,12
5315,1,13
5316,1,14
5318,1,14
5319,1,12
5321,1,14
5322,1,12
5323,1,12
5324,1,10
5326,1,12
5328,1,10
5329,1,12
5330,1,12
5331,1,12
5333,1,12
5334,1,13
5336,1,12
5337,1,14
5339,1,12
5340,1,14
5342,1,13
5343,1,12
5344,1,14
5345,1,14
5350,1,12
5353,1,12
5354,1,14
5355,1,12
5356,1,14
5359,1,14
5360,1,9
5363,1,12
5366,1,14
5368,1,13
5369,1,12
5373,1,12
5374,1,12
5375,1,14
5376,1,14
5377,1,14
5378,1,13
5379,1,12
5381,1,13
5382,1,14
5383,1,14
5384,1,12
5385,1,12
5386,1,14
5390,1,13
5392,1,7
5393,1,13
5395,1,11
5396,1,13
5398,1,14
5399,1,14
5400,1,12
5402,1,13
5403,1,13
5404,1,12
5405,1,14
5408,1,13
5409,1,12
5410,1,14
5411,1,13
5413,1,14
5414,1,12
5415,1,12
5416,1,14
5417,1,13
5418,1,12
5419,1,14
5420,1,14
5422,1,14
5428,1,12
5429,1,12
5430,1,14
5431,1,12
5432,1,12
5433,1,14
5434,1,12
5436,1,12
5437,1,12
5440,1,14
5441,1,13
5445,1,14
5446,1,12
5449,1,14
5451,1,14
5452,1,14
5454,1,12
5455,1,13
5460,1,14
5461,1,13
5462,1,12
5463,1,13
5464,1,14
5465,1,12
5466,1,12
5467,1,14
5468,1,12
5469,1,12
5471,1,12
5472,1,14
5473,1,13
5474,1,13
5476,1,12
5478,1,14
5479,1,12
5480,1,13
5481,1,14
5482,1,12
5486,1,14
5487,1,12
5488,1,13
5489,1,12
5490,1,12
5491,1,12
5494,1,10
5495,1,12
5497,1,12
5498,1,12
5499,1,12
5500,1,12
5502,1,12
5503,1,14
5504,1,14
5505,1,13
5506,1,12
5508,1,10
5511,1,13
5513,1,14
5515,1,12
5516,1,12
5517,1,13
5519,1,14
5521,1,14
5522,1,14
5527,1,12
5529,1,14
5533,1,13
5534,1,12
5535,1,14
5536,1,14
5537,1,11
5540,1,14
5541,1,11
5542,1,13
5544,1,14
5545,1,14
5546,1,12
5549,1,14
5550,1,14
5551,1,14
5553,1,14
5554,1,13
5555,1,13
5556,1,13
5557,1,13
5558,1,12
5559,1,12
5560,1,12
5562,1,12
5565,1,13
5569,1,13
5570,1,14
5572,1,13
5573,1,13
5574,1,14
5575,1,12
5576,1,13
5580,1,12
5583,1,14
5585,1,14
5589,1,12
5590,1,13
5591,1,14
5593,1,13
5594,1,12
5595,1,12
5597,1,14
5599,1,12
5600,1,12
5601,1,12
5602,1,13
5603,1,12
5606,1,14
5607,1,12
5609,1,13
5610,1,14
5611,1,12
5615,1,13
5616,1,12
5619,1,11
5623,1,13
5626,1,13
5628,1,13
5629,1,12
5631,1,12
5633,1,14
5636,1,12
5637,1,14
5638,1,13
5639,1,12
5641,1,13
5642,1,12
5646,1,14
5647,1,12
5648,1,11
5649,1,12
5653,1,12
5654,1,12
5655,1,12
5657,1,14
5658,1,13
5660,1,13
5661,1,12
5662,1,12
5664,1,12
5665,1,14
5667,1,13
5669,1,14
5671,1,13
5675,1,12
5676,1,12
5677,1,12
5679,1,14
5681,1,13
5682,1,14
5683,1,14
5684,1,13
5685,1,12
5687,1,13
5688,1,12
5690,1,12
5692,1,14
5694,1,13
5695,1,14
5697,1,12
5699,1,11
5700,1,12
5701,1,14
5702,1,14
5703,1,14
5704,1,14
5708,1,14
5710,1,14
5711,1,12
5712,1,14
5713,1,13
5714,1,10
5715,1,14
5716,1,12
5719,1,12
5721,1,12
5722,1,13
5723,1,12
5726,1,12
5728,1,12
5730,1,14
5731,1,14
5732,1,12
5736,1,12
5737,1,12
5739,1,12
5740,1,14
5742,1,12
5743,1,13
5745,1,12
5746,1,12
5747,1,14
5748,1,14
5749,1,14
5750,1,12
5751,1,12
5753,1,13
5755,1,14
5756,1,14
5758,1,14
5761,1,14
5762,1,12
5763,1,12
5764,1,12
5765,1,14
5766,1,14
5767,1,13
5768,1,12
5770,1,12
5771,1,14
5772,1,12
5773,1,14
5774,1,14
5776,1,13
5777,1,10
5778,1,14
5779,1,12
5780,1,13
5782,1,13
5783,1,12
5785,1,14
5790,1,13
5793,1,10
5794,1,12
5798,1,14
5801,1,13
5802,1,14
5804,1,12
5805,1,14
5806,1,14
5807,1,13
5809,1,14
5810,1,14
5811,1,14
5813,1,14
5814,1,14
5816,1,12
5817,1,13
5818,1,14
5819,1,12
5820,1,13
5821,1,14
5823,1,12
5827,1,12
5828,1,14
5829,1,14
5830,1,12
5834,1,14
5836,1,10
5838,1,12
5842,1,14
5844,1,13
5845,1,14
5846,1,12
5847,1,13
5849,1,11
5852,1,12
5853,1,13
5854,1,14
5855,1,12
5857,1,14
5858,1,14
5859,1,12
5860,1,12
5861,1,13
5863,1,12
5864,1,14
5865,1,14
5867,1,14
5871,1,11
5873,1,12
5874,1,11
5875,1,12
5876,1,12
5879,1,12
5880,1,12
5881,1,13
5882,1,14
5887,1,14
5888,1,14
5891,1,12
5895,1,13
5897,1,14
5899,1,12
5900,1,13
5905,1,12
5906,1,13
5907,1,7
5908,1,13
5910,1,12
5911,1,12
5912,1,12
5913,1,13
5914,1,14
5915,1,12
5920,1,14
5922,1,13
5923,1,12
5924,1,13
5926,1,12
5929,1,14
5930,1,12
5933,1,14
5934,1,14
5935,1,14
5937,1,14
5939,1,14
5940,1,13
5941,1,12
5942,1,12
5943,1,13
5944,1,13
5946,1,12
5949,1,12
5950,1,12
5952,1,14
5953,1,14
5954,1,12
5955,1,13
5956,1,12
5957,1,13
5959,1,14
5960,1,14
5961,1,12
5963,1,12
5965,1,12
5967,1,14
5968,1,14
5970,1,13
5971,1,14
5972,1,13
5973,1,12
5974,1,12
5975,1,12
5976,1,13
5979,1,13
5980,1,12
5981,1,14
5982,1,12
5983,1,13
5984,1,13
5985,1,14
5986,1,12
5987,1,14
5988,1,14
5989,1,12
5991,1,12
5992,1,13
5993,1,13
5996,1,14
5998,1,12
5999,1,12
6000,1,13
6002,1,13
6004,1,12
6005,1,12
6006,1,12
6008,1,13
6010,1,12
6012,1,12
6014,1,14
6015,1,14
6017,1,14
6018,1,14
6019,1,13
6020,1,12
6021,1,12
6025,1,14
6027,1,12
6028,1,14
6029,1,13
6030,1,14
6031,1,13
6034,1,14
6035,1,14
6036,1,14
6037,1,14
6038,1,12
6039,1,10
6042,1,13
6043,1,14
6045,1,12
6046,1,12
6047,1,12
6048,1,13
6049,1,13
6051,1,7
6053,1,14
6054,1,13
6056,1,12
6058,1,12
6059,1,12
6060,1,12
6061,1,12
6062,1,12
6064,1,12
6065,1,13
6066,1,14
6067,1,12
6072,1,13
6073,1,12
6075,1,13
6076,1,13
6077,1,13
6078,1,13
6079,1,13
6080,1,14
6082,1,13
6083,1,12
6084,1,12
6086,1,13
6087,1,14
6089,1,12
6090,1,12
6091,1,12
6092,1,12
6093,1,14
6094,1,13
6095,1,13
6097,1,12
6098,1,13
6099,1,12
6100,1,12
6103,1,14
6104,1,14
6106,1,14
6108,1,12
6109,1,11
6110,1,12
6111,1,12
6112,1,12
6114,1,13
6115,1,12
6116,1,12
6117,1,12
6118,1,12
6119,1,12
6121,1,12
6122,1,13
6124,1,12
6127,1,12
6128,1,13
6129,1,14
6131,1,12
6133,1,14
6135,1,14
6136,1,12
6137,1,14
6139,1,12
6141,1,14
6143,1,14
6144,1,12
6147,1,13
6148,1,14
6149,1,12
6151,1,12
6152,1,14
6153,1,12
6157,1,14
6159,1,13
6160,1,13
6163,1,12
6164,1,12
6166,1,13
6168,1,13
6169,1,13
6170,1,10
6173,1,13
6174,1,14
6175,1,12
6176,1,13
6177,1,14
6179,1,12
6180,1,12
6181,1,12
6183,1,13
6186,1,14
6189,1,13
6191,1,12
6192,1,13
6193,1,12
6194,1,12
6195,1,12
6198,1,12
6202,1,12
6203,1,13
6205,1,12
6206,1,13
6210,1,12
6211,1,12
6212,1,14
6213,1,13
6215,1,13
6216,1,14
6219,1,14
6222,1,12
6226,1,12
6229,1,13
6230,1,13
6231,1,13
6233,1,14
6234,1,12
6235,1,12
6237,1,14
6242,1,13
6244,1,12
6245,1,12
6246,1,12
6248,1,12
6250,1,11
6251,1,12
6252,1,12
6254,1,13
6255,1,13
6256,1,14
6257,1,12
6258,1,13
6261,1,14
6264,1,14
6266,1,14
6267,1,14
6269,1,13
6270,1,13
6271,1,13
6273,1,12
6278,1,13
6279,1,12
6281,1,14
6282,1,12
6283,1,12
6284,1,11
6285,1,11
6287,1,12
6288,1,12
6289,1,12
6290,1,12
6292,1,14
6293,1,12
6294,1,13
6295,1,14
6296,1,14
6298,1,13
6299,1,12
6300,1,12
6301,1,14
6303,1,12
6306,1,12
6307,1,14
6310,1,12
6311,1,13
6312,1,12
6313,1,12
6314,1,13
6315,1,14
6316,1,12
6320,1,13
6321,1,13
6322,1,14
6323,1,12
6326,1,12
6327,1,12
6328,1,14
6329,1,9
6330,1,12
6331,1,14
6332,1,12
6333,1,12
6334,1,13
6335,1,12
6336,1,14
6339,1,14
6342,1,12
6344,1,13
6346,1,14
6348,1,13
6351,1,13
6352,1,13
6355,1,12
6356,1,14
6357,1,14
6359,1,14
6361,1,13
6362,1,13
6365,1,11
6366,1,10
6367,1,13
6369,1,14
6372,1,13
6374,1,14
6375,1,14
6379,1,12
6380,1,14
6381,1,12
6385,1,13
6386,1,14
6387,1,12
6390,1,14
6392,1,12
6395,1,14
6396,1,14
6398,1,14
6399,1,14
6400,1,14
6402,1,12
6403,1,13
6405,1,12
6406,1,12
6407,1,14
6408,1,12
6409,1,12
6411,1,13
6413,1,12
6414,1,14
6416,1,12
6417,1,14
6418,1,12
6420,1,12
6421,1,12
6425,1,2
6426,1,10
6427,1,14
6428,1,12
6429,1,12
6430,1,12
6432,1,14
6434,1,12
6437,1,12
6438,1,14
6440,1,14
6441,1,14
6443,1,13
6444,1,13
6445,1,14
6446,1,12
6447,1,14
6448,1,12
6450,1,14
6451,1,12
6454,1,12
6455,1,14
6456,1,12
6457,1,13
6458,1,12
6460,1,14
6461,1,13
6462,1,14
6463,1,13
6464,1,12
6465,1,13
6470,1,14
6471,1,14
6472,1,12
6473,1,13
6474,1,14
6476,1,11
6477,1,13
6478,1,12
6479,1,12
6480,1,12
6482,1,14
6483,1,14
6485,1,14
6486,1,14
6488,1,14
6489,1,12
6490,1,12
6491,1,12
6492,1,14
6494,1,14
6495,1,11
6496,1,14
6497,1,14
6498,1,12
6500,1,12
6501,1,12
6502,1,14
6505,1,13
6506,1,13
6507,1,13
6508,1,13
6510,1,14
6511,1,14
6514,1,12
6515,1,12
6517,1,12
6518,1,13
6519,1,12
6521,1,13
6522,1,14
6523,1,14
6528,1,12
6529,1,14
6535,1,14
6537,1,12
6538,1,13
6539,1,12
6540,1,14
6541,1,14
6542,1,14
6543,1,13
6544,1,12
6546,1,14
6548,1,12
6549,1,14
6550,1,12
6551,1,14
6552,1,10
6553,1,10
6554,1,13
6557,1,12
6559,1,11
6560,1,13
6563,1,12
6564,1,14
6565,1,13
6568,1,13
6569,1,12
6570,1,14
6571,1,14
6572,1,13
6576,1,12
6577,1,12
6578,1,12
6579,1,13
6581,1,14
6582,1,11
6585,1,12
6591,1,13
6592,1,14
6593,1,10
6594,1,12
6595,1,12
6596,1,12
6597,1,12
6598,1,12
6599,1,14
6601,1,14
6602,1,12
6603,1,12
6604,1,14
6605,1,12
6607,1,13
6608,1,12
6610,1,12
6611,1,14
6613,1,14
6614,1,12
6615,1,14
6616,1,12
6617,1,14
6619,1,14
6620,1,13
6622,1,12
6623,1,14
6624,1,13
6625,1,14
6626,1,14
6627,1,13
6628,1,14
6630,1,14
6631,1,14
6632,1,12
6633,1,14
6635,1,12
6637,1,14
6640,1,12
6641,1,12
6642,1,13
6643,1,13
6644,1,11
6645,1,13
6646,1,13
6647,1,14
6648,1,12
6649,1,12
6651,1,12
6655,1,11
6657,1,14
6658,1,13
6659,1,12
6662,1,14
6663,1,7
6664,1,14
6665,1,10
6666,1,14
6669,1,12
6672,1,12
6673,1,12
6674,1,13
6676,1,12
6677,1,12
6678,1,12
6681,1,13
6682,1,14
6683,1,13
6684,1,12
6689,1,13
6691,1,12
6694,1,13
6695,1,14
6696,1,12
6697,1,13
6698,1,14
6702,1,14
6704,1,14
6705,1,12
6706,1,12
6707,1,13
6710,1,12
6711,1,14
6712,1,14
6715,1,12
6716,1,14
6718,1,12
6719,1,13
6721,1,12
6722,1,14
6723,1,13
6725,1,12
6726,1,12
6727,1,12
6728,1,13
6730,1,13
6731,1,13
6734,1,13
6735,1,12
6738,1,14
6740,1,12
6741,1,12
6743,1,12
6744,1,12
6745,1,12
6746,1,12
6747,1,12
6749,1,14
6750,1,12
6752,1,13
6753,1,12
6754,1,14
6757,1,14
6758,1,14
6760,1,12
6761,1,13
6763,1,13
6764,1,12
6765,1,14
6766,1,13
6767,1,13
6768,1,12
6770,1,14
6771,1,11
6772,1,12
6773,1,12
6774,1,12
6775,1,14
6777,1,11
6778,1,12
6779,1,13
6780,1,13
6781,1,12
6782,1,14
6783,1,14
6784,1,13
6786,1,12
6792,1,12
6794,1,12
6795,1,14
6797,1,12
6798,1,10
6799,1,13
6800,1,14
6801,1,12
6802,1,12
6803,1,14
6805,1,12
6806,1,12
6809,1,12
6810,1,12
6811,1,12
6812,1,14
6814,1,12
6815,1,14
6816,1,14
6818,1,12
6819,1,12
6821,1,13
6826,1,14
6827,1,13
6828,1,13
6832,1,12
6833,1,14
6835,1,13
6836,1,12
6838,1,12
6839,1,14
6840,1,13
6841,1,14
6843,1,14
6844,1,14
6845,1,12
6846,1,12
6847,1,12
6848,1,11
6849,1,14
6852,1,14
6853,1,13
6854,1,12
6855,1,14
6859,1,14
6860,1,14
6861,1,14
6863,1,14
6865,1,13
6866,1,12
6867,1,11
6868,1,12
6869,1,13
6870,1,14
6871,1,14
6873,1,12
6876,1,14
6877,1,14
6878,1,13
6880,1,12
6881,1,14
6882,1,12
6883,1,13
6884,1,13
6888,1,12
6889,1,12
6890,1,14
6891,1,14
6892,1,14
6893,1,14
6894,1,13
6895,1,14
6896,1,12
6897,1,14
6899,1,12
6903,1,11
6904,1,14
6907,1,11
6908,1,13
6909,1,14
6910,1,12
6911,1,13
6914,1,12
6916,1,12
6918,1,14
6923,1,13
6924,1,14
6926,1,13
6927,1,14
6928,1,12
6929,1,13
6930,1,12
6931,1,12
6934,1,12
6935,1,12
6936,1,10
6937,1,13
6941,1,12
6943,1,14
6945,1,12
6948,1,14
6950,1,14
6951,1,14
6952,1,12
6953,1,14
6954,1,14
6955,1,14
6956,1,12
6958,1,13
6959,1,14
6960,1,13
6962,1,11
6963,1,12
6967,1,14
6968,1,13
6969,1,13
6970,1,12
6974,1,14
6975,1,13
6976,1,12
6977,1,13
6978,1,12
6979,1,12
6981,1,12
6983,1,14
6984,1,13
6985,1,14
6986,1,11
6990,1,10
6991,1,12
6993,1,10
6994,1,12
6995,1,14
6996,1,10
6997,1,13
6998,1,13
6999,1,14
7000,1,14
7001,1,14
7002,1,13
7003,1,14
7004,1,12
7005,1,12
7006,1,11
7007,1,13
7008,1,14
7009,1,13
7014,1,12
7020,1,12
7021,1,14
7024,1,13
7025,1,13
7026,1,14
7030,1,14
7031,1,14
7032,1,10
7033,1,12
7034,1,12
7035,1,12
7036,1,12
7038,1,7
7039,1,12
7040,1,12
7043,1,12
7044,1,13
7045,1,14
7046,1,14
7050,1,12
7051,1,12
7053,1,12
7055,1,12
7056,1,14
7057,1,14
7058,1,14
7059,1,13
7060,1,14
7061,1,11
7062,1,13
7064,1,12
7069,1,12
7070,1,13
7071,1,13
7072,1,14
7073,1,14
7075,1,13
7077,1,12
7078,1,13
7079,1,14
7080,1,12
7082,1,12
7083,1,14
7084,1,12
7086,1,14
7087,1,12
7088,1,12
7090,1,14
7091,1,12
7092,1,14
7099,1,12
7100,1,13
7101,1,14
7102,1,14
7105,1,13
7109,1,14
7110,1,14
7111,1,13
7112,1,13
7113,1,12
7114,1,14
7115,1,13
7116,1,12
7118,1,13
7121,1,12
7122,1,14
7123,1,13
7124,1,12
7125,1,12
7126,1,13
7127,1,14
7128,1,13
7133,1,14
7134,1,14
7135,1,13
7136,1,10
7138,1,12
7141,1,13
7142,1,12
7143,1,12
7144,1,12
7146,1,12
7148,1,14
7149,1,14
7150,1,14
7151,1,13
7153,1,10
7154,1,12
7155,1,14
7156,1,14
7158,1,14
7159,1,12
7164,1,12
7167,1,12
7168,1,12
7169,1,14
7171,1,14
7172,1,13
7174,1,14
7178,1,12
7179,1,13
7181,1,12
7187,1,12
7188,1,12
7189,1,14
7190,1,10
7194,1,12
7196,1,12
7197,1,14
7198,1,13
7199,1,12
7200,1,12
7203,1,12
7205,1,13
7206,1,14
7207,1,14
7208,1,12
7210,1,13
7211,1,12
7212,1,14
7213,1,12
7215,1,12
7216,1,12
7219,1,13
7220,1,12
7221,1,14
7222,1,12
7224,1,14
7225,1,13
7227,1,14
7228,1,14
7229,1,14
7230,1,12
7231,1,12
7232,1,14
7233,1,13
7234,1,13
7235,1,13
7236,1,14
7237,1,14
7239,1,12
7242,1,12
7244,1,11
7248,1,12
7249,1,14
7250,1,14
7251,1,13
7252,1,12
7253,1,12
7257,1,13
7258,1,14
7259,1,12
7260,1,14
7263,1,14
7265,1,12
7266,1,12
7269,1,13
7270,1,14
7271,1,12
7272,1,14
7273,1,13
7274,1,14
7275,1,13
7276,1,12
7277,1,14
7278,1,13
7281,1,14
7282,1,11
7283,1,14
7284,1,12
7285,1,14
7288,1,14
7290,1,12
7293,1,13
7294,1,14
7296,1,12
7297,1,14
7301,1,13
7303,1,12
7304,1,13
7305,1,11
7306,1,12
7307,1,12
7310,1,12
7311,1,13
7312,1,13
7313,1,14
7314,1,10
7318,1,12
7320,1,12
7322,1,13
7325,1,13
7328,1,12
7329,1,14
7330,1,14
7331,1,13
7334,1,12
7335,1,14
7337,1,13
7338,1,12
7339,1,12
7340,1,12
7341,1,14
7342,1,14
7343,1,12
7344,1,12
7345,1,14
7347,1,12
7348,1,14
7349,1,12
7351,1,12
7352,1,12
7354,1,12
7355,1,13
7357,1,14
7359,1,13
7360,1,14
7361,1,12
7364,1,13
7365,1,12
7366,1,13
7368,1,14
7369,1,12
7371,1,12
7372,1,12
7373,1,14
7375,1,13
7376,1,12
7377,1,13
7379,1,14
7381,1,10
7384,1,14
7385,1,12
7386,1,14
7388,1,12
7389,1,13
7393,1,14
7395,1,12
7396,1,13
7397,1,13
7398,1,13
7403,1,12
7405,1,12
7408,1,12
7409,1,13
7413,1,13
7416,1,14
7418,1,12
7419,1,13
7420,1,14
7421,1,14
7425,1,14
7426,1,14
7429,1,11
7430,1,10
7431,1,12
7432,1,14
7433,1,12
7434,1,12
7435,1,12
7438,1,13
7441,1,13
7442,1,12
7444,1,14
7445,1,13
7446,1,14
7448,1,12
7449,1,14
7450,1,14
7451,1,13
7452,1,14
7455,1,13
7457,1,13
7459,1,12
7460,1,13
7462,1,12
7464,1,12
7466,1,14
7467,1,12
7469,1,13
7470,1,14
7472,1,14
7474,1,14
7480,1,14
7482,1,12
7484,1,13
7485,1,12
7486,1,12
7487,1,12
7488,1,13
7489,1,12
7490,1,11
7491,1,13
7493,1,10
7496,1,12
7498,1,13
7500,1,12
7501,1,12
7503,1,12
7504,1,13
7506,1,14
7508,1,14
7512,1,14
7515,1,12
7516,1,14
7517,1,14
7519,1,13
7522,1,12
7525,1,12
7526,1,14
7528,1,12
7529,1,13
7530,1,12
7531,1,13
7533,1,12
7534,1,13
7535,1,12
7539,1,12
7541,1,12
7544,1,14
7546,1,13
7548,1,14
7551,1,13
7552,1,14
7553,1,11
7556,1,12
7557,1,14
7559,1,12
7561,1,12
7562,1,12
7563,1,14
7565,1,13
7567,1,13
7569,1,14
7571,1,12
7572,1,13
7573,1,14
7575,1,12
7578,1,14
7579,1,13
7580,1,14
7581,1,10
7582,1,12
7583,1,12
7585,1,13
7586,1,14
7587,1,13
7588,1,14
7589,1,12
7591,1,12
7593,1,12
7594,1,13
7596,1,13
7598,1,14
7599,1,12
7600,1,12
7601,1,12
7603,1,14
7604,1,11
7605,1,14
7606,1,12
7607,1,12
7609,1,14
7613,1,12
7615,1,12
7617,1,12
7618,1,12
7619,1,12
7620,1,12
7624,1,14
7625,1,13
7627,1,12
7628,1,12
7629,1,12
7630,1,12
7632,1,12
7634,1,14
7635,1,12
7636,1,12
7637,1,12
7638,1,13
7639,1,12
7641,1,12
7642,1,12
7644,1,14
7645,1,12
7646,1,12
7647,1,14
7650,1,12
7651,1,12
7652,1,12
7654,1,14
7655,1,14
7656,1,13
7657,1,13
7658,1,12
7659,1,13
7660,1,12
7662,1,13
7663,1,12
7665,1,13
7666,1,12
7668,1,12
7669,1,12
7671,1,14
7672,1,14
7673,1,14
7674,1,12
7675,1,13
7677,1,13
7678,1,12
7679,1,12
7680,1,12
7682,1,12
7683,1,12
7684,1,13
7685,1,12
7686,1,12
7687,1,12
7690,1,12
7693,1,14
7697,1,14
7699,1,12
7700,1,13
7701,1,14
7702,1,14
7703,1,12
7704,1,14
7705,1,14
7706,1,14
7707,1,14
7710,1,12
7711,1,13
7712,1,12
7713,1,12
7714,1,12
7715,1,14
7716,1,14
7717,1,14
7720,1,12
7721,1,12
7722,1,14
7723,1,12
7726,1,10
7727,1,12
7728,1,12
7730,1,12
7731,1,14
7732,1,12
7733,1,13
7734,1,13
7736,1,14
7737,1,13
7738,1,14
7740,1,12
7741,1,12
7743,1,13
7745,1,12
7746,1,13
7747,1,13
7748,1,14
7751,1,12
7752,1,12
7753,1,14
7754,1,12
7755,1,14
7756,1,13
7759,1,12
7760,1,12
7761,1,12
7762,1,12
7765,1,14
7766,1,12
7767,1,12
7768,1,14
7771,1,14
7774,1,12
7776,1,14
7777,1,14
7778,1,12
7779,1,13
7782,1,14
7783,1,14
7784,1,14
7788,1,14
7792,1,13
7793,1,12
7796,1,14
7798,1,14
7802,1,13
7805,1,12
7806,1,14
7808,1,12
7809,1,13
7811,1,12
7813,1,13
7815,1,12
7822,1,14
7823,1,12
7826,1,12
7827,1,14
7830,1,12
7831,1,14
7832,1,12
7833,1,12
7834,1,12
7835,1,12
7838,1,13
7839,1,12
7840,1,13
7842,1,14
7843,1,12
7844,1,14
7845,1,13
7846,1,12
7850,1,14
7851,1,12
7852,1,14
7853,1,14
7854,1,13
7857,1,14
7861,1,13
7862,1,12
7863,1,13
7864,1,13
7866,1,13
7868,1,14
7869,1,12
7871,1,14
7872,1,12
7874,1,10
7875,1,12
7876,1,13
7877,1,14
7878,1,12
7880,1,14
7881,1,12
7882,1,12
7883,1,14
7884,1,12
7885,1,13
7889,1,13
7893,1,13
7894,1,14
7895,1,13
7896,1,14
7897,1,12
7898,1,12
7899,1,13
7900,1,12
7902,1,14
7905,1,14
7907,1,13
7908,1,14
7910,1,12
7913,1,14
7915,1,14
7916,1,12
7917,1,13
7918,1,13
7919,1,13
7920,1,14
7921,1,12
7923,1,14
7924,1,14
7926,1,12
7927,1,12
7929,1,13
7930,1,14
7931,1,12
7933,1,12
7934,1,12
7935,1,13
7938,1,14
7939,1,13
7942,1,13
7943,1,14
7946,1,12
7947,1,13
7949,1,12
7951,1,12
7954,1,14
7955,1,12
7957,1,14
7958,1,12
7959,1,12
7960,1,14
7961,1,14
7962,1,12
7965,1,12
7966,1,12
7967,1,14
7968,1,12
7974,1,13
7975,1,12
7980,1,12
7981,1,14
7982,1,14
7983,1,14
7985,1,12
7986,1,14
7990,1,14
7991,1,12
7994,1,12
7995,1,12
8000,1,13
8002,1,13
8003,1,14
8004,1,14
8005,1,12
8008,1,14
8009,1,12
8010,1,12
8011,1,12
8014,1,13
8016,1,12
8018,1,12
8019,1,12
8020,1,13
8021,1,13
8022,1,14
8023,1,13
8024,1,12
8025,1,13
8030,1,12
8031,1,12
8032,1,12
8033,1,12
8038,1,12
8041,1,14
8042,1,12
8044,1,12
8045,1,12
8046,1,12
8049,1,13
8050,1,12
8052,1,14
8054,1,14
8055,1,13
8056,1,13
8060,1,12
8061,1,12
8062,1,12
8064,1,13
8065,1,12
8066,1,14
8067,1,14
8069,1,12
8071,1,14
8072,1,14
8074,1,13
8075,1,12
8076,1,14
8077,1,14
8078,1,12
8080,1,13
8082,1,12
8083,1,14
8084,1,12
8085,1,13
8086,1,12
8088,1,12
8089,1,14
8090,1,13
8091,1,12
8092,1,13
8093,1,12
8095,1,14
8097,1,12
8098,1,12
8099,1,13
8100,1,14
8101,1,14
8103,1,13
8104,1,12
8107,1,12
8109,1,14
8110,1,12
8112,1,12
8113,1,12
8114,1,13
8115,1,12
8116,1,13
8118,1,14
8119,1,13
8120,1,14
8123,1,12
8124,1,12
8126,1,13
8130,1,12
8131,1,12
8132,1,13
8134,1,13
8135,1,12
8136,1,12
8137,1,14
8140,1,14
8141,1,12
8142,1,9
8145,1,13
8146,1,12
8148,1,13
8149,1,13
8150,1,12
8151,1,14
8152,1,14
8153,1,14
8154,1,10
8155,1,14
8157,1,14
8159,1,10
8160,1,14
8161,1,14
8162,1,12
8163,1,13
8164,1,12
8165,1,12
8166,1,13
8167,1,12
8169,1,12
8170,1,13
8171,1,14
8172,1,14
8173,1,12
8174,1,10
8177,1,14
8180,1,14
8181,1,14
8182,1,13
8185,1,12
8188,1,13
8189,1,12
8190,1,13
8192,1,12
8193,1,10
8194,1,12
8196,1,13
8197,1,13
8199,1,13
8200,1,12
8202,1,13
8203,1,14
8204,1,14
8206,1,13
8210,1,14
8211,1,14
8213,1,14
8216,1,14
8217,1,13
8219,1,12
8220,1,13
8222,1,12
8223,1,14
8224,1,12
8225,1,14
8226,1,14
8227,1,14
8228,1,12
8230,1,12
8231,1,13
8232,1,12
8234,1,12
8235,1,10
8236,1,14
8237,1,14
8238,1,12
8239,1,12
8241,1,12
8243,1,12
8245,1,12
8246,1,13
8248,1,14
8249,1,12
8252,1,13
8253,1,12
8254,1,14
8255,1,12
8257,1,14
8260,1,14
8263,1,13
8265,1,12
8267,1,12
8268,1,14
8270,1,12
8271,1,14
8272,1,14
8273,1,12
8275,1,12
8276,1,13
8277,1,12
8278,1,12
8279,1,13
8282,1,13
8284,1,12
8285,1,13
8286,1,14
8287,1,13
8289,1,13
8291,1,12
8292,1,13
8296,1,14
8297,1,12
8298,1,12
8299,1,14
8300,1,12
8301,1,12
8302,1,13
8304,1,13
8305,1,12
8306,1,13
8307,1,12
8308,1,12
8309,1,13
8310,1,14
8311,1,12
8312,1,12
8313,1,12
8314,1,14
8315,1,12
8316,1,13
8317,1,14
8318,1,12
8319,1,14
8321,1,12
8322,1,13
8323,1,12
8324,1,13
8325,1,12
8326,1,13
8327,1,11
8330,1,12
8331,1,12
8332,1,12
8333,1,14
8335,1,14
8337,1,13
8338,1,12
8339,1,13
8340,1,13
8341,1,14
8342,1,12
8343,1,10
8344,1,10
8345,1,13
8346,1,14
8347,1,12
8349,1,13
8351,1,14
8354,1,14
8361,1,14
8362,1,10
8363,1,14
8366,1,13
8367,1,14
8370,1,12
8372,1,12
8373,1,14
8374,1,12
8375,1,12
8376,1,12
8377,1,14
8379,1,13
8383,1,14
8385,1,13
8386,1,13
8388,1,13
8389,1,12
8390,1,12
8391,1,13
8393,1,14
8394,1,12
8395,1,14
8397,1,13
8398,1,12
8400,1,14
8402,1,14
8403,1,14
8408,1,13
8409,1,13
8410,1,12
8412,1,11
8413,1,13
8414,1,14
8415,1,12
8418,1,12
8419,1,13
8420,1,13
8421,1,12
8423,1,12
8426,1,12
8428,1,12
8429,1,14
8430,1,7
8431,1,13
8432,1,10
8433,1,12
8434,1,13
8435,1,10
8436,1,12
8438,1,13
8439,1,12
8441,1,12
8444,1,14
8450,1,13
8454,1,13
8455,1,13
8456,1,14
8457,1,13
8461,1,13
8462,1,12
8464,1,12
8465,1,14
8466,1,14
8467,1,12
8468,1,12
8469,1,14
8471,1,12
8474,1,14
8475,1,12
8478,1,14
8479,1,14
8480,1,12
8482,1,12
8483,1,12
8484,1,10
8485,1,11
8488,1,13
8489,1,14
8492,1,13
8495,1,13
8496,1,12
8497,1,12
8499,1,12
8500,1,12
8501,1,13
8502,1,14
8503,1,14
8504,1,12
8506,1,14
8507,1,12
8508,1,12
8512,1,12
8513,1,14
8514,1,12
8516,1,13
8518,1,12
8520,1,12
8521,1,13
8522,1,12
8523,1,14
8524,1,13
8526,1,12
8528,1,13
8531,1,13
8535,1,14
8538,1,14
8539,1,13
8540,1,13
8541,1,14
8543,1,14
8544,1,10
8545,1,12
8546,1,13
8547,1,13
8548,1,13
8550,1,14
8551,1,12
8553,1,14
8555,1,9
8556,1,14
8557,1,12
8558,1,14
8559,1,12
8560,1,12
8561,1,12
8562,1,13
8563,1,12
8564,1,12
8566,1,14
8567,1,12
8569,1,14
8570,1,12
8571,1,12
8572,1,10
8573,1,14
8574,1,12
8575,1,13
8576,1,14
8577,1,13
8578,1,13
8579,1,14
8580,1,12
8581,1,12
8586,1,13
8587,1,12
8588,1,12
8589,1,14
8591,1,13
8592,1,12
8594,1,14
8595,1,12
8597,1,14
8599,1,13
8602,1,14
8603,1,13
8604,1,12
8605,1,14
8606,1,13
8607,1,13
8608,1,12
8609,1,14
8610,1,13
8611,1,12
8612,1,12
8613,1,12
8614,1,12
8615,1,14
8617,1,12
8618,1,12
8621,1,14
8623,1,12
8624,1,14
8625,1,13
8627,1,12
8628,1,12
8629,1,12
8630,1,14
8632,1,12
8633,1,14
8635,1,14
8636,1,13
8639,1,12
8640,1,13
8642,1,13
8643,1,14
8644,1,13
8645,1,13
8647,1,12
8649,1,12
8650,1,12
8651,1,14
8652,1,14
8653,1,12
8654,1,14
8655,1,14
8656,1,12
8657,1,13
8658,1,14
8659,1,14
8660,1,13
8663,1,11
8664,1,14
8665,1,12
8666,1,12
8667,1,13
8668,1,13
8669,1,14
8671,1,12
8672,1,14
8678,1,12
8679,1,14
8680,1,13
8681,1,12
8682,1,13
8683,1,13
8684,1,12
8685,1,13
8688,1,12
8689,1,13
8691,1,13
8692,1,12
8694,1,12
8700,1,14
8701,1,14
8702,1,12
8703,1,14
8704,1,12
8705,1,14
8706,1,12
8707,1,14
8708,1,14
8709,1,12
8710,1,14
8712,1,13
8713,1,14
8714,1,12
8719,1,14
8721,1,12
8723,1,13
8724,1,13
8725,1,14
8726,1,14
8727,1,12
8729,1,14
8730,1,14
8731,1,12
8732,1,12
8733,1,14
8737,1,14
8738,1,13
8740,1,14
8741,1,12
8743,1,13
8744,1,13
8745,1,12
8746,1,12
8748,1,13
8750,1,14
8758,1,14
8759,1,14
8760,1,14
8762,1,14
8763,1,13
8764,1,12
8766,1,12
8768,1,14
8769,1,12
8770,1,12
8777,1,14
8779,1,14
8782,1,14
8784,1,12
8787,1,13
8790,1,12
8791,1,12
8792,1,14
8793,1,13
8794,1,14
8795,1,14
8797,1,12
8798,1,12
8799,1,13
8800,1,14
8801,1,12
8802,1,12
8803,1,13
8804,1,13
8805,1,14
8806,1,12
8807,1,13
8808,1,13
8809,1,13
8811,1,13
8812,1,12
8813,1,12
8816,1,12
8817,1,14
8819,1,12
8820,1,13
8823,1,12
8824,1,13
8826,1,12
8827,1,13
8829,1,14
8832,1,12
8833,1,14
8834,1,12
8835,1,13
8836,1,13
8838,1,12
8839,1,12
8840,1,14
8842,1,14
8843,1,12
8845,1,12
8846,1,12
8847,1,14
8848,1,12
8850,1,12
8852,1,12
8854,1,12
8855,1,12
8856,1,13
8857,1,13
8860,1,14
8861,1,14
8862,1,13
8863,1,12
8864,1,12
8865,1,13
8867,1,14
8868,1,14
8871,1,13
8872,1,14
8873,1,12
8875,1,12
8876,1,12
8877,1,13
8878,1,14
8880,1,12
8881,1,12
8882,1,10
8883,1,14
8884,1,13
8886,1,12
8887,1,12
8889,1,14
8890,1,14
8891,1,14
8892,1,14
8895,1,14
8896,1,12
8897,1,14
8898,1,14
8899,1,13
8901,1,10
8903,1,12
8905,1,12
8906,1,12
8908,1,12
8910,1,12
8911,1,14
8912,1,13
8913,1,14
8916,1,12
8919,1,13
8920,1,12
8921,1,12
8922,1,14
8923,1,12
8924,1,12
8925,1,14
8930,1,12
8931,1,14
8933,1,12
8934,1,11
8935,1,14
8938,1,14
8939,1,12
8941,1,13
8942,1,12
8944,1,12
8946,1,12
8951,1,13
8952,1,13
8954,1,12
8955,1,12
8956,1,14
8959,1,14
8960,1,14
8966,1,14
8967,1,14
8970,1,12
8971,1,12
8973,1,13
8974,1,13
8975,1,14
8979,1,14
8980,1,13
8982,1,13
8983,1,12
8984,1,13
8986,1,6
8988,1,14
8989,1,14
8990,1,12
8992,1,13
8996,1,12
8998,1,12
8999,1,12
9000,1,12
9001,1,12
9003,1,14
9004,1,12
9005,1,12
9007,1,12
9008,1,13
9013,1,14
9017,1,14
9019,1,12
9022,1,14
9024,1,12
9025,1,12
9026,1,14
9028,1,13
9029,1,13
9030,1,13
9031,1,14
9032,1,14
9033,1,13
9034,1,13
9035,1,12
9036,1,12
9037,1,13
9038,1,13
9039,1,14
9040,1,13
9041,1,12
9042,1,12
9043,1,12
9044,1,12
9045,1,12
9047,1,14
9048,1,12
9050,1,12
9052,1,14
9053,1,12
9055,1,14
9057,1,13
9058,1,14
9060,1,6
9061,1,12
9062,1,12
9064,1,14
9066,1,14
9067,1,14
9068,1,12
9069,1,12
9070,1,12
9071,1,12
9072,1,12
9073,1,12
9074,1,11
9075,1,13
9077,1,14
9080,1,14
9081,1,14
9086,1,13
9087,1,12
9088,1,12
9089,1,12
9090,1,12
9092,1,14
9093,1,12
9094,1,13
9098,1,14
9100,1,12
9101,1,14
9103,1,14
9105,1,12
9108,1,13
9110,1,14
9112,1,13
9113,1,10
9114,1,14
9115,1,12
9117,1,12
9120,1,13
9121,1,14
9124,1,14
9125,1,13
9126,1,12
9127,1,14
9128,1,12
9129,1,12
9130,1,13
9132,1,12
9134,1,14
9137,1,12
9138,1,13
9140,1,14
9141,1,12
9143,1,10
9144,1,12
9145,1,12
9147,1,14
9148,1,10
9149,1,12
9151,1,13
9152,1,12
9155,1,14
9156,1,14
9157,1,13
9158,1,14
9159,1,12
9161,1,12
9162,1,14
9163,1,13
9164,1,12
9165,1,12
9166,1,12
9167,1,14
9168,1,12
9169,1,14
9170,1,12
9173,1,12
9175,1,13
9177,1,12
9181,1,14
9182,1,12
9183,1,10
9184,1,6
9185,1,10
9188,1,12
9189,1,12
9191,1,12
9192,1,14
9194,1,14
9196,1,14
9197,1,14
9202,1,13
9203,1,13
9204,1,14
9205,1,14
9206,1,14
9207,1,12
9208,1,14
9209,1,10
9212,1,13
9214,1,14
9216,1,13
9218,1,13
9219,1,13
9220,1,12
9221,1,12
9228,1,12
9230,1,14
9232,1,12
9233,1,14
9234,1,14
9236,1,12
9239,1,14
9240,1,13
9242,1,12
9243,1,14
9244,1,14
9247,1,12
9248,1,12
9249,1,12
9250,1,12
9251,1,13
9253,1,13
9256,1,12
9258,1,13
9259,1,13
9260,1,13
9261,1,14
9262,1,14
9263,1,13
9265,1,13
9266,1,13
9268,1,12
9269,1,14
9271,1,12
9272,1,12
9273,1,14
9274,1,12
9276,1,14
9278,1,12
9279,1,13
9280,1,13
9281,1,12
9282,1,12
9283,1,13
9284,1,14
9285,1,11
9287,1,12
9288,1,13
9289,1,13
9293,1,14
9294,1,12
9295,1,12
9297,1,12
9298,1,14
9299,1,12
9300,1,13
9302,1,14
9304,1,13
9305,1,14
9306,1,12
9308,1,14
9311,1,12
9312,1,14
9314,1,14
9315,1,13
9316,1,12
9320,1,12
9321,1,12
9324,1,14
9325,1,12
9326,1,12
9327,1,12
9328,1,14
9331,1,13
9334,1,13
9336,1,12
9338,1,12
9341,1,14
9343,1,12
9344,1,13
9346,1,14
9347,1,12
9350,1,14
9352,1,12
9353,1,13
9354,1,14
9355,1,13
9357,1,13
9358,1,14
9360,1,12
9362,1,12
9363,1,12
9365,1,12
9366,1,12
9369,1,12
9370,1,13
9371,1,12
9372,1,12
9373,1,14
9375,1,14
9376,1,14
9377,1,14
9378,1,12
9379,1,13
9380,1,12
9381,1,12
9382,1,10
9385,1,12
9386,1,12
9387,1,12
9389,1,12
9391,1,12
9392,1,13
9395,1,12
9398,1,13
9400,1,14
9403,1,14
9404,1,12
9406,1,14
9410,1,14
9411,1,13
9412,1,12
9413,1,14
9414,1,12
9416,1,13
9417,1,12
9420,1,13
9421,1,14
9422,1,14
9425,1,12
9428,1,14
9429,1,12
9430,1,12
9431,1,12
9433,1,12
9434,1,14
9436,1,12
9437,1,12
9438,1,12
9440,1,14
9443,1,14
9446,1,14
9447,1,12
9451,1,12
9452,1,14
9454,1,14
9455,1,12
9456,1,14
9459,1,13
9460,1,13
9461,1,13
9462,1,14
9463,1,12
9465,1,13
9468,1,12
9469,1,12
9473,1,12
9474,1,13
9475,1,14
9478,1,14
9479,1,14
9480,1,12
9481,1,14
9482,1,12
9484,1,13
9485,1,12
9487,1,12
9489,1,12
9490,1,12
9491,1,12
9494,1,13
9495,1,13
9496,1,12
9497,1,13
9500,1,12
9502,1,14
9503,1,12
9504,1,14
9505,1,13
9506,1,14
9507,1,10
9508,1,12
9510,1,13
9512,1,14
9513,1,12
9514,1,13
9517,1,12
9518,1,13
9519,1,12
9520,1,13
9521,1,12
9522,1,12
9523,1,12
9524,1,14
9526,1,12
9532,1,13
9534,1,13
9535,1,12
9536,1,12
9537,1,12
9538,1,13
9540,1,13
9544,1,12
9545,1,14
9546,1,14
9547,1,14
9548,1,12
9549,1,12
9552,1,12
9553,1,14
9554,1,12
9556,1,13
9557,1,10
9559,1,13
9560,1,13
9561,1,13
9562,1,12
9563,1,12
9564,1,13
9565,1,14
9566,1,13
9568,1,12
9570,1,12
9572,1,14
9575,1,13
9576,1,12
9580,1,12
9583,1,12
9584,1,14
9585,1,14
9587,1,13
9589,1,12
9591,1,14
9592,1,12
9594,1,12
9595,1,13
9597,1,14
9598,1,14
9599,1,12
9600,1,13
9602,1,12
9604,1,14
9607,1,14
9609,1,12
9611,1,14
9613,1,14
9614,1,13
9616,1,12
9617,1,13
9618,1,12
9619,1,13
9620,1,14
9622,1,13
9623,1,12
9624,1,12
9625,1,9
9626,1,12
9627,1,12
9629,1,14
9632,1,14
9633,1,13
9635,1,14
9636,1,14
9637,1,12
9638,1,14
9640,1,14
9641,1,14
9642,1,13
9644,1,14
9645,1,12
9646,1,13
9648,1,13
9649,1,14
9650,1,14
9651,1,9
9652,1,12
9653,1,14
9658,1,14
9660,1,13
9661,1,14
9663,1,13
9666,1,12
9667,1,13
9669,1,13
9671,1,12
9672,1,12
9675,1,13
9677,1,13
9678,1,12
9679,1,12
9680,1,12
9681,1,14
9684,1,14
9685,1,13
9689,1,12
9690,1,12
9691,1,12
9692,1,14
9693,1,13
9694,1,12
9696,1,12
9697,1,13
9698,1,14
9699,1,14
9700,1,13
9701,1,14
9702,1,14
9703,1,13
9704,1,12
9707,1,12
9708,1,13
9710,1,12
9711,1,12
9712,1,12
9714,1,14
9715,1,14
9718,1,13
9722,1,12
9724,1,13
9725,1,12
9733,1,14
9735,1,13
9736,1,12
9737,1,13
9739,1,13
9740,1,14
9741,1,14
9743,1,12
9745,1,13
9747,1,12
9748,1,14
9749,1,12
9750,1,14
9751,1,11
9753,1,14
9754,1,14
9755,1,12
9757,1,13
9758,1,12
9759,1,13
9760,1,14
9761,1,14
9763,1,14
9766,1,13
9767,1,13
9769,1,12
9771,1,14
9775,1,12
9776,1,14
9777,1,12
9778,1,14
9780,1,12
9781,1,12
9782,1,13
9784,1,12
9785,1,11
9787,1,12
9788,1,13
9789,1,12
9792,1,13
9793,1,14
9794,1,14
9796,1,13
9797,1,12
9798,1,13
9799,1,14
9803,1,13
9804,1,14
9805,1,12
9807,1,14
9808,1,14
9809,1,13
9811,1,14
9812,1,14
9813,1,12
9817,1,13
9818,1,12
9823,1,14
9824,1,14
9826,1,13
9827,1,12
9829,1,12
9831,1,11
9832,1,13
9833,1,14
9836,1,12
9837,1,12
9838,1,13
9839,1,14
9840,1,12
9841,1,14
9842,1,13
9843,1,14
9846,1,14
9847,1,12
9849,1,14
9850,1,14
9851,1,12
9852,1,12
9853,1,12
9855,1,14
9856,1,13
9857,1,12
9859,1,14
9860,1,13
9862,1,14
9863,1,12
9866,1,12
9867,1,12
9868,1,14
9869,1,12
9870,1,14
9871,1,12
9874,1,13
9875,1,13
9877,1,13
9881,1,12
9885,1,13
9886,1,13
9887,1,13
9888,1,14
9889,1,10
9890,1,14
9891,1,14
9892,1,13
9893,1,12
9894,1,13
9897,1,14
9899,1,13
9901,1,13
9903,1,14
9904,1,13
9906,1,14
9909,1,12
9911,1,14
9912,1,12
9917,1,14
9918,1,12
9919,1,14
9920,1,13
9923,1,14
9924,1,11
9926,1,12
9929,1,14
9930,1,14
9931,1,12
9933,1,12
9939,1,12
9941,1,12
9942,1,13
9943,1,12
9944,1,12
9945,1,14
9946,1,14
9947,1,14
9948,1,12
9949,1,12
9950,1,14
9951,1,12
9952,1,14
9953,1,14
9954,1,12
9956,1,13
9957,1,14
9958,1,13
9959,1,14
9960,1,12
9962,1,12
9964,1,10
9965,1,13
9966,1,12
9967,1,11
9968,1,12
9969,1,12
9970,1,14
9971,1,12
9972,1,10
9973,1,12
9974,1,14
9977,1,12
9978,1,12
9979,1,14
9980,1,12
9981,1,12
9982,1,12
9983,1,13
9984,1,13
9985,1,13
9986,1,14
9987,1,12
9988,1,14
9989,1,14
9991,1,14
9992,1,12
9993,1,13
9996,1,12
9997,1,14
9999,1,13
10000,1,13